序号,来源,类型,效力层级,标题,发布机关,文号,发布日期,施行日期,时效性/现行版本,适用范围,是否已入库,文件路径,来源URL,备注
1,law精选,法规,法律,中华人民共和国民用航空法,全国人大常委会,主席令第44号(2025修订),2025-12-27,2026-07-01,现行有效(2026版),民用航空全领域；2026版首次纳入无人驾驶航空器/低空经济专门条款(第34条适航许可、第61条机场管制空域等),是,law/01_法律/中华人民共和国民用航空法.html,https://www.caac.gov.cn/,★核心上位法；须用2026-07-01新版，非2021修正版
2,law精选,法规,法律,中华人民共和国刑法,全国人大及常委会,主席令(1997修订，含修正案十二),1997-03-14,1997-10-01,现行有效,黑飞危害公共安全、非法测绘、非法获取国家秘密、扰乱单位秩序等的刑事责任,否,law/01_法律/中华人民共和国刑法.pdf,https://www.gov.cn/,按相关罪名条款抽取即可，无需全文入库
3,law精选,法规,法律,中华人民共和国治安管理处罚法,全国人大常委会,主席令(2025修订),2025-06-27,2026-01-01,现行有效(2026版),违规飞行/黑飞扰序、扰乱公共场所秩序、妨害公共安全的行政处罚,是,law/01_法律/中华人民共和国治安管理处罚法.html,https://www.gov.cn/,2026-01-01施行新版；无人机黑飞常用行政处罚依据
4,law精选,法规,法律,中华人民共和国个人信息保护法,全国人大常委会,主席令第91号,2021-08-20,2021-11-01,现行有效,无人机航拍/巡检采集人脸、车牌等个人信息的合规,是,law/01_法律/中华人民共和国个人信息保护法.html,https://www.gov.cn/,
5,law精选,法规,法律,中华人民共和国数据安全法,全国人大常委会,主席令第84号,2021-06-10,2021-09-01,现行有效,无人机采集/传输测绘、遥感等数据的安全管理,是,law/01_法律/中华人民共和国数据安全法.html,https://www.gov.cn/,
6,law精选,法规,法律,中华人民共和国网络安全法,全国人大常委会,主席令第53号(2016),2016-11-07,2017-06-01,"现行有效(注:2025修正,2026-01-01施行,待核)",无人机联网系统(UOM/云系统)网络与数据安全,是,law/01_法律/中华人民共和国网络安全法.html,https://www.gov.cn/,
7,law精选,法规,法律,中华人民共和国反恐怖主义法,全国人大常委会,主席令第36号(2018修正),2015-12-27,2016-01-01,现行有效,重点目标/大型活动上空无人机反恐管制,是,law/01_法律/中华人民共和国反恐怖主义法.html,https://www.gov.cn/,
8,law精选,法规,法律,中华人民共和国国家安全法,全国人大常委会,主席令第29号,2015-07-01,2015-07-01,现行有效,涉国家安全的低空管控总则性依据,是,law/01_法律/中华人民共和国国家安全法.html,https://www.gov.cn/,
9,law精选,法规,法律,中华人民共和国测绘法,全国人大常委会,主席令第67号(2017修订),2017-04-27,2017-07-01,现行有效,无人机航空摄影测量的测绘资质与成果管理,是,law/01_法律/中华人民共和国测绘法.html,https://www.gov.cn/,
10,law精选,法规,法律,中华人民共和国突发事件应对法,全国人大常委会,主席令(2024修订),2024-06-28,2024-11-01,现行有效(2024版),应急救援/灾害监测无人机的应急征用与协同,是,law/01_法律/中华人民共和国突发事件应对法.html,https://www.gov.cn/,
11,law精选,法规,法律,中华人民共和国民法典·第七编 侵权责任,全国人大,主席令第45号,2020-05-28,2021-01-01,现行有效,无人机坠落致人损害、高度危险作业责任、隐私侵权,是,law/01_法律/中华人民共和国民法典-第七编侵权责任.html,https://www.gov.cn/,
12,law精选,法规,行政法规,无人驾驶航空器飞行管理暂行条例,国务院、中央军委,国务院令、中央军委令第761号,2023-05-31,2024-01-01,现行有效,★民用无人机分类(微/轻/小/中/大型)、实名登记、空域、飞行活动、法律责任的核心行政法规,是,law/02_行政法规/无人驾驶航空器飞行管理暂行条例.html,https://www.mee.gov.cn/zcwj/gwywj/202307/t20230706_1035450.shtml,★全案地基
13,law精选,法规,行政法规,通用航空飞行管制条例,国务院、中央军委,国务院令、中央军委令第371号,2003-01-10,2003-05-01,现行有效,通用航空(含无人机)飞行计划申请、空域使用、飞行管制,否,law/02_行政法规/通用航空飞行管制条例.html,https://www.gov.cn/,
14,law精选,法规,行政法规,中华人民共和国飞行基本规则,国务院、中央军委,国务院、中央军委令(2007修订),2000-07-24,2001-08-01,现行有效,国家空域划分与飞行的基本规则(上位空域规则),是,law/02_行政法规/中华人民共和国飞行基本规则.html,https://www.gov.cn/,
15,law精选,法规,行政法规,中华人民共和国无线电管理条例,国务院、中央军委,国务院、中央军委令第672号,2016-11-11,2016-12-01,现行有效,无人机测控/图传/导航频率与无线电台(站)管理,否,law/02_行政法规/中华人民共和国无线电管理条例.html,https://www.gov.cn/,
16,law精选,法规,行政法规,民用机场管理条例,国务院,国务院令第553号(2019修订),2009-04-13,2009-07-01,现行有效,民用机场净空保护区，禁止无人机干扰航空器起降,否,law/02_行政法规/民用机场管理条例.html,https://www.gov.cn/,
17,law精选,法规,行政法规,中华人民共和国民用航空器国籍登记条例,国务院,国务院令第188号,1997-10-21,1997-10-21,现行有效,民用航空器国籍登记(适航/登记制度参照),是,law/02_行政法规/中华人民共和国民用航空器国籍登记条例.html,https://www.gov.cn/,
18,law精选,法规,行政法规,中华人民共和国测绘成果管理条例,国务院,国务院令第469号,2006-05-27,2006-09-01,现行有效,无人机航测成果的汇交、保管与涉密管理,否,law/02_行政法规/中华人民共和国测绘成果管理条例.html,https://www.gov.cn/,
19,law精选,法规,行政法规,外国民用航空器飞行管理规则,国务院、中央军委,国务院、中央军委,1979-02-23,1979-02-23,现行有效,外国民用航空器入境飞行(边缘相关),是,law/02_行政法规/外国民用航空器飞行管理规则.html,https://www.gov.cn/,
20,law精选,法规,部门规章,民用无人驾驶航空器运行安全管理规则(CCAR-92),交通运输部/中国民航局,交通运输部令2024年第1号,2024-01-04,2024-01-01,现行有效,★开放类/特定类/审定类无人机运行安全；操控员、运营、适航衔接,是,law/03_部门规章/CCAR-92_民用无人驾驶航空器运行安全管理规则.pdf,https://www.caac.gov.cn/,★核心运行规章
21,law精选,法规,部门规章,一般运行和飞行规则(CCAR-91-R4),中国民航局,交通运输部令(CCAR-91 R4),2021-11-08,2022-01-01,现行有效,民用航空器一般运行与飞行规则(通航/无人机部分条款参照),否,law/03_部门规章/CCAR-91-R4_一般运行和飞行规则.pdf,https://www.caac.gov.cn/,
22,law精选,法规,规范性文件,民用无人驾驶航空器经营性飞行活动管理办法(暂行),中国民航局运输司,MD-TR-2018-01,2018-05-28,2018-06-01,现行有效,无人机经营许可证的申请、条件与监督管理,是,law/04_规范性文件/MD-TR-2018-01_民用无人驾驶航空器经营性飞行活动管理办法(暂行).pdf,https://www.caac.gov.cn/,
23,law精选,法规,规范性文件,轻小无人机运行规定(试行)(AC-91-FS-2015-31),中国民航局飞标司,AC-91-FS-2015-31,2015-12-29,2015-12-29,现行有效(部分被CCAR-92吸收),轻小型无人机分类(I-XI类)运行要求、云系统接入,是,law/04_规范性文件/AC-91-FS-2015-31_轻小无人机运行规定(试行).pdf,https://www.caac.gov.cn/,
24,law精选,法规,规范性文件,民用无人驾驶航空器操控员管理规定(AC-61-FS-020R3),中国民航局飞标司,AC-61-FS-020R3,2024,2024,现行有效,无人机操控员执照/等级、训练与考试(替代原驾驶员管理规定),否,law/04_规范性文件/AC-61-FS-020R3_民用无人驾驶航空器操控员管理规定.pdf,https://www.caac.gov.cn/,
25,law精选,法规,规范性文件,民用无人驾驶航空器系统空中交通管理办法(MD-TM-2016-004),中国民航局空管办,MD-TM-2016-004,2016-09-21,2016-09-21,现行有效,无人机系统空中交通服务与空域协调,否,law/04_规范性文件/MD-TM-2016-004_民用无人驾驶航空器系统空中交通管理办法.pdf,https://www.caac.gov.cn/,
26,law精选,法规,规范性文件,民用无人驾驶航空器系统适航审定管理程序(AP-21-AA-2022-71),中国民航局适航司,AP-21-AA-2022-71,2022,2022,现行有效,无人机系统适航审定(型号合格审定)程序,否,law/04_规范性文件/AP-21-AA-2022-71_民用无人驾驶航空器系统适航审定管理程序.pdf,https://www.caac.gov.cn/,
27,law精选,法规,规范性文件,民用无人驾驶航空器实名制登记管理规定(AP-45-AA-2017-03),中国民航局,AP-45-AA-2017-03,2017-05-16,2017-06-01,已废止/被取代,250g以上无人机实名登记(旧制),否,law/04_规范性文件/AP-45-AA-2017-03_民用无人驾驶航空器实名制登记管理规定.pdf,https://www.caac.gov.cn/,⚠已被 GB 46761-2025《实名登记和激活要求》(2026-05-01施行)取代，仅作历史/对比语料
28,law精选,法规,规范性文件,D类(限用类)无人驾驶航空器系统失效状态(AC-21-AA-2022-40),中国民航局适航司,AC-21-AA-2022-40,2022,2022,现行有效,D类限用类无人机系统失效状态与安全性分析,否,law/04_规范性文件/AC-21-AA-2022-40_D类限用类无人驾驶航空器系统失效状态.pdf,https://www.caac.gov.cn/,
29,law精选,法规,规范性文件,限用类无人驾驶航空器系统适航标准(AC-21-AA-2026-44),中国民航局适航司,AC-21-AA-2026-44,2026-02-12,2026-02-12,现行有效,中型及最大起飞重量<3180kg大型限用类无人机型号合格审定适航要求,否,law/04_规范性文件/AC-21-AA-2026-44_限用类无人驾驶航空器系统适航标准.pdf,http://www.caac.gov.cn/XXGK/XXGK/GFXWJ/202602/P020260226338705668572.pdf,
30,law精选,法规,规范性文件,正常类多旋翼无人驾驶航空器系统(不载人)适航标准(AC-21-AA-2026-46),中国民航局适航司,AC-21-AA-2026-46(民航适函〔2026〕26号),2026-04-03,2026-04-03,现行有效,进入融合空域或人口密集区上方飞行、不载人的正常类多旋翼无人机适航要求,否,law/04_规范性文件/AC-21-AA-2026-46_正常类多旋翼无人驾驶航空器系统适航标准.pdf,https://www.caac.gov.cn/,
31,law精选,法规,规范性文件,正常类动力提升无人驾驶航空器系统(不载人)适航标准(AC-21-AA-2026-47),中国民航局适航司,AC-21-AA-2026-47,2026,2026,现行有效,正常类动力提升(不载人)无人机适航要求,否,law/04_规范性文件/AC-21-AA-2026-47_正常类动力提升无人驾驶航空器系统适航标准.pdf,https://www.caac.gov.cn/,
32,law精选,法规,规范性文件,中型民用无人驾驶航空器系统适航标准及符合性指导材料(试行)(AC-92-AA-2024-02),中国民航局适航司,AC-92-AA-2024-02,2024,2024,"现行有效(注:或被AC-21-AA-2026-44替代,待核)",中型无人机系统适航标准(试行),否,law/04_规范性文件/AC-92-AA-2024-02_中型民用无人驾驶航空器系统适航标准及符合性指导材料(试行).pdf,https://www.caac.gov.cn/,⚠2026限用类适航标准生效后其中型部分可能废止，复核时效
33,law精选,法规,规范性文件,民用无人驾驶航空器运行控制系统要求(AC-92-FS-002),中国民航局飞标司,AC-92-FS-002,2024,2024,现行有效,无人机运行控制系统技术与管理要求,否,law/04_规范性文件/AC-92-FS-002_民用无人驾驶航空器运行控制系统要求.pdf,https://www.caac.gov.cn/,
34,law精选,法规,规范性文件,无人驾驶航空器系统信息通告(IB-TM-2022-05),中国民航局空管办,IB-TM-2022-05,2022,2022,现行有效,无人机系统运行相关信息通告,否,law/04_规范性文件/IB-TM-2022-05_无人驾驶航空器系统信息通告.pdf,https://www.caac.gov.cn/,
35,law精选,法规,标准,民用无人驾驶航空器系统运行识别规范(GB 46750-2025),市场监管总局(标准委)/民航局,GB 46750-2025,2025-10-31,2026-05-01,现行有效(强制性国标),★无人机运行全过程主动报送身份/位置/速度识别信息(广播式+网络式)技术要求,否,law/05_标准/GB 46750-2025 民用无人驾驶航空器系统运行识别规范.pdf,https://www.caac.gov.cn/,
36,law精选,法规,标准,民用无人驾驶航空器实名登记和激活要求(GB 46761-2025),市场监管总局(标准委)/民航局,GB 46761-2025,2025-10-31,2026-05-01,现行有效(强制性国标),★250g以上无人机实名登记+一机一码强制激活(替代2017实名制规定),否,law/05_标准/GB 46761-2025 民用无人驾驶航空器实名登记和激活要求.pdf,https://www.caac.gov.cn/,⚠官方PDF逐字空格/多栏，自动抽取碎片严重，待Word版或人工整理后入库
37,law精选,法规,标准,民用无人驾驶航空器系统安全要求(GB 42590-2023),市场监管总局(标准委)/工信部提出归口,GB 42590-2023,2023-05-23,2024-06-01(主要条款提前至2024-01-01),现行有效(强制性国标·首项),★除航模外微/轻/小型无人机的研制/生产/交付/使用；规定电子围栏、远程识别、应急处置、感知避让等17项强制技术要求及试验方法；761号条例核心配套支撑标准,是,law/05_标准/GB 42590-2023 民用无人驾驶航空器系统安全要求.pdf,https://openstd.samr.gov.cn/bzgk/gb/newGbInfo?hcno=0DC41035BA23EF2C5B94E6482492AF1E,"2026-08-04 OCR入库(rapidocr-onnxruntime,38页扫描件无文字层→31条chunk：第3章术语定义(微/轻/小型法定阈值)+第4章17项安全要求4.1~4.17)；第5章试验方法表格密集、检测操作细节，未逐条入库"
38,law精选,法规,标准,民用微轻小型无人驾驶航空器运行识别最低性能要求(试行)(IB-TM-2024-01),中国民航局空管办,IB-TM-2024-01,2024,2024,现行有效,微/轻/小型无人机运行识别最低性能(信息通告),否,law/05_标准/IB-TM-2024-01 民用微轻小型无人驾驶航空器运行识别最低性能要求(试行) 信息通告.pdf,https://www.caac.gov.cn/,与 05_标准/民用微轻小型…(试行).pdf 内容同源，注意去重
39,law精选,法规,标准,无人机围栏(MH-T 2008-2017),中国民航局,MH/T 2008-2017,2017,2017,现行有效(民航行业标准),电子围栏技术要求,否,law/05_标准/MH-T 2008-2017 无人机围栏.pdf,https://www.caac.gov.cn/,
40,law精选,法规,标准,无人机云系统接口数据规范(MH-T 2009-2017),中国民航局,MH/T 2009-2017,2017,2017,现行有效(民航行业标准),无人机云系统接口数据,是,law/05_标准/MH-T 2009-2017 无人机云系统接口数据规范.pdf,https://www.caac.gov.cn/,
41,law精选,法规,标准,无人机云系统数据规范(MH-T 2011-2019),中国民航局,MH/T 2011-2019,2019,2019,现行有效(民航行业标准),无人机云系统数据,是,law/05_标准/MH-T 2011-2019 无人机云系统数据规范.pdf,https://www.caac.gov.cn/,
42,law精选,法规,标准,民用无人驾驶航空器系统分布式操控员能力要求与评估(MH-T 2018-2026),中国民航局,MH/T 2018-2026,2026,2026,现行有效(民航行业标准),分布式操控员能力与评估,否,law/05_标准/MH-T 2018-2026 民用无人驾驶航空器系统分布式操控员能力要求与评估.pdf,https://www.caac.gov.cn/,
43,law精选,法规,标准,大型民用无人驾驶航空器系统操控员训练要求(MH-T 2019-2026),中国民航局,MH/T 2019-2026,2026,2026,现行有效(民航行业标准),大型无人机操控员训练,否,law/05_标准/MH-T 2019-2026 大型民用无人驾驶航空器系统操控员训练要求.pdf,https://www.caac.gov.cn/,
44,law精选,法规,标准,民用无人驾驶航空器空域信息数字化技术要求 第1部分:编码及使用(MH-T 4063.1-2026),中国民航局,MH/T 4063.1-2026,2026,2026,现行有效(民航行业标准),低空空域信息数字化编码,否,law/05_标准/MH-T 4063.1-2026 民用无人驾驶航空器空域信息数字化技术要求 第1部分 编码及使用.pdf,https://www.caac.gov.cn/,
45,law精选,法规,标准,民用无人驾驶航空器航行服务系统数据安全技术要求(MH-T 4064-2026),中国民航局,MH/T 4064-2026,2026,2026,现行有效(民航行业标准),航行服务系统数据安全,否,law/05_标准/MH-T 4064-2026 民用无人驾驶航空器航行服务系统数据安全技术要求.pdf,https://www.caac.gov.cn/,
46,law精选,法规,标准,民用无人驾驶航空器降落伞系统规范(MH-T 6140-2026),中国民航局,MH/T 6140-2026,2026,2026,现行有效(民航行业标准),无人机降落伞系统,否,law/05_标准/MH-T 6140-2026 民用无人驾驶航空器降落伞系统规范.pdf,https://www.caac.gov.cn/,
47,law精选,法规,地方性法规/地方规章,深圳经济特区低空经济产业促进条例,深圳市人民代表大会常务委员会,深圳市第七届人民代表大会常务委员会公告,2024-01-03,2024-02-01,有效 / 地方性法规,地方低空经济产业促进/飞行服务保障,是,law/06_地方性法规/深圳市深圳经济特区低空经济产业促进条例.html,https://sqzc.gd.gov.cn/rdzt/wlcy/zcsd/content/post_4366262.html,种子；全国首部低空经济专项立法（广东省政策库同文源，深圳人大站证书兼容问题）
48,law精选,法规,地方性法规/地方规章,苏州市低空经济促进条例,苏州市人民代表大会常务委员会,苏州市人民代表大会常务委员会公告,2025-08-06,2025-10-01,有效 / 地方性法规,地方低空经济产业促进/飞行服务保障,是,law/06_地方性法规/苏州市苏州市低空经济促进条例.html,https://www.suzhou.gov.cn/szsrmzf/gbdfxfg/202509/69b369ede5ea4961915f726223faddb5.shtml,种子
49,law精选,法规,地方性法规/地方规章,无锡市低空经济发展促进条例,无锡市人民代表大会常务委员会,无锡市人民代表大会常务委员会公告,2025-08,2025-10-01,有效 / 地方性法规,地方低空经济产业促进/飞行服务保障,否,law/06_地方性法规/无锡市无锡市低空经济发展促进条例.html,https://www.wuxi.gov.cn/doc/2025/08/11/4627089.shtml,2025-06-27 无锡市人大常委会通过，2025-07-30 江苏省人大常委会批准
50,law精选,法规,地方性法规/地方规章,广州市低空经济发展条例,广州市人民代表大会常务委员会,广州市第十六届人民代表大会常务委员会公告,2025-01-21,2025-02-28,有效 / 地方性法规,地方低空经济产业促进/飞行服务保障,否,law/06_地方性法规/广州市广州市低空经济发展条例.html,https://www.rd.gz.cn/xwdt/content/post_257581.html,2024-11-29 市人大常委会通过，2025-01-12 广东省人大常委会批准
51,law精选,法规,地方性法规/地方规章,珠海经济特区低空交通建设管理条例,珠海市人民代表大会常务委员会,珠海市人民代表大会常务委员会〔十届〕第四十五号,2024-11-21,2025-01-01,有效 / 地方性法规,地方低空经济产业促进/飞行服务保障,否,law/06_地方性法规/珠海市珠海经济特区低空交通建设管理条例.html,https://www.hengqin.gov.cn/lab/flfg/zhdffg/content/post_3734944.html,经济特区所在市地方性法规；含横琴粤澳深度合作区特别规定
52,law精选,法规,地方性法规/地方规章,济南市低空经济发展促进办法,济南市人民政府,济南市人民政府令,2026,2026,有效 / 地方政府规章,地方低空经济产业促进/飞行服务保障,否,law/06_地方性法规/济南市济南市低空经济发展促进办法.html,https://www.moj.gov.cn/pub/sfbgw/flfggz/flfggzdfzwgz/202605/t20260513_534843.html,地方政府规章（管理办法），司法部地方政府规章库
53,law精选,法规,地方性法规/地方规章,芜湖市低空经济健康发展促进办法,芜湖市人民政府,芜湖市人民政府令第75号,2026-01-27,2026-03-01,有效 / 地方政府规章,地方低空经济产业促进/飞行服务保障,否,law/06_地方性法规/芜湖市芜湖市低空经济健康发展促进办法.html,https://www.wuhu.gov.cn/openness/public/6596211/40511251.html,地方政府规章（管理办法）；安徽省首部低空经济领域地方立法
54,law精选,法规,地方性法规/地方规章,南京市低空飞行服务保障办法(试行),南京市人民政府,南京市人民政府,2024-11-22,2025-01-01,有效 / 地方政府规章,地方低空经济产业促进/飞行服务保障,否,law/06_地方性法规/南京市南京市低空飞行服务保障办法(试行).html,https://www.nanjing.gov.cn/xxgkn/szgfxwj/202412/t20241203_5024696.html,行政规范性文件（试行，试行期两年）；低空飞行服务保障办法
55,law精选,法规,解读与案例,国家空中交通管理委员会办公室负责人就《无人驾驶航空器飞行管理暂行条例》答记者问,司法部/国家空管委办公室,,2023-06-29,,解读,关联:无人驾驶航空器飞行管理暂行条例,是,law/07_解读与案例/空管委办公室负责人就无人驾驶航空器飞行管理暂行条例答记者问.html,https://www.moj.gov.cn/pub/sfbgwapp/zwgk/jdhyApp/202306/t20230629_481610.html,
56,law精选,法规,解读与案例,《无人驾驶航空器飞行管理暂行条例》政策解读（司法部）,司法部,,2023-06-29,,解读,关联:无人驾驶航空器飞行管理暂行条例,是,law/07_解读与案例/司法部_无人驾驶航空器飞行管理暂行条例政策解读.html,https://www.moj.gov.cn/pub/sfbgw/zcjd/202306/t20230629_481601.html,
57,law精选,法规,解读与案例,专家解读：完善配套措施确保法规落实（《无人驾驶航空器飞行管理暂行条例》）,司法部,,2023-06-29,,解读,关联:无人驾驶航空器飞行管理暂行条例,否,law/07_解读与案例/专家解读_完善配套措施确保法规落实.html,https://www.moj.gov.cn/pub/sfbgwapp/zwgk/jdhyApp/202306/t20230629_481607.html,
58,law精选,法规,解读与案例,《无人驾驶航空器飞行管理暂行条例》解读（司法部信息公开·解读回应）,司法部,,2023-06-29,,解读,关联:无人驾驶航空器飞行管理暂行条例,是,law/07_解读与案例/司法部信息公开_无人驾驶航空器飞行管理暂行条例解读.html,https://www.moj.gov.cn/pub/sfbgw/zwxxgk/fdzdgknr/fdzdgknrjdhy/202306/t20230629_481604.html,
59,law精选,法规,解读与案例,民航局召开视频会议宣贯《民用无人驾驶航空器运行安全管理规则》(CCAR-92部),中国民航局,,2024-03-28,,解读,关联:CCAR-92 民用无人驾驶航空器运行安全管理规则,是,law/07_解读与案例/民航局宣贯CCAR-92运行安全管理规则.html,http://www.caacnews.com.cn/special/2024NZT/8024/20191xgbd/202403/t20240328_1376927.html,
60,law精选,法规,解读与案例,解读 | 《民用无人驾驶航空器经营性飞行活动管理办法（暂行）》,中国民航局,,2018-04-09,,解读,关联:民用无人驾驶航空器经营性飞行活动管理办法(暂行),是,law/07_解读与案例/解读_民用无人驾驶航空器经营性飞行活动管理办法.html,http://www.caac.gov.cn/XXGK/XXGK/ZCJD/201804/t20180409_56264.html,
61,law精选,法规,解读与案例,解读丨强制性国家标准《民用无人驾驶航空器实名登记和激活要求》(GB 46761-2025),中国民航局,,2026-04-21,,解读,关联:GB 46761-2025 民用无人驾驶航空器实名登记和激活要求,否,law/07_解读与案例/解读_民用无人驾驶航空器实名登记和激活要求GB46761.html,http://www.caac.gov.cn/XXGK/XXGK/ZCFBJD/202604/t20260421_230620.html,
62,law精选,法规,解读与案例,强制性国家标准《民用无人驾驶航空器实名登记和激活要求》重点问题解答,中国民航局,,2026-04-21,,解读,关联:GB 46761-2025 民用无人驾驶航空器实名登记和激活要求,否,law/07_解读与案例/GB46761实名登记和激活要求_重点问题解答.pdf,http://www.caac.gov.cn/XXGK/XXGK/ZCJD/202604/P020260421533372627527.pdf,
63,law精选,法规,解读与案例,解读丨强制性国家标准《民用无人驾驶航空器系统运行识别规范》(GB 46750-2025),中国民航局,,2026-01-20,,解读,关联:GB 46750-2025 民用无人驾驶航空器系统运行识别规范,否,law/07_解读与案例/解读_民用无人驾驶航空器系统运行识别规范GB46750.html,https://www.caac.gov.cn/XXGK/XXGK/ZCFBJD/202601/t20260120_229793.html,
64,law精选,法规,解读与案例,中国民用航空局关于民用无人驾驶航空器监管服务有关事宜的公告,中国民航局,,2023-12-31,,解读,关联:无人驾驶航空器飞行管理暂行条例,否,law/07_解读与案例/民航局关于民用无人驾驶航空器监管服务有关事宜的公告.html,https://www.caac.gov.cn/XXGK/XXGK/TZTG/202312/t20231231_222550.html,
65,law精选,法规,解读与案例,公安部公布依法打击无人机“黑飞”违法犯罪典型案例（新华网发布）,新华网/公安部,,2026-02-04,,案例,关联:无人驾驶航空器飞行管理暂行条例/治安管理处罚法/刑法,否,law/07_解读与案例/新华网_公安部无人机黑飞典型案例.html,https://www.news.cn/legal/20260204/a7216ea1724e47fe88da2ff845cdc8d3/c.html,公安部案例的权威媒体发布版
66,law精选,法规,解读与案例,“空中刺客”频现：无人机治理刻不容缓（最高检）,最高人民检察院,,2025-12-22,,案例,关联:无人驾驶航空器飞行管理暂行条例,否,law/07_解读与案例/最高检_空中刺客频现无人机治理刻不容缓.html,https://www.spp.gov.cn/spp/zdgz/202512/t20251222_714201.shtml,含检察公益诉讼办案情况
67,law精选,法规,解读与案例,重庆梁平区：检察公益诉讼推动消除无人机“黑飞”隐患（最高检）,最高人民检察院,,2026-04-21,,案例,关联:无人驾驶航空器飞行管理暂行条例,否,law/07_解读与案例/最高检_重庆梁平区检察公益诉讼消除无人机黑飞隐患.html,https://www.spp.gov.cn/spp/dfjcdt/202604/t20260421_726166.shtml,
68,law精选,法规,解读与案例,充分发挥职能作用 服务低空经济高质量发展（最高检·无人机黑飞治理）,最高人民检察院,,2025-05-26,,案例,关联:无人驾驶航空器飞行管理暂行条例,否,law/07_解读与案例/最高检_充分发挥职能作用服务低空经济黑飞治理.html,https://www.spp.gov.cn/spp/llyj/202505/t20250526_696560.shtml,
69,dikongjie,地方规范性文件,地方政府规章/规范性文件,钦州市低空政务智能无人机应用管理暂行办法,广西钦州,,2026-06-30,,有效,,否,raw\dikongjie_html\10182.html,https://dikongjie.com/10182.html,｜17条
70,dikongjie,地方规范性文件,规范性文件,关于规范电力设施周边农用无人驾驶航空器使用的通知,江苏苏州,,2026-06-29,,有效,,否,raw\dikongjie_html\10177.html,https://dikongjie.com/10177.html,｜无第X条(按段chunk)
71,dikongjie,地方规范性文件,地方政府规章/规范性文件,西藏自治区无人驾驶航空器公共安全管理办法（试行）,西藏,,2026-06-29,,有效,,否,raw\dikongjie_html\10159.html,https://dikongjie.com/10159.html,｜无第X条(按段chunk)
72,dikongjie,地方规范性文件,规范性文件,海关总署公告2026年第78号（关于规范无人机及相关物项出口申报的公告）,地方,,2026-06-10,,有效,,否,raw\dikongjie_html\10016.html,https://dikongjie.com/10016.html,｜无第X条(按段chunk)
73,dikongjie,地方规范性文件,地方政府规章/规范性文件,珠海市低空数据管理办法,广东珠海,,2026-04-21,,有效,,否,raw\dikongjie_html\9641.html,https://dikongjie.com/9641.html,｜21条
74,dikongjie,地方规范性文件,地方政府规章/规范性文件,福建省航空应急救援大中型无人机管理使用暂行规定,福建省应急管理厅,,2026-03-24,,有效,,否,raw\dikongjie_html\9576.html,https://dikongjie.com/9576.html,｜44条
75,dikongjie,地方规范性文件,地方规范性文件,武汉市公安局无人机集群飞行表演活动安全监管工作规范,湖北武汉,,2026-02-15,,有效,,否,raw\dikongjie_html\9425.html,https://dikongjie.com/9425.html,｜23条
76,dikongjie,地方规范性文件,地方政府规章/规范性文件,温州市低空飞行服务保障办法（试行）,浙江温州,,2026-02-03,,有效,,否,raw\dikongjie_html\9353.html,https://dikongjie.com/9353.html,｜无第X条(按段chunk)
77,dikongjie,地方规范性文件,地方政府规章/规范性文件,南京市民用无人机低空飞行安全管理暂行办法,江苏南京,,2026-01-07,,有效,,否,raw\dikongjie_html\9188.html,https://dikongjie.com/9188.html,｜34条
78,dikongjie,地方规范性文件,地方政府规章/规范性文件,上海市民用无人驾驶航空器飞行安全管理暂行办法,上海,,2026-01-04,,有效,,否,raw\dikongjie_html\9163.html,https://dikongjie.com/9163.html,｜34条
79,dikongjie,地方规范性文件,地方规范性文件,湖北省低空飞行服务工作程序指引（试行）,湖北,,2025-12-12,,有效,,否,raw\dikongjie_html\9038.html,https://dikongjie.com/9038.html,｜无第X条(按段chunk)
80,dikongjie,地方规范性文件,地方政府规章/规范性文件,广东省政务领域无人机应用管理办法（试行）,地方,,2025-12-12,,有效,,否,raw\dikongjie_html\9037.html,https://dikongjie.com/9037.html,｜17条
81,dikongjie,地方规范性文件,地方政府规章/规范性文件,山东省民用无人驾驶航空器公共安全管理办法,山东,,2025-11-05,,有效,,否,raw\dikongjie_html\8739.html,https://dikongjie.com/8739.html,｜39条
82,dikongjie,地方规范性文件,规范性文件,绍兴市低空飞行突发事件应急预案,绍兴,,2025-10-13,,有效,,否,raw\dikongjie_html\8564.html,https://dikongjie.com/8564.html,｜无第X条(按段chunk)
83,dikongjie,地方规范性文件,地方政府规章/规范性文件,跳伞飞行服务市场管理暂行办法,中国民航局,,2025-09-16,,有效,,否,raw\dikongjie_html\8399.html,https://dikongjie.com/8399.html,｜无第X条(按段chunk)
84,dikongjie,地方规范性文件,地方政府规章/规范性文件,空中游览市场管理暂行办法,中国民航局,,2025-09-16,,有效,,否,raw\dikongjie_html\8283.html,https://dikongjie.com/8283.html,｜29条
85,dikongjie,地方规范性文件,地方政府规章/规范性文件,福州市低空飞行服务保障办法（试行）（送审稿）,福建福州,,2025-08-05,,送审稿/未生效,,否,raw\dikongjie_html\7861.html,https://dikongjie.com/7861.html,"送审稿/未生效,元数据需标注｜23条"
86,dikongjie,地方规范性文件,地方政府规章/规范性文件,北京市延庆区低空飞行服务管理办法（试行）,北京延庆,,2025-07-19,,有效,,否,raw\dikongjie_html\7606.html,https://dikongjie.com/7606.html,｜30条
87,dikongjie,地方规范性文件,地方政府规章/规范性文件,大连市低空飞行服务管理暂行办法,辽宁大连,,2025-06-16,,有效,,否,raw\dikongjie_html\7240.html,https://dikongjie.com/7240.html,｜28条
88,dikongjie,地方规范性文件,地方政府规章/规范性文件, 共青城市民用无人驾驶航空器公共安全管理办法,江西共青城,,2025-06-03,,有效,,否,raw\dikongjie_html\7121.html,https://dikongjie.com/7121.html,｜16条
89,dikongjie,地方规范性文件,地方政府规章/规范性文件,自贡市低空飞行服务管理办法（试行）,四川自贡,,2025-05-22,,有效,,否,raw\dikongjie_html\6956.html,https://dikongjie.com/6956.html,｜31条
90,dikongjie,地方规范性文件,地方政府规章/规范性文件,绍兴市低空飞行服务保障办法（试行）,浙江绍兴,,2025-05-08,,有效,,否,raw\dikongjie_html\6558.html,https://dikongjie.com/6558.html,｜无第X条(按段chunk)
91,dikongjie,地方规范性文件,地方政府规章/规范性文件,武汉市民用无人驾驶航空器安全管理暂行办法,武汉,,2025-04-28,,有效,,否,raw\dikongjie_html\6429.html,https://dikongjie.com/6429.html,｜24条
92,dikongjie,地方规范性文件,地方规范性文件,广州市低空垂直起降设施场址选择及建设技术指引（试行）,广东广州,,2025-04-01,,有效,,否,raw\dikongjie_html\5875.html,https://dikongjie.com/5875.html,｜无第X条(按段chunk)
93,dikongjie,地方规范性文件,地方政府规章/规范性文件,韶关市升放气球安全管理规定,广东韶关,,2024-12-25,,有效,,否,raw\dikongjie_html\3980.html,https://dikongjie.com/3980.html,｜20条
94,dikongjie,地方规范性文件,地方政府规章/规范性文件,江门市民用无人驾驶航空器公共安全管理办法,广东江门,,2024-12-23,,有效,,否,raw\dikongjie_html\3868.html,https://dikongjie.com/3868.html,｜32条
95,dikongjie,地方规范性文件,地方政府规章/规范性文件,通用机场管理规定,交通运输部,,2024-12-17,,有效,,否,raw\dikongjie_html\3592.html,https://dikongjie.com/3592.html,｜83条
96,dikongjie,地方规范性文件,地方政府规章/规范性文件,苏州市低空飞行服务管理办法（试行）,江苏苏州,,2024-10-18,,有效,,否,raw\dikongjie_html\1603.html,https://dikongjie.com/1603.html,｜23条
97,dikongjie,地方规范性文件,地方政府规章/规范性文件,海南省“低慢小”航空器活动区域管理办法（试行）,海南,,2024-05-20,,有效,,否,raw\dikongjie_html\746.html,https://dikongjie.com/746.html,｜25条
98,pkulaw,法规,地方规范性文件,上海市通信管理局关于印发《上海市信息通信业加快建设低空智联网 助力我市低空经济发展的指导意见》的通知,上海市通信管理局,沪通信管临港〔2024〕6号,2024-08-15,2024-08-15,现行有效,,否,pkulaw\raw_pdf\低空经济\低空经济\上海市通信管理局关于印发《上海市信息通信业加快建设低空智联网 助力我市低空经济发展的指导意见》的通知(FBMCLI.12.8914536).pdf,https://www.pkulaw.com/lar/cdeadf30bc84691c15705171794d84c5bdfb.html,引证码FBMCLI.12.8914536｜有附件｜规范性文件+结构化
99,pkulaw,案例,司法案例,云疆低空经济（河南）有限公司;刘佳森服务合同纠纷一审民事裁定书,,,,,,,否,pkulaw\raw_pdf\低空经济\低空经济\云疆低空经济（河南）有限公司;刘佳森服务合同纠纷一审民事裁定书(FBMCLI.C.575180584).pdf,https://www.pkulaw.com/pfnl/c7ed112b8012f816c3d0ea17556430e6a7de6433d6f,引证码FBMCLI.C.575180584｜司法案例(单独管线)
100,pkulaw,法规,经济特区法规,关于《深圳经济特区低空经济产业促进条例(草案修改一稿征求意见稿)》公开征求意见的公告,深圳市人大(含常委会),,2023-10-10,,,,否,pkulaw\raw_pdf\低空经济\低空经济\关于《深圳经济特区低空经济产业促进条例(草案修改一稿征求意见稿)》公开征求意见的公告(FBMCLI.DL.25978).pdf,https://www.pkulaw.com/protocol/5eb8ac2c800ad2f09bbfa11162391211bdfb.html,引证码FBMCLI.DL.25978｜强效力位阶
101,pkulaw,法规,经济特区法规,关于《深圳经济特区低空经济产业促进条例(草案修改一稿征求意见稿)》的说明,深圳市人大(含常委会),,2023-10-10,,,,否,pkulaw\raw_pdf\低空经济\低空经济\关于《深圳经济特区低空经济产业促进条例(草案修改一稿征求意见稿)》的说明(FBMCLI.DL.25979).pdf,https://www.pkulaw.com/protocol/5eb8ac2c800ad2f0fb22ff8ad7978789bdfb.html,引证码FBMCLI.DL.25979｜强效力位阶
102,pkulaw,法规,地方工作文件,内蒙古自治区科学技术厅关于发布2026年内蒙古自治区科技重大专项氢能、低空经济、人工智能 领域(第一批)项目申报指南的通知,内蒙古自治区科学技术厅,,2026-03-15,2026-03-15,现行有效,,否,pkulaw\raw_pdf\低空经济\低空经济\内蒙古自治区科学技术厅关于发布2026年内蒙古自治区科技重大专项氢能、低空经济、人工智能 领域(第一批)项目申报指南的通知(FBMCLI.14.9699017).pdf,https://www.pkulaw.com/lar/799620d4dc6ab5d054d9fee99cf2c6e7bdfb.html,引证码FBMCLI.14.9699017｜有附件｜未知位阶但结构化
103,pkulaw,法规,地方规范性文件,合肥市发展改革委、合肥市财政局关于印发《合肥市支持低空经济发展若干政策实施细则》的通知,合肥市发展和改革委员会 合肥市财政局,,2024-11-27,2024-06-20,废止或失效,,否,pkulaw\raw_pdf\低空经济\低空经济\合肥市发展改革委、合肥市财政局关于印发《合肥市支持低空经济发展若干政策实施细则》的通知(FBMCLI.12.8048443).pdf,https://www.pkulaw.com/lar/d6f24b88afee8bb620a3dca327b82136bdfb.html,引证码FBMCLI.12.8048443｜有附件｜规范性文件+结构化
104,pkulaw,法规,地方规范性文件,呼和浩特市人民政府关于促进低空经济高质量发展的实施意见,呼和浩特市人民政府,呼政发〔2025〕8号,2025,2025-02-27,现行有效,,否,pkulaw\raw_pdf\低空经济\低空经济\呼和浩特市人民政府关于促进低空经济高质量发展的实施意见(FBMCLI.12.10046265).pdf,https://www.pkulaw.com/lar/7e5e8913c3ef805a8e7ada117b5d4187bdfb.html,引证码FBMCLI.12.10046265｜规范性文件+结构化
105,pkulaw,法规,地方规范性文件,四川省人民政府办公厅关于促进低空经济发展的指导意见,四川省人民政府,川办发〔2024〕24号,2024-06-03,2024-06-03,现行有效,,否,pkulaw\raw_pdf\低空经济\低空经济\四川省人民政府办公厅关于促进低空经济发展的指导意见(FBMCLI.12.7549306).pdf,https://www.pkulaw.com/lar/c9fb08e56b96bb0bb6bf9d190a14dbe7bdfb.html,引证码FBMCLI.12.7549306｜规范性文件+结构化
106,pkulaw,法规,地方规范性文件,天津市宁河区投资促进局关于落实《宁河区促进低空经济高质量发展的八条措施》的通知,天津市宁河区其他机构,津宁投促局发〔2024〕1号,2024-04-30,2024-05-01,现行有效,,否,pkulaw\raw_pdf\低空经济\低空经济\天津市宁河区投资促进局关于落实《宁河区促进低空经济高质量发展的八条措施》的通知(FBMCLI.12.9150099).pdf,https://www.pkulaw.com/lar/debf0a24029d87bb289e6cda0b8ee2b2bdfb.html,引证码FBMCLI.12.9150099｜有附件｜规范性文件+结构化
107,pkulaw,法规,地方规范性文件,广州市黄埔区发展和改革局、广州开发区发展改革局关于印发广州开发区(黄埔区)促进低空经济高质量发展的若干措施的通知,广州市黄埔区发展和改革局 广州开发区发展和改革局,穗埔发改规字〔2023〕2号,2023-10-24,2023-10-24,废止或失效,,否,pkulaw\raw_pdf\低空经济\低空经济\广州市黄埔区发展和改革局、广州开发区发展改革局关于印发广州开发区(黄埔区)促进低空经济高质量发展的若干措施的通知(FBMCLI.12.7229411).pdf,https://www.pkulaw.com/lar/0d8d4dc42f7637ac824df5716ac7087abdfb.html,引证码FBMCLI.12.7229411｜规范性文件+结构化
108,pkulaw,法规,地方规范性文件,广州市黄埔区发展改革局、广州开发区发展改革局关于印发广州开发区(黄埔区)促进低空经济高质量发展的若干措施实施细则的通知,广州市黄埔区发展和改革局 广州开发区发展和改革局,穗埔发改规字〔2023〕3号,2023-12-27,2023-12-27,废止或失效,,否,pkulaw\raw_pdf\低空经济\低空经济\广州市黄埔区发展改革局、广州开发区发展改革局关于印发广州开发区(黄埔区)促进低空经济高质量发展的若干措施实施细则的通知(FBMCLI.12.7320514).pdf,https://www.pkulaw.com/lar/1601d8c8f7affc37ea9562d7a42f4b21bdfb.html,引证码FBMCLI.12.7320514｜规范性文件+结构化
109,pkulaw,法规,地方规范性文件,广州开发区发展和改革局、广州市黄埔区发展和改革局关于印发广州开发区(黄埔区)促进低空经济与航空航天高质量发展的若干措施的通知,广州开发区发展和改革局 广州市黄埔区发展和改革局,穗开发改规字〔2025〕2号,2025-06-26,2025-06-26,现行有效,,否,pkulaw\raw_pdf\低空经济\低空经济\广州开发区发展和改革局、广州市黄埔区发展和改革局关于印发广州开发区(黄埔区)促进低空经济与航空航天高质量发展的若干措施的通知(FBMCLI.12.8812125).pdf,https://www.pkulaw.com/lar/280ae7eb7da5fc7dcef0237daa696413bdfb.html,引证码FBMCLI.12.8812125｜规范性文件+结构化
110,pkulaw,法规,地方规范性文件,扬州市政府办公室关于印发《扬州市低空经济高质量发展实施意见》的通知,扬州市人民政府,扬府办发〔2024〕35号,2024-05-20,2024-05-20,现行有效,,否,pkulaw\raw_pdf\低空经济\低空经济\扬州市政府办公室关于印发《扬州市低空经济高质量发展实施意见》的通知(FBMCLI.12.7544001).pdf,https://www.pkulaw.com/lar/8268003aa26be4ab8956a7004980fb09bdfb.html,引证码FBMCLI.12.7544001｜规范性文件+结构化
111,pkulaw,法规,地方规范性文件,攀枝花市人民政府办公室关于印发《攀枝花市促进低空经济发展实施意见》的通知,攀枝花市人民政府,攀办规〔2025〕4号,2025-10-20,2025-12-01,现行有效,,否,pkulaw\raw_pdf\低空经济\低空经济\攀枝花市人民政府办公室关于印发《攀枝花市促进低空经济发展实施意见》的通知(FBMCLI.12.9470770).pdf,https://www.pkulaw.com/lar/c9bb11c37dd0fd85412948babfa426a7bdfb.html,引证码FBMCLI.12.9470770｜规范性文件+结构化
112,pkulaw,法规,地方规范性文件,新丰县支持低空经济高质量发展若干措施,新丰县人民政府,,,2025,现行有效,,否,pkulaw\raw_pdf\低空经济\低空经济\新丰县支持低空经济高质量发展若干措施(FBMCLI.12.9143194).pdf,https://www.pkulaw.com/lar/220f23e6310966ecf74cc1dbe85b7314bdfb.html,引证码FBMCLI.12.9143194｜规范性文件+结构化
113,pkulaw,法规,设区的市地方性法规,无锡市人大常委会办公室关于公开征求《无锡市低空经济发展促进条例(草案)》意见的公告,无锡市人大(含常委会),,2025-02-26,,,,否,pkulaw\raw_pdf\低空经济\低空经济\无锡市人大常委会办公室关于公开征求《无锡市低空经济发展促进条例(草案)》意见的公告(FBMCLI.DL.42150).pdf,https://www.pkulaw.com/protocol/436a46258dba38fb925dbba6b11d5a2dbdfb.htm,引证码FBMCLI.DL.42150｜未知位阶但结构化
114,pkulaw,法规,地方规范性文件,昆明市人民政府办公室关于印发昆明市促进低空经济发展的实施意见的通知,昆明市人民政府,昆政办〔2024〕31号,2024-06-27,2024-06-27,现行有效,,否,pkulaw\raw_pdf\低空经济\低空经济\昆明市人民政府办公室关于印发昆明市促进低空经济发展的实施意见的通知(FBMCLI.12.7571736).pdf,https://www.pkulaw.com/lar/23662b41d9039ef65064b5fa6362b4b5bdfb.html,引证码FBMCLI.12.7571736｜规范性文件+结构化
115,pkulaw,案例,司法案例,最高人民法院发布6起知识产权法庭司法调解典型案例(第一批)之四：上海沃某公司、董某与上海峰某公司专利申请权权属纠纷三案...,,,,,,,否,pkulaw\raw_pdf\低空经济\低空经济\最高人民法院发布6起知识产权法庭司法调解典型案例(第一批)之四：上海沃某公司、董某与上海峰某公司专利申请权权属纠纷三案...(FBMCLI.C.574929078).pdf,https://www.pkulaw.com/pfnl/c7ed112b8012f8168fabdbbc61edf05e2eac67f0676d,引证码FBMCLI.C.574929078｜司法案例(单独管线)
116,pkulaw,法规,地方规范性文件,杭州市萧山区人民政府办公室印发《杭州市萧山区关于推动低空经济高质量发展的若干政策意见》的通知,杭州市萧山区人民政府,萧政办发〔2025〕15号,2025-03-31,2025-05-01,现行有效,,否,pkulaw\raw_pdf\低空经济\低空经济\杭州市萧山区人民政府办公室印发《杭州市萧山区关于推动低空经济高质量发展的若干政策意见》的通知(FBMCLI.12.8708735).pdf,https://www.pkulaw.com/lar/473fca14298f301ef2f88e02aeaeb8cdbdfb.html,引证码FBMCLI.12.8708735｜规范性文件+结构化
117,pkulaw,法规,地方规范性文件,杭州高新开发区(滨江)管委会、政府关于打造低空经济创新示范区的若干政策意见(试行),杭州高新技术产业开发区管理委员会 杭州市滨江区人民政府,杭高新〔2025〕4号,2025-03-06,2025-04-07,现行有效,,否,pkulaw\raw_pdf\低空经济\低空经济\杭州高新开发区(滨江)管委会、政府关于打造低空经济创新示范区的若干政策意见(试行)(FBMCLI.12.8689274).pdf,https://www.pkulaw.com/lar/0856572d3621a3615d8946aa9b0e12efbdfb.html,引证码FBMCLI.12.8689274｜规范性文件+结构化
118,pkulaw,法规,地方规范性文件,江苏省政府办公厅关于加快推动低空经济高质量发展的实施意见,江苏省人民政府,苏政办发〔2024〕28号,2024-08-12,2024-08-12,现行有效,,否,pkulaw\raw_pdf\低空经济\低空经济\江苏省政府办公厅关于加快推动低空经济高质量发展的实施意见(FBMCLI.12.7730473).pdf,https://www.pkulaw.com/lar/54cce789a37bcffe45af2273f9cf705bbdfb.html,引证码FBMCLI.12.7730473｜规范性文件+结构化
119,pkulaw,法规,设区的市地方性法规,沈阳市人民代表大会常务委员会办公厅公告第24号——关于征求《沈阳市低空经济促进条例(草案)》的意见,沈阳市人大(含常委会),,2026-07-02,,,,否,pkulaw\raw_pdf\低空经济\低空经济\沈阳市人民代表大会常务委员会办公厅公告第24号——关于征求《沈阳市低空经济促进条例(草案)》的意见(FBMCLI.DL.46875).pdf,https://www.pkulaw.com/protocol/25061436c5872277860480aeb571969dbdfb.ht,引证码FBMCLI.DL.46875｜未知位阶但结构化
120,pkulaw,法规,地方规范性文件,深圳市交通运输局关于印发《深圳市交通运输局＜深圳市支持低空经济高质量发展的若干措施＞实施细则》的通知,深圳市交通运输局,深交规〔2025〕10号,2025-09-19,2025-10-09,现行有效,,否,pkulaw\raw_pdf\低空经济\低空经济\深圳市交通运输局关于印发《深圳市交通运输局＜深圳市支持低空经济高质量发展的若干措施＞实施细则》的通知(FBMCLI.12.9239937).pdf,https://www.pkulaw.com/lar/1c515e1b12fe49424aab75b5833a91dabdfb.html,引证码FBMCLI.12.9239937｜规范性文件+结构化
121,pkulaw,法规,地方规范性文件,深圳市宝安区人民政府办公室印发深圳市宝安区关于促进低空经济产业发展若干措施的通知,深圳市宝安区人民政府,深宝府办〔2023〕9号,2023-07-29,2023-07-29,现行有效,,否,pkulaw\raw_pdf\低空经济\低空经济\深圳市宝安区人民政府办公室印发深圳市宝安区关于促进低空经济产业发展若干措施的通知(FBMCLI.12.7810691).pdf,https://www.pkulaw.com/lar/29b7ee6340219a33b28bf3ba8787a059bdfb.html,引证码FBMCLI.12.7810691｜规范性文件+结构化
122,pkulaw,法规,地方规范性文件,深圳市龙岗区发展和改革局关于印发《深圳市龙岗区发展和改革专项资金关于支持低空经济产业高质量发展实施细则(修订)》的通知,深圳市龙岗区发展和改革局,深龙发改规〔2026〕2号,2026-04-01,2026-04-13,现行有效,,否,pkulaw\raw_pdf\低空经济\低空经济\深圳市龙岗区发展和改革局关于印发《深圳市龙岗区发展和改革专项资金关于支持低空经济产业高质量发展实施细则(修订)》的通知(FBMCLI.12.9821845).pdf,https://www.pkulaw.com/lar/d51f050187ae04e95f4cc5c959640cfebdfb.html,引证码FBMCLI.12.9821845｜规范性文件+结构化
123,pkulaw,法规,地方规范性文件,深圳市龙岗区工业和信息化局关于印发《深圳市龙岗区工业和信息化产业发展专项资金关于支持低空经济产业发展实施细则》的通知,深圳市龙岗区工业和信息化局,深龙工信规〔2024〕4号,2024-05-09,2024-05-20,现行有效,,否,pkulaw\raw_pdf\低空经济\低空经济\深圳市龙岗区工业和信息化局关于印发《深圳市龙岗区工业和信息化产业发展专项资金关于支持低空经济产业发展实施细则》的通知(FBMCLI.12.7805263).pdf,https://www.pkulaw.com/lar/342e41845d27f7e7948d0e624ad00469bdfb.html,引证码FBMCLI.12.7805263｜有附件｜规范性文件+结构化
124,pkulaw,法规,地方规范性文件,温州市交通运输局关于印发《温州市支持低空经济高质量发展交通类政策奖补实施细则》的通知,温州市交通运输局,温交〔2026〕32号,2026-05-23,2026-05-23,现行有效,,否,pkulaw\raw_pdf\低空经济\低空经济\温州市交通运输局关于印发《温州市支持低空经济高质量发展交通类政策奖补实施细则》的通知(FBMCLI.12.9985897).pdf,https://www.pkulaw.com/lar/e9de487b221d94bef2f409c53f8268efbdfb.html,引证码FBMCLI.12.9985897｜有附件｜规范性文件+结构化
125,pkulaw,法规,地方规范性文件,温州市人民政府办公室关于印发温州市支持低空经济高质量发展的若干措施和温州市低空飞行服务保障办法(试行)的通知,温州市人民政府,温政办〔2026〕4号,2026-01-21,2026-02-20,现行有效,,否,pkulaw\raw_pdf\低空经济\低空经济\温州市人民政府办公室关于印发温州市支持低空经济高质量发展的若干措施和温州市低空飞行服务保障办法(试行)的通知(FBMCLI.12.9658666).pdf,https://www.pkulaw.com/lar/21a00e685f4e7de3fb85b7a6e1f6164abdfb.html,引证码FBMCLI.12.9658666｜规范性文件+结构化
126,pkulaw,案例,司法案例,湖南省株洲市中级人民法院发布11起优化法治化营商环境典型案例之一：西安某网络科技有限公司诉山河某航实业股份有限公司侵害...,,,,,,,否,pkulaw\raw_pdf\低空经济\低空经济\湖南省株洲市中级人民法院发布11起优化法治化营商环境典型案例之一：西安某网络科技有限公司诉山河某航实业股份有限公司侵害...(FBMCLI.C.559916915).pdf,https://www.pkulaw.com/pfnl/08df102e7c10f206602d9717494aae99fa51ebac19b2,引证码FBMCLI.C.559916915｜司法案例(单独管线)
127,pkulaw,法规,地方规范性文件,绍兴市上虞区人民政府办公室关于上虞区推进低空经济高质量发展的实施意见,绍兴市上虞区人民政府,虞政办发〔2025〕17号,2025-03-05,2025-03-05,现行有效,,否,pkulaw\raw_pdf\低空经济\低空经济\绍兴市上虞区人民政府办公室关于上虞区推进低空经济高质量发展的实施意见(FBMCLI.12.8624433).pdf,https://www.pkulaw.com/lar/bd00b6920c4f5afcbbd5bf56119e05e6bdfb.html,引证码FBMCLI.12.8624433｜有附件｜规范性文件+结构化
128,pkulaw,法规,地方规范性文件,绍兴市交通运输局、绍兴市财政局关于印发《绍兴市支持低空经济高质量发展若干政策市级奖补政策实施细则》的通知,绍兴市交通运输局 绍兴市财政局,绍市交发〔2024〕72号,2024-11-07,2024-11-07,已被修改,,否,pkulaw\raw_pdf\低空经济\低空经济\绍兴市交通运输局、绍兴市财政局关于印发《绍兴市支持低空经济高质量发展若干政策市级奖补政策实施细则》的通知(FBMCLI.12.9310621).pdf,https://www.pkulaw.com/lar/44568c1e880ea1b458a3a22b506352c9bdfb.html,引证码FBMCLI.12.9310621｜有附件｜规范性文件+结构化
129,pkulaw,法规,地方规范性文件,绍兴市越城区人民政府关于印发《绍兴市越城区关于推进低空经济高质量发展的实施意见(2024—2035年)》的通知,绍兴市越城区人民政府,越政发〔2024〕21号,2024-11-08,2024-11-08,现行有效,,否,pkulaw\raw_pdf\低空经济\低空经济\绍兴市越城区人民政府关于印发《绍兴市越城区关于推进低空经济高质量发展的实施意见(2024—2035年)》的通知(FBMCLI.12.8246162).pdf,https://www.pkulaw.com/lar/e5d157ac9adee347262cb5f1da81f9bebdfb.html,引证码FBMCLI.12.8246162｜有附件｜规范性文件+结构化
130,pkulaw,法规,地方规范性文件,舟山市人民政府关于推动低空经济产业发展的若干意见,舟山市人民政府,舟政发〔2024〕20号,2024-11-20,2024-12-20,现行有效,,否,pkulaw\raw_pdf\低空经济\低空经济\舟山市人民政府关于推动低空经济产业发展的若干意见(FBMCLI.12.8461118).pdf,https://www.pkulaw.com/lar/aabd807bd674d3add9838f068a88ce05bdfb.html,引证码FBMCLI.12.8461118｜规范性文件+结构化
131,pkulaw,法规,地方规范性文件,诸暨市人民政府办公室关于推进诸暨市低空经济高质量发展的实施意见,诸暨市人民政府,诸政办发〔2025〕1号,2025-01-06,2025-01-06,现行有效,,否,pkulaw\raw_pdf\低空经济\低空经济\诸暨市人民政府办公室关于推进诸暨市低空经济高质量发展的实施意见(FBMCLI.12.8459826).pdf,https://www.pkulaw.com/lar/e46001b3a2a05cf7e190fcb98ee2ef85bdfb.html,引证码FBMCLI.12.8459826｜规范性文件+结构化
132,pkulaw,法规,地方规范性文件,上海市人民政府办公厅关于印发《上海市民用无人驾驶航空器飞行安全管理暂行办法》的通知,上海市人民政府,沪府办规〔2025〕18号,2025-12-26,2026-02-01,现行有效,,否,pkulaw\raw_pdf\低空经济\无人驾驶航空器\上海市人民政府办公厅关于印发《上海市民用无人驾驶航空器飞行安全管理暂行办法》的通知(FBMCLI.12.9597285).pdf,https://www.pkulaw.com/lar/90d72b06824d73450816ad958d022f29bdfb.html,引证码FBMCLI.12.9597285｜规范性文件+结构化
133,pkulaw,法规,地方规范性文件,上饶市人民政府办公室关于印发上饶市民用无人驾驶航空器公共安全管理办法的通知,上饶市人民政府,饶府办发〔2025〕12号,2025-09-01,2025-10-01,现行有效,,否,pkulaw\raw_pdf\低空经济\无人驾驶航空器\上饶市人民政府办公室关于印发上饶市民用无人驾驶航空器公共安全管理办法的通知(FBMCLI.12.9186556).pdf,https://www.pkulaw.com/lar/fa22cfb35cc152d17140dc10d6d5c914bdfb.html,引证码FBMCLI.12.9186556｜规范性文件+结构化
134,pkulaw,法规,部门规范性文件,中国民用航空局综合司、农业农村部办公厅关于印发《农用无人驾驶航空器操控员培训管理规定(试行)》的通知,中国民用航空局 农业农村部,民航综飞发〔2025〕1号,2025-01-23,2025-01-23,现行有效,,否,pkulaw\raw_pdf\低空经济\无人驾驶航空器\中国民用航空局综合司、农业农村部办公厅关于印发《农用无人驾驶航空器操控员培训管理规定(试行)》的通知(FBMCLI.4.5291082).pdf,https://www.pkulaw.com/chl/1512d099f1541a27bdfb.html,引证码FBMCLI.4.5291082｜有附件｜规范性文件+结构化
135,pkulaw,法规,地方规范性文件,北京市公安局关于印发《北京市无人驾驶航空器特殊保障规定(试行)》等3部行政规范性文件的通知,北京市公安局,京公无人机发〔2026〕97号,2026-03-28,2026-05-01,现行有效,,否,pkulaw\raw_pdf\低空经济\无人驾驶航空器\北京市公安局关于印发《北京市无人驾驶航空器特殊保障规定(试行)》等3部行政规范性文件的通知(FBMCLI.12.9844913).pdf,https://www.pkulaw.com/lar/393c6b25ec8057840145e21603ba0435bdfb.html,引证码FBMCLI.12.9844913｜有附件｜规范性文件+结构化
136,pkulaw,法规,地方规范性文件,北京市公安局关于印发反恐怖主义行政处罚裁量基准和无人驾驶航空器飞行管理行政处罚裁量基准的通知,北京市公安局,京公反恐特警字〔2024〕733号,2024-08-20,2024-08-20,现行有效,,否,pkulaw\raw_pdf\低空经济\无人驾驶航空器\北京市公安局关于印发反恐怖主义行政处罚裁量基准和无人驾驶航空器飞行管理行政处罚裁量基准的通知(FBMCLI.12.8044427).pdf,https://www.pkulaw.com/lar/8673b0291e87d24412de19280b5bdcc4bdfb.html,引证码FBMCLI.12.8044427｜规范性文件+结构化
137,pkulaw,法规,省级地方性法规,北京市无人驾驶航空器管理规定,北京市人大(含常委会),北京市人民代表大会常务委员会公告〔十六届〕第50号,2026-03-27,2026-05-01,现行有效,,否,pkulaw\raw_pdf\低空经济\无人驾驶航空器\北京市无人驾驶航空器管理规定(FBMCLI.10.9785475).pdf,https://www.pkulaw.com/lar/c3a19676a0f64a8522dc8735f5c87c73bdfb.html,引证码FBMCLI.10.9785475｜未知位阶但结构化
138,pkulaw,法规,,厦门市民用无人驾驶航空器公共安全管理办法,厦门市人民政府,厦门市人民政府令第179号,2019-11-03,2020-04-01,现行有效,,否,pkulaw\raw_pdf\低空经济\无人驾驶航空器\厦门市民用无人驾驶航空器公共安全管理办法(FBMCLI.11.1560288).pdf,https://www.pkulaw.com/lar/5dd76a34117d2626218f315def948598bdfb.html,引证码FBMCLI.11.1560288｜未知位阶但结构化
139,pkulaw,法规,,四川省民用无人驾驶航空器安全管理暂行规定,四川省人民政府,四川省人民政府令第321号,2017-08-18,2017-09-20,现行有效,,否,pkulaw\raw_pdf\低空经济\无人驾驶航空器\四川省民用无人驾驶航空器安全管理暂行规定(FBMCLI.11.1294847).pdf,https://www.pkulaw.com/lar/b7b7c9a776bcc4d38daf9d0b1b632e40bdfb.html,引证码FBMCLI.11.1294847｜未知位阶但结构化
140,pkulaw,法规,部门规范性文件,基于计算机的民用无人驾驶航空器运行控制系统管理办法,中国民用航空局,民航规〔2026〕2号,2026-01-16,2026-01-16,现行有效,,否,pkulaw\raw_pdf\低空经济\无人驾驶航空器\基于计算机的民用无人驾驶航空器运行控制系统管理办法(FBMCLI.4.5337411).pdf,https://www.pkulaw.com/chl/038e26ffde86f7fabdfb.html,引证码FBMCLI.4.5337411｜有附件｜规范性文件+结构化
141,pkulaw,法规,地方规范性文件,宿迁市政府关于印发宿迁市消防救援无人驾驶航空器应用管理办法的通知,宿迁市人民政府,宿政规发〔2025〕6号,2025-12-10,2026-01-10,现行有效,,否,pkulaw\raw_pdf\低空经济\无人驾驶航空器\宿迁市政府关于印发宿迁市消防救援无人驾驶航空器应用管理办法的通知(FBMCLI.12.9686711).pdf,https://www.pkulaw.com/lar/db06727f0f0124f31b84e8c7987e2b2dbdfb.html,引证码FBMCLI.12.9686711｜规范性文件+结构化
142,pkulaw,法规,地方规范性文件,攀枝花市人民政府办公室关于做好《四川省民用无人驾驶航空器安全管理暂行规定》贯彻实施工作的通知,攀枝花市人民政府,,2017-09-24,2017-09-24,现行有效,,否,pkulaw\raw_pdf\低空经济\无人驾驶航空器\攀枝花市人民政府办公室关于做好《四川省民用无人驾驶航空器安全管理暂行规定》贯彻实施工作的通知(FBMCLI.12.1406981).pdf,https://www.pkulaw.com/lar/13aebb7c12840bcbdef7eb5b38d30bb1bdfb.html,引证码FBMCLI.12.1406981｜规范性文件+结构化
143,pkulaw,法规,,新疆维吾尔自治区民用无人驾驶航空器安全管理规定,新疆维吾尔自治区人民政府,新疆维吾尔自治区人民政府令第210号,2018-05-08,2018-07-01,现行有效,,否,pkulaw\raw_pdf\低空经济\无人驾驶航空器\新疆维吾尔自治区民用无人驾驶航空器安全管理规定(FBMCLI.11.1458662).pdf,https://www.pkulaw.com/lar/3b6119f8e8d02a15af99d0a3087a888dbdfb.html,引证码FBMCLI.11.1458662｜未知位阶但结构化
144,pkulaw,法规,地方规范性文件,无锡市城市管理局关于印发《无锡市城市管理局民用无人驾驶航空器管理办法》的通知,无锡市城管局,锡城管发〔2018〕36号,2018-05-02,2018-05-02,现行有效,,否,pkulaw\raw_pdf\低空经济\无人驾驶航空器\无锡市城市管理局关于印发《无锡市城市管理局民用无人驾驶航空器管理办法》的通知(FBMCLI.12.2459048).pdf,https://www.pkulaw.com/lar/99878bca3c60e3a275d237a5db46f513bdfb.html,引证码FBMCLI.12.2459048｜规范性文件+结构化
145,pkulaw,法规,,无锡市民用无人驾驶航空器管理办法,无锡市人民政府,无锡市人民政府令第162号,2017-07-31,2017-09-01,废止或失效,,否,pkulaw\raw_pdf\低空经济\无人驾驶航空器\无锡市民用无人驾驶航空器管理办法(FBMCLI.11.1447355).pdf,https://www.pkulaw.com/lar/15f6ea6a340319f67ba5a51b3c2fd289bdfb.html,引证码FBMCLI.11.1447355｜未知位阶但结构化
146,pkulaw,法规,地方规范性文件,武汉市人民政府关于印发武汉市民用无人驾驶航空器安全管理暂行办法的通知,武汉市人民政府,武政规〔2025〕5号,2025-04-19,2025-05-29,现行有效,,否,pkulaw\raw_pdf\低空经济\无人驾驶航空器\武汉市人民政府关于印发武汉市民用无人驾驶航空器安全管理暂行办法的通知(FBMCLI.12.8715253).pdf,https://www.pkulaw.com/lar/cd7010101aec9328e2f8f90c2efa58e1bdfb.html,引证码FBMCLI.12.8715253｜规范性文件+结构化
147,pkulaw,法规,部门规范性文件,民用无人驾驶航空器事件信息管理办法,中国民用航空局,民航规〔2025〕15号,2025-05-26,2025-07-01,现行有效,,否,pkulaw\raw_pdf\低空经济\无人驾驶航空器\民用无人驾驶航空器事件信息管理办法(FBMCLI.4.5302896).pdf,https://www.pkulaw.com/chl/825921c7a3edf97cbdfb.html,引证码FBMCLI.4.5302896｜有附件｜规范性文件+结构化
148,pkulaw,法规,部门规章,民用无人驾驶航空器生产管理若干规定,工业和信息化部,工业和信息化部令第66号,2023-12-18,2024-01-01,现行有效,,否,pkulaw\raw_pdf\低空经济\无人驾驶航空器\民用无人驾驶航空器生产管理若干规定(FBMCLI.4.5184906).pdf,https://www.pkulaw.com/chl/551933637628089dbdfb.html,引证码FBMCLI.4.5184906｜强效力位阶
149,pkulaw,法规,部门规范性文件,民用无人驾驶航空器空中交通管理信息服务系统数据接口规范,中国民用航空局,,2022-07-04,2022-08-01,现行有效,,否,pkulaw\raw_pdf\低空经济\无人驾驶航空器\民用无人驾驶航空器空中交通管理信息服务系统数据接口规范(FBMCLI.4.5305872).pdf,https://www.pkulaw.com/chl/618c8dc42a795b9ebdfb.html,引证码FBMCLI.4.5305872｜规范性文件+结构化
150,pkulaw,法规,部门规范性文件,民用无人驾驶航空器系统驾驶员管理暂行规定,中国民用航空局,,2013-11-18,2013-11-18,废止或失效,,否,pkulaw\raw_pdf\低空经济\无人驾驶航空器\民用无人驾驶航空器系统驾驶员管理暂行规定(FBMCLI.4.230104).pdf,https://www.pkulaw.com/chl/40f8744957823528bdfb.html,引证码FBMCLI.4.230104｜规范性文件+结构化
151,pkulaw,法规,部门规范性文件,民航局空管办关于下发《民用无人驾驶航空器系统空中交通管理办法》的通知(2016修订),中国民用航空局,局发明电〔2016〕2630号,2016-09-21,2016-09-21,现行有效,,否,pkulaw\raw_pdf\低空经济\无人驾驶航空器\民航局空管办关于下发《民用无人驾驶航空器系统空中交通管理办法》的通知(2016修订)(FBMCLI.4.284454).pdf,https://www.pkulaw.com/chl/bce9d7bc6ae78f2abdfb.html,引证码FBMCLI.4.284454｜有附件｜规范性文件+结构化
152,pkulaw,法规,地方规范性文件,江门市人民政府关于印发《江门市民用无人驾驶航空器公共安全管理办法》的通知,江门市人民政府,江府〔2024〕17号,2024-12-12,2025-01-01,现行有效,,否,pkulaw\raw_pdf\低空经济\无人驾驶航空器\江门市人民政府关于印发《江门市民用无人驾驶航空器公共安全管理办法》的通知(FBMCLI.12.8373696).pdf,https://www.pkulaw.com/lar/cdd6827b2fad52c6935536385a23060fbdfb.html,引证码FBMCLI.12.8373696｜规范性文件+结构化
153,pkulaw,法规,省级地方性法规,浙江省无人驾驶航空器公共安全管理规定,浙江省人大(含常委会),浙江省人民代表大会常务委员会公告第11号,2019-03-28,2019-05-01,现行有效,,否,pkulaw\raw_pdf\低空经济\无人驾驶航空器\浙江省无人驾驶航空器公共安全管理规定(FBMCLI.10.1516484).pdf,https://www.pkulaw.com/lar/219b5c40e2c3a901e11ee4a6aa593298bdfb.html,引证码FBMCLI.10.1516484｜未知位阶但结构化
154,pkulaw,法规,地方规范性文件,湖南省人民政府办公厅关于印发《湖南省无人驾驶航空器公共安全管理暂行办法》的通知,湖南省人民政府,湘政办发〔2022〕72号,2022-12-30,2022-12-30,现行有效,,否,pkulaw\raw_pdf\低空经济\无人驾驶航空器\湖南省人民政府办公厅关于印发《湖南省无人驾驶航空器公共安全管理暂行办法》的通知(FBMCLI.12.6402212).pdf,https://www.pkulaw.com/lar/6c2ce546f2be1547af78e0561284beb3bdfb.html,引证码FBMCLI.12.6402212｜规范性文件+结构化
155,pkulaw,法规,地方规范性文件,湖南省公安厅、湖南省工业和信息化厅、湖南省市场监督管理局、湖南省邮政管理局关于印发《湖南省无人驾驶航空器全生命周期备...,湖南省公安厅 湖南省工业和信息化厅 湖南省市场监督管理局 湖南省邮政管理局,湘公发〔2025〕13号,2025-12-29,2025-12-29,现行有效,,否,pkulaw\raw_pdf\低空经济\无人驾驶航空器\湖南省公安厅、湖南省工业和信息化厅、湖南省市场监督管理局、湖南省邮政管理局关于印发《湖南省无人驾驶航空器全生命周期备...(FBMCLI.12.9678923).pdf,https://www.pkulaw.com/lar/d47375421f1ae0b73af27398f2c85d12bdfb.html,引证码FBMCLI.12.9678923｜规范性文件+结构化
156,pkulaw,法规,地方规范性文件,石家庄市人民政府办公室印发《＜关于支持装备制造产业和现代食品产业发展的若干措施＞相关实施细则》的通知(附：引导企业加...,石家庄市人民政府,石政办发〔2026〕2号,2026-02-14,2026-02-14,现行有效,,否,pkulaw\raw_pdf\低空经济\无人驾驶航空器\石家庄市人民政府办公室印发《＜关于支持装备制造产业和现代食品产业发展的若干措施＞相关实施细则》的通知(附：引导企业加...(FBMCLI.12.9688366).pdf,https://www.pkulaw.com/lar/3ade9694e01c3f778673b5a06a8fe24cbdfb.html,引证码FBMCLI.12.9688366｜有附件｜规范性文件+结构化
157,pkulaw,法规,地方规范性文件,福州市人民政府关于推进民用无人驾驶航空器产业高质量发展的若干意见,福州市人民政府,榕政规〔2023〕1号,2023-01-06,2023-01-06,废止或失效,,否,pkulaw\raw_pdf\低空经济\无人驾驶航空器\福州市人民政府关于推进民用无人驾驶航空器产业高质量发展的若干意见(FBMCLI.12.6386652).pdf,https://www.pkulaw.com/lar/639444764ab361a67f8f0c09fea94da8bdfb.html,引证码FBMCLI.12.6386652｜规范性文件+结构化
158,pkulaw,法规,地方规范性文件,芜湖市人民政府关于印发芜湖市民用无人驾驶航空器公共安全管理暂行办法的通知,芜湖市人民政府,芜政〔2025〕61号,2025-08-07,2025-09-10,现行有效,,否,pkulaw\raw_pdf\低空经济\无人驾驶航空器\芜湖市人民政府关于印发芜湖市民用无人驾驶航空器公共安全管理暂行办法的通知(FBMCLI.12.9145157).pdf,https://www.pkulaw.com/lar/57a9281e803ab466e906b7868b180efebdfb.html,引证码FBMCLI.12.9145157｜规范性文件+结构化
159,pkulaw,法规,地方规范性文件,衢州市自然资源和规划局关于印发《衢州市自然资源和规划局关于进一步加强衢州市测绘领域无人驾驶航空器管理的意见》的通知,衢州市自然资源和规划局,衢自然资规〔2023〕113号,2023-11-03,2023-11-03,现行有效,,否,pkulaw\raw_pdf\低空经济\无人驾驶航空器\衢州市自然资源和规划局关于印发《衢州市自然资源和规划局关于进一步加强衢州市测绘领域无人驾驶航空器管理的意见》的通知(FBMCLI.12.7252960).pdf,https://www.pkulaw.com/lar/c40d37dc1617679505535dd115615c21bdfb.html,引证码FBMCLI.12.7252960｜有附件｜规范性文件+结构化
160,pkulaw,法规,,达州市民用无人驾驶航空器公共安全管理办法,达州市人民政府,达州市人民政府令第10号,2024-12-11,2025-02-01,现行有效,,否,pkulaw\raw_pdf\低空经济\无人驾驶航空器\达州市民用无人驾驶航空器公共安全管理办法(FBMCLI.11.8233129).pdf,https://www.pkulaw.com/lar/f279ea379e72e0ccaa137bd68f784a96bdfb.html,引证码FBMCLI.11.8233129｜未知位阶但结构化
161,pkulaw,法规,地方规范性文件,鄂尔多斯市人民政府关于印发鄂尔多斯市民用无人驾驶航空器公共安全管理暂行办法的通知,鄂尔多斯市人民政府,鄂府发〔2026〕36号,2026-05-14,2026-05-14,现行有效,,否,pkulaw\raw_pdf\低空经济\无人驾驶航空器\鄂尔多斯市人民政府关于印发鄂尔多斯市民用无人驾驶航空器公共安全管理暂行办法的通知(FBMCLI.12.10113443).pdf,https://www.pkulaw.com/lar/70c607786bc93bb8e13ea20624981e64bdfb.html,引证码FBMCLI.12.10113443｜规范性文件+结构化
162,pkulaw,法规,,重庆市民用无人驾驶航空器公共安全管理办法,重庆市人民政府,重庆市人民政府令第362号,2023-12-01,2024-02-01,现行有效,,否,pkulaw\raw_pdf\低空经济\无人驾驶航空器\重庆市民用无人驾驶航空器公共安全管理办法(FBMCLI.11.7289962).pdf,https://www.pkulaw.com/lar/14673e2193e4c5581d0378f468688eacbdfb.html,引证码FBMCLI.11.7289962｜未知位阶但结构化
163,pkulaw,法规,,重庆市民用无人驾驶航空器管理暂行办法,重庆市人民政府,重庆市人民政府令第315号,2017-10-29,2017-12-01,废止或失效,,否,pkulaw\raw_pdf\低空经济\无人驾驶航空器\重庆市民用无人驾驶航空器管理暂行办法(FBMCLI.11.1413181).pdf,https://www.pkulaw.com/lar/16210a3652f5143e940d0fa62ca029b4bdfb.html,引证码FBMCLI.11.1413181｜未知位阶但结构化
164,pkulaw,法规,地方规范性文件,黄石市人民政府办公室关于印发《黄石市民用无人驾驶航空器安全管理暂行办法》的通知,黄石市人民政府,黄政办发〔2026〕6号,2026-03-30,2026-04-01,现行有效,,否,pkulaw\raw_pdf\低空经济\无人驾驶航空器\黄石市人民政府办公室关于印发《黄石市民用无人驾驶航空器安全管理暂行办法》的通知(FBMCLI.12.9875197).pdf,https://www.pkulaw.com/lar/9474f33c09d5685ccdf64b03192d2c9dbdfb.html,引证码FBMCLI.12.9875197｜规范性文件+结构化
165,pkulaw,法规,部门规范性文件,海关总署公告2026年第78号――关于规范无人机及相关物项出口申报的公告,海关总署,海关总署公告2026年第78号,2026-06-09,2026-06-30,现行有效,,否,pkulaw\raw_pdf\北大法宝中央法规批量下载2026072914472349\海关总署公告2026年第78号――关于规范无人机及相关物项出口申报的公告(FBMCLI.4.5345691).pdf,https://www.pkulaw.com/chl/e0e4d4ac2c63502bbdfb.html,引证码FBMCLI.4.5345691｜规范性文件+结构化
166,pkulaw,法规,部门规范性文件,交通运输部办公厅关于印发《低空无人机应用公路桥梁巡检技术指南(试行)》的通知,交通运输部,交办公路〔2026〕8号,2026-02-06,2026-02-06,现行有效,,否,pkulaw\raw_pdf\北大法宝中央法规批量下载2026072914510079\交通运输部办公厅关于印发《低空无人机应用公路桥梁巡检技术指南(试行)》的通知(FBMCLI.4.5338964).pdf,https://www.pkulaw.com/chl/cc3280f98004b546bdfb.html,引证码FBMCLI.4.5338964｜有附件｜规范性文件+结构化
167,pkulaw,法规,部门规范性文件,不可靠实体清单工作机制公告2025年第10号——关于将反无人机技术公司等外国实体列入不可靠实体清单的公告,商务部,不可靠实体清单工作机制公告2025年第10号,2025-10-09,2025-10-09,现行有效,,否,pkulaw\raw_pdf\北大法宝中央法规批量下载2026072914510079\不可靠实体清单工作机制公告2025年第10号——关于将反无人机技术公司等外国实体列入不可靠实体清单的公告(FBMCLI.4.5310462).pdf,https://www.pkulaw.com/chl/02bc15d0774b161bbdfb.html,引证码FBMCLI.4.5310462｜规范性文件+结构化
168,pkulaw,法规,部门规范性文件,商务部、海关总署、中央军委装备发展部公告2024年第31号――关于优化调整无人机出口管制措施的公告,商务部 海关总署 中央军委装备发展部,商务部、海关总署、中央军委装备发展部公告2024年第31号,2024-07-31,2024-09-01,废止或失效,,否,pkulaw\raw_pdf\北大法宝中央法规批量下载2026072914510079\商务部、海关总署、中央军委装备发展部公告2024年第31号――关于优化调整无人机出口管制措施的公告(FBMCLI.4.5228390).pdf,https://www.pkulaw.com/chl/714df89904610dfbbdfb.html,引证码FBMCLI.4.5228390｜规范性文件+结构化
169,pkulaw,法规,,深圳市民用微轻型无人机管理暂行办法,深圳市人民政府,深圳市人民政府令第316号,2019-01-29,2019-03-01,现行有效,,否,pkulaw\raw_pdf\北大法宝地方法规规章\深圳市民用微轻型无人机管理暂行办法(FBMCLI.11.1501647).pdf,https://www.pkulaw.com/lar/aea4168ef1a4d647f8024998f81d63d9bdfb.html,引证码FBMCLI.11.1501647｜未知位阶但结构化
170,pkulaw,法规,地方规范性文件,钦州市人民政府办公室关于印发《钦州市低空政务智能无人机应用管理暂行办法》的通知,钦州市人民政府,钦政办〔2026〕14号,2026-06-18,2026-06-18,现行有效,,否,pkulaw\raw_pdf\北大法宝地方规范性文件\钦州市人民政府办公室关于印发《钦州市低空政务智能无人机应用管理暂行办法》的通知(FBMCLI.12.10125853).pdf,https://www.pkulaw.com/lar/e4d8e654b0e4721f38c018c34b1b9114bdfb.html,引证码FBMCLI.12.10125853｜规范性文件+结构化
171,pkulaw,法规,地方规范性文件,沧州市人民政府关于加强对无人机等“低慢小”航空器和空飘物管控的通告,沧州市人民政府,沧政告〔2026〕1号,2026-02-28,2026-02-28,现行有效,,否,pkulaw\raw_pdf\北大法宝地方规范性文件\沧州市人民政府关于加强对无人机等“低慢小”航空器和空飘物管控的通告(FBMCLI.12.9680161).pdf,https://www.pkulaw.com/lar/58aad172b19caa23a44f108138ece147bdfb.html,引证码FBMCLI.12.9680161｜规范性文件+结构化
172,pkulaw,法规,地方规范性文件,武汉市公安局关于印发《武汉市公安局无人机集群飞行表演活动安全监管工作规范》的通知,武汉市公安局,武公规〔2026〕1号,2026-01-29,2026-03-01,现行有效,,否,pkulaw\raw_pdf\北大法宝地方规范性文件\武汉市公安局关于印发《武汉市公安局无人机集群飞行表演活动安全监管工作规范》的通知(FBMCLI.12.10104268).pdf,https://www.pkulaw.com/lar/11a18afb6f08a054a31cb2b568a97f23bdfb.html,引证码FBMCLI.12.10104268｜规范性文件+结构化
173,pkulaw,法规,地方规范性文件,南京市交通运输局、南京市公安局、南京市发展和改革委员会等部门关于印发《南京市民用无人机低空飞行安全管理暂行办法》的通知,南京市交通运输局 南京市公安局 南京市发展和改革委员会 南京市工业和信息化局 南京市规划,宁交规范〔2025〕3号,2025-12-29,2026-02-01,现行有效,,否,pkulaw\raw_pdf\北大法宝地方规范性文件\南京市交通运输局、南京市公安局、南京市发展和改革委员会等部门关于印发《南京市民用无人机低空飞行安全管理暂行办法》的通知(FBMCLI.12.9604862).pdf,https://www.pkulaw.com/lar/7e2d082653f77f6a746b2ac8ae4a26fabdfb.html,引证码FBMCLI.12.9604862｜规范性文件+结构化
174,pkulaw,法规,地方规范性文件,广东省政务服务和数据管理局关于印发《广东省政务领域无人机应用管理办法(试行)》的通知,广东省政务服务数据管理局,,2025-11-13,2025-11-13,现行有效,,否,pkulaw\raw_pdf\北大法宝地方规范性文件\广东省政务服务和数据管理局关于印发《广东省政务领域无人机应用管理办法(试行)》的通知(FBMCLI.12.9517750).pdf,https://www.pkulaw.com/lar/7c80c5c55ecbc24ed1981213094ff931bdfb.html,引证码FBMCLI.12.9517750｜有附件｜规范性文件+结构化
175,pkulaw,法规,地方规范性文件,溧阳市政府办公室关于印发《优化全市政务无人机管理的实施意见(暂行)》的通知,溧阳市人民政府,溧政办发〔2025〕15号,2025-04-23,2025-04-23,现行有效,,否,pkulaw\raw_pdf\北大法宝地方规范性文件\溧阳市政府办公室关于印发《优化全市政务无人机管理的实施意见(暂行)》的通知(FBMCLI.12.8739011).pdf,https://www.pkulaw.com/lar/b59dcdf38597c2a590afaeeaf57c30d7bdfb.html,引证码FBMCLI.12.8739011｜规范性文件+结构化
176,pkulaw,法规,地方规范性文件,成都市经济和信息化局、成都市财政局关于印发《成都市促进工业无人机产业高质量发展的专项政策实施细则》的通知,成都市经济和信息化局 成都市财政局,成经信办〔2024〕11号,2024-04-28,2024-04-28,现行有效,,否,pkulaw\raw_pdf\北大法宝地方规范性文件\成都市经济和信息化局、成都市财政局关于印发《成都市促进工业无人机产业高质量发展的专项政策实施细则》的通知(FBMCLI.12.7467783).pdf,https://www.pkulaw.com/lar/95d71f3ba4c9ad06c13a1b15a84124f5bdfb.html,引证码FBMCLI.12.7467783｜规范性文件+结构化
177,pkulaw,法规,地方规范性文件,山东省农业农村厅关于印发《规范植保无人机飞防作业提高农作物病虫害防治质量指导意见》的通知,山东省农业农村厅,鲁农技字〔2024〕12号,2024-04-18,2024-04-18,现行有效,,否,pkulaw\raw_pdf\北大法宝地方规范性文件\山东省农业农村厅关于印发《规范植保无人机飞防作业提高农作物病虫害防治质量指导意见》的通知(FBMCLI.12.7459626).pdf,https://www.pkulaw.com/lar/db908c79f1279c75066668b84ff7f8b3bdfb.html,引证码FBMCLI.12.7459626｜规范性文件+结构化
178,pkulaw,法规,地方规范性文件,金东区水稻病虫草害无人机防控作业补助实施细则,金华市金东区人民政府,,,2023,现行有效,,否,pkulaw\raw_pdf\北大法宝地方规范性文件\金东区水稻病虫草害无人机防控作业补助实施细则(FBMCLI.12.8259695).pdf,https://www.pkulaw.com/lar/c3259ddc40d1ecff2a6ac5674fa7cb21bdfb.html,引证码FBMCLI.12.8259695｜有附件｜规范性文件+结构化
179,pkulaw,法规,地方规范性文件,东营市人民政府关于促进无人机产业发展的意见,东营市人民政府,东政发〔2020〕10号,2020-07-20,2020-07-20,废止或失效,,否,pkulaw\raw_pdf\北大法宝地方规范性文件\东营市人民政府关于促进无人机产业发展的意见(FBMCLI.12.8498765).pdf,https://www.pkulaw.com/lar/6c356de63db256ac5f45da8271ba9ef4bdfb.html,引证码FBMCLI.12.8498765｜规范性文件+结构化
180,pkulaw,法规,地方规范性文件,海南省交通运输厅关于印发《海南省民用无人机管理办法(暂行)》的通知,海南省交通运输厅,,2020-04-01,2020-05-01,现行有效,,否,pkulaw\raw_pdf\北大法宝地方规范性文件\海南省交通运输厅关于印发《海南省民用无人机管理办法(暂行)》的通知(FBMCLI.12.1597899).pdf,https://www.pkulaw.com/lar/b44650ee2fd93181edb270cce0d0c20ebdfb.html,引证码FBMCLI.12.1597899｜规范性文件+结构化
181,pkulaw,法规,地方规范性文件,海南省地质局办公室关于印发《海南省地质局无人机管理规定(试行)》的通知,海南省地质局,琼地办〔2020〕17号,2020-03-19,2020-03-19,现行有效,,否,pkulaw\raw_pdf\北大法宝地方规范性文件\海南省地质局办公室关于印发《海南省地质局无人机管理规定(试行)》的通知(FBMCLI.12.5503999).pdf,https://www.pkulaw.com/lar/c33d55a9503bcb3e8a0b4e386ad75d83bdfb.html,引证码FBMCLI.12.5503999｜规范性文件+结构化
182,pkulaw,法规,地方规范性文件,溧阳市人民政府关于印发《溧阳市农机购置补贴引导植保无人机规范应用试点实施方案》的通知,溧阳市人民政府,,,2020,现行有效,,否,pkulaw\raw_pdf\北大法宝地方规范性文件\溧阳市人民政府关于印发《溧阳市农机购置补贴引导植保无人机规范应用试点实施方案》的通知(FBMCLI.12.7951543).pdf,https://www.pkulaw.com/lar/5425ebbbb4ce567f27d7a0603105cf5abdfb.html,引证码FBMCLI.12.7951543｜有附件｜规范性文件+结构化
183,pkulaw,法规,地方规范性文件,江苏省工业和信息化厅印发关于促进和规范江苏省民用无人机制造业发展意见的通知,江苏省工业和信息化厅,苏工信装备〔2018〕74号,2018-11-27,2018-11-27,现行有效,,否,pkulaw\raw_pdf\北大法宝地方规范性文件\江苏省工业和信息化厅印发关于促进和规范江苏省民用无人机制造业发展意见的通知(FBMCLI.12.4743682).pdf,https://www.pkulaw.com/lar/6b24417046867a3bc054d914b588e1f2bdfb.html,引证码FBMCLI.12.4743682｜有附件｜规范性文件+结构化
184,pkulaw,法规,地方规范性文件,宝鸡市人民政府办公室关于印发《宝鸡市民用无人机管理暂行规定》的通知,宝鸡市人民政府,宝规[2017]006-市政办001、宝政办发[2017]68号,2017-09-06,2017-10-01,废止或失效,,否,pkulaw\raw_pdf\北大法宝地方规范性文件\宝鸡市人民政府办公室关于印发《宝鸡市民用无人机管理暂行规定》的通知(FBMCLI.12.3940782).pdf,https://www.pkulaw.com/lar/449e9e179bb070ae0bee8c1d250d4367bdfb.html,引证码FBMCLI.12.3940782｜规范性文件+结构化
185,pkulaw,法规,地方规范性文件,中卫市人民政府关于规范中卫沙坡头机场周边通用航空及无人机飞行管理的通告,中卫市人民政府,卫政发〔2016〕119号,2016-10-20,2016-10-20,现行有效,,否,pkulaw\raw_pdf\北大法宝地方规范性文件\中卫市人民政府关于规范中卫沙坡头机场周边通用航空及无人机飞行管理的通告(FBMCLI.12.1230319).pdf,https://www.pkulaw.com/lar/7beba2c611851825634ac908629160f7bdfb.html,引证码FBMCLI.12.1230319｜规范性文件+结构化
186,pkulaw,法规,部门规范性文件,工业和信息化部关于促进和规范民用无人机制造业发展的指导意见,工业和信息化部,工信部装〔2017〕310号,2017-12-06,2017-12-06,现行有效,,否,pkulaw\raw_pdf\北大法宝无人机中央法规51-62\工业和信息化部关于促进和规范民用无人机制造业发展的指导意见(FBMCLI.4.307201).pdf,https://www.pkulaw.com/chl/eac2cb818a42a014bdfb.html,引证码FBMCLI.4.307201｜规范性文件+结构化
187,pkulaw,法规,部门规范性文件,民用无人机驾驶员管理规定(2016修订),中国民用航空局,,2016-07-11,2016-07-11,废止或失效,,否,pkulaw\raw_pdf\北大法宝无人机中央法规51-62\民用无人机驾驶员管理规定(2016修订)(FBMCLI.4.5112467).pdf,https://www.pkulaw.com/chl/506a6b9f3b87569dbdfb.html,引证码FBMCLI.4.5112467｜规范性文件+结构化
188,pkulaw,法规,行业规定,中国消防协会关于发布《消防救援无人机操控员》等4部团体标准的公告,中国消防协会,中消协〔2025〕54号,2025-08-26,2025-12-01,现行有效,,否,pkulaw\raw_pdf\北大法宝无人机中央法规63-16（行业规定）\中国消防协会关于发布《消防救援无人机操控员》等4部团体标准的公告(FBMCLI.6.5307127).pdf,https://www.pkulaw.com/chl/03e08d552b2c897abdfb.html,引证码FBMCLI.6.5307127｜规范性文件+结构化
189,pkulaw,法规,行业规定,中国林学会关于发布《森林草原防火多旋翼无人机喷洒炭化防火剂作业技术规范》等3项团体标准的公告,中国林学会,,2025-01-21,2025-01-21,现行有效,,否,pkulaw\raw_pdf\北大法宝无人机中央法规63-16（行业规定）\中国林学会关于发布《森林草原防火多旋翼无人机喷洒炭化防火剂作业技术规范》等3项团体标准的公告(FBMCLI.6.5289997).pdf,https://www.pkulaw.com/chl/874e7fa44472004fbdfb.html,引证码FBMCLI.6.5289997｜有附件｜规范性文件+结构化
190,pkulaw,法规,行业规定,中国林学会关于发布团体标准《无人机激光雷达森林地上碳储量估测技术规范》的公告,中国林学会,,,2025,现行有效,,否,pkulaw\raw_pdf\北大法宝无人机中央法规63-16（行业规定）\中国林学会关于发布团体标准《无人机激光雷达森林地上碳储量估测技术规范》的公告(FBMCLI.6.5300707).pdf,https://www.pkulaw.com/chl/a14c5ad3c2f14d37bdfb.html,引证码FBMCLI.6.5300707｜有附件｜规范性文件+结构化
191,pkulaw,法规,行业规定,中国林学会关于发布《空投式精确制导森林灭火弹通用技术规范》和《森林草原消防无人机巡护作业技术规程》2项团体标准的公告,中国林学会,,,2023,现行有效,,否,pkulaw\raw_pdf\北大法宝无人机中央法规63-16（行业规定）\中国林学会关于发布《空投式精确制导森林灭火弹通用技术规范》和《森林草原消防无人机巡护作业技术规程》2项团体标准的公告(FBMCLI.6.5177754).pdf,https://www.pkulaw.com/chl/5dfd77739b47ef01bdfb.html,引证码FBMCLI.6.5177754｜有附件｜规范性文件+结构化
192,pkulaw,法规,部门工作文件,商务部、海关总署、国家国防科工局、中央军委装备发展部关于对部分无人机实施临时出口管制的公告,商务部 海关总署 国家国防科技工业局 中央军委装备发展部,商务部公告2023年第28号,2023-07-31,2023-09-01,废止或失效,,否,pkulaw\raw_pdf\北大法宝无人机中央法规前50\商务部、海关总署、国家国防科工局、中央军委装备发展部关于对部分无人机实施临时出口管制的公告(FBMCLI.4.5172536).pdf,https://www.pkulaw.com/chl/56b34777c0fbc9d3bdfb.html,引证码FBMCLI.4.5172536｜工作文件+含条文
193,pkulaw,法规,部门规范性文件,基于无人机的民用航空飞行校验专用地空数据链系统通用技术应用指导意见(试行),中国民用航空局,,2022-01-25,2022-01-25,现行有效,,否,pkulaw\raw_pdf\北大法宝无人机中央法规前50\基于无人机的民用航空飞行校验专用地空数据链系统通用技术应用指导意见(试行)(FBMCLI.4.5115098).pdf,https://www.pkulaw.com/chl/ba5684a673e63f65bdfb.html,引证码FBMCLI.4.5115098｜有附件｜规范性文件+结构化
194,pkulaw,法规,部门规范性文件,民用无人机操控员执照考试管理服务提供方制度实施办法,中国民用航空局,,2021-12-23,2022-01-01,现行有效,,否,pkulaw\raw_pdf\北大法宝无人机中央法规前50\民用无人机操控员执照考试管理服务提供方制度实施办法(FBMCLI.4.5306048).pdf,https://www.pkulaw.com/chl/107369e1f22d81ddbdfb.html,引证码FBMCLI.4.5306048｜有附件｜规范性文件+结构化
195,pkulaw,法规,部门规范性文件,国家邮政局关于发布《无人机快递投递服务规范》邮政行业标准的通知,国家邮政局,国邮发[2020]66号,2020,2021-01-01,现行有效,,否,pkulaw\raw_pdf\北大法宝无人机中央法规前50\国家邮政局关于发布《无人机快递投递服务规范》邮政行业标准的通知(FBMCLI.4.5109850).pdf,https://www.pkulaw.com/chl/ddb5ed0bd98186edbdfb.html,引证码FBMCLI.4.5109850｜有附件｜规范性文件+结构化
196,pkulaw,法规,部门规范性文件,民航局关于印发《轻小型民用无人机飞行动态数据管理规定》的通知,中国民用航空局,民航规〔2019〕64号,2019-11-19,2019-11-19,现行有效,,否,pkulaw\raw_pdf\北大法宝无人机中央法规前50\民航局关于印发《轻小型民用无人机飞行动态数据管理规定》的通知(FBMCLI.4.337376).pdf,https://www.pkulaw.com/chl/90a68966c8f45b35bdfb.html,引证码FBMCLI.4.337376｜有附件｜规范性文件+结构化
197,pkulaw,法规,部门规范性文件,中国民用航空局航空器适航审定司关于印发《基于运行风险的无人机适航审定指导意见》的通知,中国民用航空局,民航适发〔2019〕3号,2019-01-23,2019-01-23,现行有效,,否,pkulaw\raw_pdf\北大法宝无人机中央法规前50\中国民用航空局航空器适航审定司关于印发《基于运行风险的无人机适航审定指导意见》的通知(FBMCLI.4.329570).pdf,https://www.pkulaw.com/chl/1441efad61742585bdfb.html,引证码FBMCLI.4.329570｜有附件｜规范性文件+结构化
198,pkulaw,案例,司法案例,2017年北京市专利行政保护十大典型案件之一：无人机系列专利侵权纠纷案,,,,,,,否,pkulaw\raw_pdf\无人机司法案例pdf\无人机司法案例pdf\2017年北京市专利行政保护十大典型案件之一：无人机系列专利侵权纠纷案(FBMCLI.C.86967719).pdf,https://www.pkulaw.com/pfnl/a6bdb3332ec0adc4ca58995a71f228561690e42aa1b,引证码FBMCLI.C.86967719｜司法案例(单独管线)
199,pkulaw,案例,司法案例,579王宇与田海彦、上海钛灵盾无人机技术有限公司民间借贷纠纷一审民事裁定书,,,,,,,否,pkulaw\raw_pdf\无人机司法案例pdf\无人机司法案例pdf\579王宇与田海彦、上海钛灵盾无人机技术有限公司民间借贷纠纷一审民事裁定书(FBMCLI.C.322632505).pdf,https://www.pkulaw.com/pfnl/c05aeed05a57db0a398cd29f718ce62d6358320b1e6,引证码FBMCLI.C.322632505｜司法案例(单独管线)
200,pkulaw,案例,司法案例,一航无人机科技（威信）有限公司;张曾宏服务合同纠纷一审民事裁定书,,,,,,,否,pkulaw\raw_pdf\无人机司法案例pdf\无人机司法案例pdf\一航无人机科技（威信）有限公司;张曾宏服务合同纠纷一审民事裁定书(FBMCLI.C.573014723).pdf,https://www.pkulaw.com/pfnl/c7ed112b8012f816d7c6f06ad494fd9df5df67dc94f0d,引证码FBMCLI.C.573014723｜司法案例(单独管线)
201,pkulaw,案例,司法案例,三胞集团有限公司、深圳市高端无人机有限公司买卖合同纠纷二审民事判决书,,,,,,,否,pkulaw\raw_pdf\无人机司法案例pdf\无人机司法案例pdf\三胞集团有限公司、深圳市高端无人机有限公司买卖合同纠纷二审民事判决书(FBMCLI.C.311340685).pdf,https://www.pkulaw.com/pfnl/c05aeed05a57db0a51049bcf60b9d37a633b5fa6ce3,引证码FBMCLI.C.311340685｜司法案例(单独管线)
202,pkulaw,案例,司法案例,上海市浦东新区人民法院发布10起服务保障航空经济高质量发展典型案例(2021年-2025年)之十：钟某与上海市某中学教育机构责任...,,,,,,,否,pkulaw\raw_pdf\无人机司法案例pdf\无人机司法案例pdf\上海市浦东新区人民法院发布10起服务保障航空经济高质量发展典型案例(2021年-2025年)之十：钟某与上海市某中学教育机构责任...(FBMCLI.C.574928368).pdf,https://www.pkulaw.com/pfnl/c7ed112b8012f8162ff407bb5aca20484ab0d78afa31,引证码FBMCLI.C.574928368｜司法案例(单独管线)
203,pkulaw,案例,司法案例,上海市高级人民法院发布8起依法打击新型网络犯罪典型案例之三：高某、刘某康提供侵入计算机信息系统程序案——为他人提供破...,,,,,,,否,pkulaw\raw_pdf\无人机司法案例pdf\无人机司法案例pdf\上海市高级人民法院发布8起依法打击新型网络犯罪典型案例之三：高某、刘某康提供侵入计算机信息系统程序案——为他人提供破...(FBMCLI.C.576620106).pdf,https://www.pkulaw.com/pfnl/c7ed112b8012f81669afed5c5e87674a1057a3ebc66,引证码FBMCLI.C.576620106｜司法案例(单独管线)
204,pkulaw,案例,司法案例,上海捷网国际物流有限公司、深圳市爱飞无人机技术有限公司等合同纠纷民事管辖上诉管辖裁定书,,,,,,,否,pkulaw\raw_pdf\无人机司法案例pdf\无人机司法案例pdf\上海捷网国际物流有限公司、深圳市爱飞无人机技术有限公司等合同纠纷民事管辖上诉管辖裁定书(FBMCLI.C.419542478).pdf,https://www.pkulaw.com/pfnl/95b2ca8d4055fce1a0db299bc4da40b85c352c86571,引证码FBMCLI.C.419542478｜司法案例(单独管线)
205,pkulaw,案例,司法案例,上海红富士家纺有限公司管理人与上海鲲哥无人机科技有限公司请求撤销个别清偿行为纠纷一审民事判决书,,,,,,,否,pkulaw\raw_pdf\无人机司法案例pdf\无人机司法案例pdf\上海红富士家纺有限公司管理人与上海鲲哥无人机科技有限公司请求撤销个别清偿行为纠纷一审民事判决书(FBMCLI.C.503837298).pdf,https://www.pkulaw.com/pfnl/08df102e7c10f2066a400d642b0b15efc7445beba818,引证码FBMCLI.C.503837298｜司法案例(单独管线)
206,pkulaw,案例,司法案例,上海裕芮信息技术有限公司与台州聚贤无人机科技有限公司委托合同纠纷一审民事判决书,,,,,,,否,pkulaw\raw_pdf\无人机司法案例pdf\无人机司法案例pdf\上海裕芮信息技术有限公司与台州聚贤无人机科技有限公司委托合同纠纷一审民事判决书(FBMCLI.C.312032054).pdf,https://www.pkulaw.com/pfnl/c05aeed05a57db0aa2cd1dd03ac644bdcb29e268f9f,引证码FBMCLI.C.312032054｜司法案例(单独管线)
207,pkulaw,案例,司法案例,上海裕芮信息技术有限公司与台州聚贤无人机科技有限公司委托合同纠纷一审民事裁定书,,,,,,,否,pkulaw\raw_pdf\无人机司法案例pdf\无人机司法案例pdf\上海裕芮信息技术有限公司与台州聚贤无人机科技有限公司委托合同纠纷一审民事裁定书(FBMCLI.C.312597434).pdf,https://www.pkulaw.com/pfnl/c05aeed05a57db0afc7cf527b678548c6aadce5716f4,引证码FBMCLI.C.312597434｜司法案例(单独管线)
208,pkulaw,案例,司法案例,上海钛灵盾无人机技术有限公司、中顺农业发展（山东）有限公司等买卖合同纠纷民事二审民事判决书,,,,,,,否,pkulaw\raw_pdf\无人机司法案例pdf\无人机司法案例pdf\上海钛灵盾无人机技术有限公司、中顺农业发展（山东）有限公司等买卖合同纠纷民事二审民事判决书(FBMCLI.C.548490817).pdf,https://www.pkulaw.com/pfnl/08df102e7c10f2065ed67cec9f01039e177f695cfcc8b,引证码FBMCLI.C.548490817｜有附件｜司法案例(单独管线)
209,pkulaw,案例,司法案例,上海钛灵盾无人机技术有限公司与北京恒聚天德城市规划设计研究院有限公司合同纠纷一审民事判决书,,,,,,,否,pkulaw\raw_pdf\无人机司法案例pdf\无人机司法案例pdf\上海钛灵盾无人机技术有限公司与北京恒聚天德城市规划设计研究院有限公司合同纠纷一审民事判决书(FBMCLI.C.114476806).pdf,https://www.pkulaw.com/pfnl/a6bdb3332ec0adc49ba766f84bd299d249d9bbaa327,引证码FBMCLI.C.114476806｜有附件｜司法案例(单独管线)
210,pkulaw,案例,司法案例,东汉太阳能无人机技术有限公司与孙乙月劳动争议一审民事判决书,,,,,,,否,pkulaw\raw_pdf\无人机司法案例pdf\无人机司法案例pdf\东汉太阳能无人机技术有限公司与孙乙月劳动争议一审民事判决书(FBMCLI.C.109996364).pdf,https://www.pkulaw.com/pfnl/a6bdb3332ec0adc4e4c8b232ac8e02808d492e37d77,引证码FBMCLI.C.109996364｜司法案例(单独管线)
211,pkulaw,案例,司法案例,东汉太阳能无人机技术有限公司与李岳东劳动争议一审民事判决书,,,,,,,否,pkulaw\raw_pdf\无人机司法案例pdf\无人机司法案例pdf\东汉太阳能无人机技术有限公司与李岳东劳动争议一审民事判决书(FBMCLI.C.109742773).pdf,https://www.pkulaw.com/pfnl/a6bdb3332ec0adc4a2ba40789034828f72966f3273a,引证码FBMCLI.C.109742773｜司法案例(单独管线)
212,pkulaw,案例,司法案例,东汉太阳能无人机技术有限公司与梁士平劳动争议一审民事判决书,,,,,,,否,pkulaw\raw_pdf\无人机司法案例pdf\无人机司法案例pdf\东汉太阳能无人机技术有限公司与梁士平劳动争议一审民事判决书(FBMCLI.C.109716026).pdf,https://www.pkulaw.com/pfnl/a6bdb3332ec0adc48a13eac1c0692733875a07cf6d6,引证码FBMCLI.C.109716026｜司法案例(单独管线)
213,pkulaw,案例,司法案例,东汉太阳能无人机技术有限公司与覃慷劳动争议一审民事判决书,,,,,,,否,pkulaw\raw_pdf\无人机司法案例pdf\无人机司法案例pdf\东汉太阳能无人机技术有限公司与覃慷劳动争议一审民事判决书(FBMCLI.C.109626469).pdf,https://www.pkulaw.com/pfnl/a6bdb3332ec0adc4dbbe46eb1c8b0aad8b46aaa78ac,引证码FBMCLI.C.109626469｜司法案例(单独管线)
214,pkulaw,案例,司法案例,东汉太阳能无人机技术有限公司与陈柽劳动争议一审民事判决书,,,,,,,否,pkulaw\raw_pdf\无人机司法案例pdf\无人机司法案例pdf\东汉太阳能无人机技术有限公司与陈柽劳动争议一审民事判决书(FBMCLI.C.109990572).pdf,https://www.pkulaw.com/pfnl/a6bdb3332ec0adc4467e369e8f06cbd44276c4387a9,引证码FBMCLI.C.109990572｜司法案例(单独管线)
215,pkulaw,案例,司法案例,东莞市中科科技企业加速器有限公司、东莞市雅联无人机科技有限公司租赁合同纠纷民事二审民事判决书,,,,,,,否,pkulaw\raw_pdf\无人机司法案例pdf\无人机司法案例pdf\东莞市中科科技企业加速器有限公司、东莞市雅联无人机科技有限公司租赁合同纠纷民事二审民事判决书(FBMCLI.C.404294043).pdf,https://www.pkulaw.com/pfnl/95b2ca8d4055fce1b115f1e1389b94ae1514ce207d8f,引证码FBMCLI.C.404294043｜司法案例(单独管线)
216,pkulaw,案例,司法案例,东莞市中韩鑫电机有限公司与广东澄星无人机股份有限公司买卖合同纠纷一审民事判决书,,,,,,,否,pkulaw\raw_pdf\无人机司法案例pdf\无人机司法案例pdf\东莞市中韩鑫电机有限公司与广东澄星无人机股份有限公司买卖合同纠纷一审民事判决书(FBMCLI.C.99172686).pdf,https://www.pkulaw.com/pfnl/a6bdb3332ec0adc403c6fb8bd743f70a55f3a3147c9d,引证码FBMCLI.C.99172686｜司法案例(单独管线)
217,pkulaw,案例,司法案例,东莞市力维升碳纤维制品科技有限公司与富平县韦加无人机科技有限公司、北京韦加智能科技股份有限公司买卖合同纠纷一案民事一...,,,,,,,否,pkulaw\raw_pdf\无人机司法案例pdf\无人机司法案例pdf\东莞市力维升碳纤维制品科技有限公司与富平县韦加无人机科技有限公司、北京韦加智能科技股份有限公司买卖合同纠纷一案民事一...(FBMCLI.C.317595025).pdf,https://www.pkulaw.com/pfnl/c05aeed05a57db0a36ca053d1aa69cf8b98536226bd,引证码FBMCLI.C.317595025｜司法案例(单独管线)
218,pkulaw,案例,司法案例,东莞市畅科电机有限公司、广东澄星无人机股份有限公司买卖合同纠纷执行实施类执行裁定书,,,,,,,否,pkulaw\raw_pdf\无人机司法案例pdf\无人机司法案例pdf\东莞市畅科电机有限公司、广东澄星无人机股份有限公司买卖合同纠纷执行实施类执行裁定书(FBMCLI.C.311406522).pdf,https://www.pkulaw.com/pfnl/c05aeed05a57db0ae9fd2a18c3b92ccc4f1cabb192e5,引证码FBMCLI.C.311406522｜司法案例(单独管线)
219,pkulaw,案例,司法案例,东莞市畅科电机有限公司与广东澄星无人机股份有限公司买卖合同纠纷一审民事判决书,,,,,,,否,pkulaw\raw_pdf\无人机司法案例pdf\无人机司法案例pdf\东莞市畅科电机有限公司与广东澄星无人机股份有限公司买卖合同纠纷一审民事判决书(FBMCLI.C.83950822).pdf,https://www.pkulaw.com/pfnl/a6bdb3332ec0adc4e78f9d7e6aed294e6b23552313b,引证码FBMCLI.C.83950822｜司法案例(单独管线)
220,pkulaw,案例,司法案例,东莞市金泰胶贴制品有限公司与广东澄星无人机股份有限公司买卖合同纠纷一审民事判决书,,,,,,,否,pkulaw\raw_pdf\无人机司法案例pdf\无人机司法案例pdf\东莞市金泰胶贴制品有限公司与广东澄星无人机股份有限公司买卖合同纠纷一审民事判决书(FBMCLI.C.88720185).pdf,https://www.pkulaw.com/pfnl/a6bdb3332ec0adc4d06959f25e63af4a8750ba4f8382,引证码FBMCLI.C.88720185｜司法案例(单独管线)
221,pkulaw,案例,司法案例,东莞市银燕电气科技有限公司与广东澄星无人机股份有限公司买卖合同纠纷一案一审判决书,,,,,,,否,pkulaw\raw_pdf\无人机司法案例pdf\无人机司法案例pdf\东莞市银燕电气科技有限公司与广东澄星无人机股份有限公司买卖合同纠纷一案一审判决书(FBMCLI.C.94930250).pdf,https://www.pkulaw.com/pfnl/a6bdb3332ec0adc41df9aca984e66b0d483eee3ae6e,引证码FBMCLI.C.94930250｜司法案例(单独管线)
222,pkulaw,案例,司法案例,东营航空产业技术研究院;西安爱生无人机技术有限公司;买卖合同纠纷管辖上诉管辖裁定书,,,,,,,否,pkulaw\raw_pdf\无人机司法案例pdf\无人机司法案例pdf\东营航空产业技术研究院;西安爱生无人机技术有限公司;买卖合同纠纷管辖上诉管辖裁定书(FBMCLI.C.568942566).pdf,https://www.pkulaw.com/pfnl/c7ed112b8012f8162d93a2e61e8c2a327c0e68dfba5,引证码FBMCLI.C.568942566｜司法案例(单独管线)
223,pkulaw,案例,司法案例,中国东方资产管理股份有限公司广东省分公司、广东澄星无人机股份有限公司金融借款合同纠纷执行实施类执行裁定书,,,,,,,否,pkulaw\raw_pdf\无人机司法案例pdf\无人机司法案例pdf\中国东方资产管理股份有限公司广东省分公司、广东澄星无人机股份有限公司金融借款合同纠纷执行实施类执行裁定书(FBMCLI.C.310289797).pdf,https://www.pkulaw.com/pfnl/c05aeed05a57db0ab6b1a95f9d29efd74269a32ca8cf,引证码FBMCLI.C.310289797｜司法案例(单独管线)
224,pkulaw,案例,司法案例,中国人民财产保险股份有限公司武汉市分公司、武汉智能鸟无人机有限公司等民事二审民事判决书,,,,,,,否,pkulaw\raw_pdf\无人机司法案例pdf\无人机司法案例pdf\中国人民财产保险股份有限公司武汉市分公司、武汉智能鸟无人机有限公司等民事二审民事判决书(FBMCLI.C.510399533).pdf,https://www.pkulaw.com/pfnl/08df102e7c10f20663b659628add7d709d4da5559ff4,引证码FBMCLI.C.510399533｜司法案例(单独管线)
225,pkulaw,案例,司法案例,中国平安财产保险股份有限公司青岛中心支公司、烟台云都海鹰无人机应用技术有限公司财产保险合同纠纷民事二审民事判决书,,,,,,,否,pkulaw\raw_pdf\无人机司法案例pdf\无人机司法案例pdf\中国平安财产保险股份有限公司青岛中心支公司、烟台云都海鹰无人机应用技术有限公司财产保险合同纠纷民事二审民事判决书(FBMCLI.C.410729420).pdf,https://www.pkulaw.com/pfnl/95b2ca8d4055fce1b63c403e5fbc70ae29006aa40bb,引证码FBMCLI.C.410729420｜司法案例(单独管线)
226,pkulaw,案例,司法案例,"中国建设银行股份有限公司汕头市分行与广东澄星无人机股份有限公司,陈加华,蔡俊彬借款合同纠纷一审民事裁定书",,,,,,,否,"pkulaw\raw_pdf\无人机司法案例pdf\无人机司法案例pdf\中国建设银行股份有限公司汕头市分行与广东澄星无人机股份有限公司,陈加华,蔡俊彬借款合同纠纷一审民事裁定书(FBMCLI.C.79787832).pdf",https://www.pkulaw.com/pfnl/a6bdb3332ec0adc4b80b7b3a249caafadedaa131f29f,引证码FBMCLI.C.79787832｜司法案例(单独管线)
227,pkulaw,案例,司法案例,中电科仪器仪表有限公司与西安爱生无人机技术有限公司票据纠纷一审民事裁定书,,,,,,,否,pkulaw\raw_pdf\无人机司法案例pdf\无人机司法案例pdf\中电科仪器仪表有限公司与西安爱生无人机技术有限公司票据纠纷一审民事裁定书(FBMCLI.C.119899168).pdf,https://www.pkulaw.com/pfnl/a6bdb3332ec0adc48faf3362931757b19bde2ffa7d89,引证码FBMCLI.C.119899168｜司法案例(单独管线)
228,pkulaw,案例,司法案例,中科航宇（北京）自动化工程技术有限公司、北京元一创智无人机科技有限责任公司买卖合同纠纷一审民事调解书,,,,,,,否,pkulaw\raw_pdf\无人机司法案例pdf\无人机司法案例pdf\中科航宇（北京）自动化工程技术有限公司、北京元一创智无人机科技有限责任公司买卖合同纠纷一审民事调解书(FBMCLI.C.97848575).pdf,https://www.pkulaw.com/pfnl/a6bdb3332ec0adc46c0f888f0375284273ff28537fe19,引证码FBMCLI.C.97848575｜司法案例(单独管线)
229,pkulaw,案例,司法案例,临沂威鹰无人机控制技术有限公司与江苏星睿航空科技有限公司买卖合同纠纷执行裁定书,,,,,,,否,pkulaw\raw_pdf\无人机司法案例pdf\无人机司法案例pdf\临沂威鹰无人机控制技术有限公司与江苏星睿航空科技有限公司买卖合同纠纷执行裁定书(FBMCLI.C.322911237).pdf,https://www.pkulaw.com/pfnl/c05aeed05a57db0ab236f4184dc686ca457057c0998,引证码FBMCLI.C.322911237｜司法案例(单独管线)
230,pkulaw,案例,司法案例,临沂飞防农业植保有限公司、山东腾跃航空无人机科技有限公司不当得利纠纷民事二审民事判决书,,,,,,,否,pkulaw\raw_pdf\无人机司法案例pdf\无人机司法案例pdf\临沂飞防农业植保有限公司、山东腾跃航空无人机科技有限公司不当得利纠纷民事二审民事判决书(FBMCLI.C.323696329).pdf,https://www.pkulaw.com/pfnl/c05aeed05a57db0acdd707bb5d3de6b0bb09d7dfeaa,引证码FBMCLI.C.323696329｜司法案例(单独管线)
231,pkulaw,案例,司法案例,乐吉琳、云南知名无人机科技有限公司申请司法确认调解协议特别程序：确认调解协议民事裁定书,,,,,,,否,pkulaw\raw_pdf\无人机司法案例pdf\无人机司法案例pdf\乐吉琳、云南知名无人机科技有限公司申请司法确认调解协议特别程序：确认调解协议民事裁定书(FBMCLI.C.319976166).pdf,https://www.pkulaw.com/pfnl/c05aeed05a57db0a1112e81559c9169c227d2a3fa16,引证码FBMCLI.C.319976166｜司法案例(单独管线)
232,pkulaw,案例,司法案例,乐海明与洛克希德（武汉）无人机科学研究院有限公司劳动争议执行裁定书,,,,,,,否,pkulaw\raw_pdf\无人机司法案例pdf\无人机司法案例pdf\乐海明与洛克希德（武汉）无人机科学研究院有限公司劳动争议执行裁定书(FBMCLI.C.62356233).pdf,https://www.pkulaw.com/pfnl/a25051f3312b07f3ea36469345d84a85d9d12b84030,引证码FBMCLI.C.62356233｜司法案例(单独管线)
233,pkulaw,案例,司法案例,于海生与辽宁大壮无人机科技有限公司追索劳动报酬纠纷二审裁定书,,,,,,,否,pkulaw\raw_pdf\无人机司法案例pdf\无人机司法案例pdf\于海生与辽宁大壮无人机科技有限公司追索劳动报酬纠纷二审裁定书(FBMCLI.C.502919583).pdf,https://www.pkulaw.com/pfnl/08df102e7c10f2069f0df03e346deccf865869442f8cb,引证码FBMCLI.C.502919583｜司法案例(单独管线)
234,pkulaw,案例,司法案例,五莲县恒泰广告中心、山东巨岚无人机科技有限公司装饰装修合同纠纷民事一审民事判决书,,,,,,,否,pkulaw\raw_pdf\无人机司法案例pdf\无人机司法案例pdf\五莲县恒泰广告中心、山东巨岚无人机科技有限公司装饰装修合同纠纷民事一审民事判决书(FBMCLI.C.431608861).pdf,https://www.pkulaw.com/pfnl/95b2ca8d4055fce178113f184d5f4a3da33e869293a3,引证码FBMCLI.C.431608861｜司法案例(单独管线)
235,pkulaw,案例,司法案例,亨通集团有限公司与广东鑫德金能源进出口有限公司、陈建军、深圳慈航无人机有限公司、深圳慈航无人智能系统技术有限公司借款...,,,,,,,否,pkulaw\raw_pdf\无人机司法案例pdf\无人机司法案例pdf\亨通集团有限公司与广东鑫德金能源进出口有限公司、陈建军、深圳慈航无人机有限公司、深圳慈航无人智能系统技术有限公司借款...(FBMCLI.C.317691286).pdf,https://www.pkulaw.com/pfnl/c05aeed05a57db0aedef97ba4b80eb39332c4a2d3ec,引证码FBMCLI.C.317691286｜司法案例(单独管线)
236,pkulaw,案例,司法案例,伍福金、桂林精纳无人机科技有限公司合同纠纷首次执行执行裁定书,,,,,,,否,pkulaw\raw_pdf\无人机司法案例pdf\无人机司法案例pdf\伍福金、桂林精纳无人机科技有限公司合同纠纷首次执行执行裁定书(FBMCLI.C.324766415).pdf,https://www.pkulaw.com/pfnl/c05aeed05a57db0a409965944885612476a0ecf10f4,引证码FBMCLI.C.324766415｜司法案例(单独管线)
237,pkulaw,案例,司法案例,伍福金与广西精纳恒宇无人机科技有限公司、桂林精纳无人机科技有限公司装饰装修合同纠纷一审民事判决书,,,,,,,否,pkulaw\raw_pdf\无人机司法案例pdf\无人机司法案例pdf\伍福金与广西精纳恒宇无人机科技有限公司、桂林精纳无人机科技有限公司装饰装修合同纠纷一审民事判决书(FBMCLI.C.103471543).pdf,https://www.pkulaw.com/pfnl/a6bdb3332ec0adc4cfb1c8d2f7a9ca676a6f031d6986,引证码FBMCLI.C.103471543｜司法案例(单独管线)
238,pkulaw,案例,司法案例,伍解友与湖南银之通无人机科技有限公司申请公司清算一案一审民事裁定书,,,,,,,否,pkulaw\raw_pdf\无人机司法案例pdf\无人机司法案例pdf\伍解友与湖南银之通无人机科技有限公司申请公司清算一案一审民事裁定书(FBMCLI.C.93545535).pdf,https://www.pkulaw.com/pfnl/a6bdb3332ec0adc4f0ad3fe16c83475704dbe11022c,引证码FBMCLI.C.93545535｜司法案例(单独管线)
239,pkulaw,案例,司法案例,何某与陈某、厦门某无人机工程中心有限公司等一审民事判决书,,,,,,,否,pkulaw\raw_pdf\无人机司法案例pdf\无人机司法案例pdf\何某与陈某、厦门某无人机工程中心有限公司等一审民事判决书(FBMCLI.C.558959503).pdf,https://www.pkulaw.com/pfnl/08df102e7c10f2066b78d840559a13d5e2246667d67,引证码FBMCLI.C.558959503｜司法案例(单独管线)
240,pkulaw,案例,司法案例,余俊与洛克希德（武汉）无人机科学研究院有限公司劳动争议执行裁定书,,,,,,,否,pkulaw\raw_pdf\无人机司法案例pdf\无人机司法案例pdf\余俊与洛克希德（武汉）无人机科学研究院有限公司劳动争议执行裁定书(FBMCLI.C.63111040).pdf,https://www.pkulaw.com/pfnl/a6bdb3332ec0adc487d659b4752fb5e4ee229b8495b,引证码FBMCLI.C.63111040｜司法案例(单独管线)
241,pkulaw,案例,司法案例,佛山市南海松岗华达印刷厂、东莞市雅联无人机科技有限公司买卖合同纠纷一审执行裁定书,,,,,,,否,pkulaw\raw_pdf\无人机司法案例pdf\无人机司法案例pdf\佛山市南海松岗华达印刷厂、东莞市雅联无人机科技有限公司买卖合同纠纷一审执行裁定书(FBMCLI.C.120303932).pdf,https://www.pkulaw.com/pfnl/a6bdb3332ec0adc43c79702b9498a682773bc96cd1c,引证码FBMCLI.C.120303932｜司法案例(单独管线)
242,pkulaw,案例,司法案例,侯新宇;汕头市澄海区科航鹏翼无人机科技商行信息网络买卖合同纠纷一审民事裁定书,,,,,,,否,pkulaw\raw_pdf\无人机司法案例pdf\无人机司法案例pdf\侯新宇;汕头市澄海区科航鹏翼无人机科技商行信息网络买卖合同纠纷一审民事裁定书(FBMCLI.C.573306534).pdf,https://www.pkulaw.com/pfnl/c7ed112b8012f816510554015f62e2964a84341761c,引证码FBMCLI.C.573306534｜司法案例(单独管线)
243,pkulaw,案例,司法案例,侯某艳；延吉市某无人机专卖店；李某租赁合同纠纷一审民事裁定书,,,,,,,否,pkulaw\raw_pdf\无人机司法案例pdf\无人机司法案例pdf\侯某艳；延吉市某无人机专卖店；李某租赁合同纠纷一审民事裁定书(FBMCLI.C.576455201).pdf,https://www.pkulaw.com/pfnl/c7ed112b8012f816620563781c24fe4deb6dc3c452f2,引证码FBMCLI.C.576455201｜司法案例(单独管线)
244,pkulaw,案例,司法案例,保全人中国农业银行股份有限公司、吉林省天润无人机科技有限公司借款合同纠纷财产保全执行执行通知书,,,,,,,否,pkulaw\raw_pdf\无人机司法案例pdf\无人机司法案例pdf\保全人中国农业银行股份有限公司、吉林省天润无人机科技有限公司借款合同纠纷财产保全执行执行通知书(FBMCLI.C.511585498).pdf,https://www.pkulaw.com/pfnl/08df102e7c10f20627345983037ae75b99bda6485d5,引证码FBMCLI.C.511585498｜司法案例(单独管线)
245,pkulaw,案例,司法案例,俞宇鹏、极飞无人机教育科技（深圳）有限公司、赖进发等其他案由执行实施类执行裁定书,,,,,,,否,pkulaw\raw_pdf\无人机司法案例pdf\无人机司法案例pdf\俞宇鹏、极飞无人机教育科技（深圳）有限公司、赖进发等其他案由执行实施类执行裁定书(FBMCLI.C.72564752).pdf,https://www.pkulaw.com/pfnl/a6bdb3332ec0adc4371a11823b5bbf242d9f362905d,引证码FBMCLI.C.72564752｜司法案例(单独管线)
246,pkulaw,案例,司法案例,倪兴;安徽天机翼无人机科技有限公司买卖合同纠纷管辖上诉管辖裁定书,,,,,,,否,pkulaw\raw_pdf\无人机司法案例pdf\无人机司法案例pdf\倪兴;安徽天机翼无人机科技有限公司买卖合同纠纷管辖上诉管辖裁定书(FBMCLI.C.569719476).pdf,https://www.pkulaw.com/pfnl/c7ed112b8012f8168009f412da3d6afc815348d4fd46,引证码FBMCLI.C.569719476｜司法案例(单独管线)
247,pkulaw,案例,司法案例,全球鹰（深圳）无人机有限公司、深圳市沧龙数码科技有限公司劳动合同纠纷二审民事判决书,,,,,,,否,pkulaw\raw_pdf\无人机司法案例pdf\无人机司法案例pdf\全球鹰（深圳）无人机有限公司、深圳市沧龙数码科技有限公司劳动合同纠纷二审民事判决书(FBMCLI.C.120732765).pdf,https://www.pkulaw.com/pfnl/a6bdb3332ec0adc47bac2ed58b5d66a6db895eae00e,引证码FBMCLI.C.120732765｜司法案例(单独管线)
248,pkulaw,案例,司法案例,全球鹰（深圳）无人机有限公司、胡赞江技术委托开发合同纠纷民事二审民事裁定书,,,,,,,否,pkulaw\raw_pdf\无人机司法案例pdf\无人机司法案例pdf\全球鹰（深圳）无人机有限公司、胡赞江技术委托开发合同纠纷民事二审民事裁定书(FBMCLI.C.324048683).pdf,https://www.pkulaw.com/pfnl/c05aeed05a57db0a50370c5a9c4a88126143ebd1f81,引证码FBMCLI.C.324048683｜司法案例(单独管线)
249,pkulaw,案例,司法案例,内蒙古纵横大鹏科技有限公司、内蒙古应急无人机飞行总队有限责任公司巴彦淖尔基地分公司民事一审民事判决书,,,,,,,否,pkulaw\raw_pdf\无人机司法案例pdf\无人机司法案例pdf\内蒙古纵横大鹏科技有限公司、内蒙古应急无人机飞行总队有限责任公司巴彦淖尔基地分公司民事一审民事判决书(FBMCLI.C.560736527).pdf,https://www.pkulaw.com/pfnl/08df102e7c10f20678f0a82cf914330370ea88dcdbcc,引证码FBMCLI.C.560736527｜司法案例(单独管线)
250,pkulaw,案例,司法案例,内蒙古金航无人机科技有限公司、亿利资源集团有限公司合同纠纷执行实施类执行通知书,,,,,,,否,pkulaw\raw_pdf\无人机司法案例pdf\无人机司法案例pdf\内蒙古金航无人机科技有限公司、亿利资源集团有限公司合同纠纷执行实施类执行通知书(FBMCLI.C.319874689).pdf,https://www.pkulaw.com/pfnl/c05aeed05a57db0a30147b22f24fe492665b96e08b7,引证码FBMCLI.C.319874689｜司法案例(单独管线)
251,pkulaw,案例,司法案例,内蒙古金航无人机科技有限公司、亿利资源集团有限公司特别程序民事裁定书,,,,,,,否,pkulaw\raw_pdf\无人机司法案例pdf\无人机司法案例pdf\内蒙古金航无人机科技有限公司、亿利资源集团有限公司特别程序民事裁定书(FBMCLI.C.316980312).pdf,https://www.pkulaw.com/pfnl/c05aeed05a57db0a981db3246ed4e6d2194bee0737,引证码FBMCLI.C.316980312｜司法案例(单独管线)
252,pkulaw,案例,司法案例,冯文扬、深圳市飞客无人机科技有限公司劳动争议执行实施类执行裁定书,,,,,,,否,pkulaw\raw_pdf\无人机司法案例pdf\无人机司法案例pdf\冯文扬、深圳市飞客无人机科技有限公司劳动争议执行实施类执行裁定书(FBMCLI.C.309425315).pdf,https://www.pkulaw.com/pfnl/c05aeed05a57db0a7a9cb287845154b189126e32d8,引证码FBMCLI.C.309425315｜司法案例(单独管线)
253,pkulaw,案例,司法案例,凌宇无人机科技廊坊有限责任公司、罗文焱等服务合同纠纷财产保全执行执行通知书,,,,,,,否,pkulaw\raw_pdf\无人机司法案例pdf\无人机司法案例pdf\凌宇无人机科技廊坊有限责任公司、罗文焱等服务合同纠纷财产保全执行执行通知书(FBMCLI.C.503371987).pdf,https://www.pkulaw.com/pfnl/08df102e7c10f206e205acfe4bf908bc7c45408b8067,引证码FBMCLI.C.503371987｜司法案例(单独管线)
254,pkulaw,案例,司法案例,凌宇无人机科技廊坊有限责任公司与罗文焱、衡东正文测绘科技有限公司服务合同纠纷首次执行通知书,,,,,,,否,pkulaw\raw_pdf\无人机司法案例pdf\无人机司法案例pdf\凌宇无人机科技廊坊有限责任公司与罗文焱、衡东正文测绘科技有限公司服务合同纠纷首次执行通知书(FBMCLI.C.505375761).pdf,https://www.pkulaw.com/pfnl/08df102e7c10f20607e20a38f5484144c018dd8a077,引证码FBMCLI.C.505375761｜司法案例(单独管线)
255,pkulaw,案例,司法案例,刘兰芳、开平市飞滴无人机技术有限公司承揽合同纠纷首次执行执行裁定书,,,,,,,否,pkulaw\raw_pdf\无人机司法案例pdf\无人机司法案例pdf\刘兰芳、开平市飞滴无人机技术有限公司承揽合同纠纷首次执行执行裁定书(FBMCLI.C.545794707).pdf,https://www.pkulaw.com/pfnl/08df102e7c10f20691677287d494b12f93f466034f47,引证码FBMCLI.C.545794707｜司法案例(单独管线)
256,pkulaw,案例,司法案例,刘振与曾艳、深圳市飞客无人机科技有限公司民间借贷纠纷一审民事裁定书,,,,,,,否,pkulaw\raw_pdf\无人机司法案例pdf\无人机司法案例pdf\刘振与曾艳、深圳市飞客无人机科技有限公司民间借贷纠纷一审民事裁定书(FBMCLI.C.318214269).pdf,https://www.pkulaw.com/pfnl/c05aeed05a57db0aca4028501cccbf7ee06ff95d598b,引证码FBMCLI.C.318214269｜司法案例(单独管线)
257,pkulaw,案例,司法案例,刘本乾与深圳华越无人机技术有限公司合同纠纷首次执行裁定书,,,,,,,否,pkulaw\raw_pdf\无人机司法案例pdf\无人机司法案例pdf\刘本乾与深圳华越无人机技术有限公司合同纠纷首次执行裁定书(FBMCLI.C.405502284).pdf,https://www.pkulaw.com/pfnl/95b2ca8d4055fce17e6ef3176515273d03d150c9eb0,引证码FBMCLI.C.405502284｜司法案例(单独管线)
258,pkulaw,案例,司法案例,刘欣;屏边鸿飞植保无人机专业合作社买卖合同纠纷一审民事裁定书,,,,,,,否,pkulaw\raw_pdf\无人机司法案例pdf\无人机司法案例pdf\刘欣;屏边鸿飞植保无人机专业合作社买卖合同纠纷一审民事裁定书(FBMCLI.C.574814409).pdf,https://www.pkulaw.com/pfnl/c7ed112b8012f81696990e27431967dfede2c167a7c,引证码FBMCLI.C.574814409｜司法案例(单独管线)
259,pkulaw,案例,司法案例,刘跃平、深圳中科大智航空技术有限公司、深圳华越无人机技术有限公司其他案由执行实施类执行裁定书,,,,,,,否,pkulaw\raw_pdf\无人机司法案例pdf\无人机司法案例pdf\刘跃平、深圳中科大智航空技术有限公司、深圳华越无人机技术有限公司其他案由执行实施类执行裁定书(FBMCLI.C.72553154).pdf,https://www.pkulaw.com/pfnl/a6bdb3332ec0adc4535ab19415b20efd1880a98ef57,引证码FBMCLI.C.72553154｜司法案例(单独管线)
260,pkulaw,案例,司法案例,刘连成、毛秀芳诉新疆猎鹰无人机科技有限公司财产损害赔偿纠纷案,,,,,,,否,pkulaw\raw_pdf\无人机司法案例pdf\无人机司法案例pdf\刘连成、毛秀芳诉新疆猎鹰无人机科技有限公司财产损害赔偿纠纷案(FBMCLI.C.9347765).pdf,https://www.pkulaw.com/pfnl/a25051f3312b07f35958f6eed981018f991d72b11c89,引证码FBMCLI.C.9347765｜司法案例(单独管线)
261,pkulaw,案例,司法案例,刘连成、毛秀芳诉新疆猎鹰无人机科技有限公司财产损害赔偿纠纷案一审民事裁定书,,,,,,,否,pkulaw\raw_pdf\无人机司法案例pdf\无人机司法案例pdf\刘连成、毛秀芳诉新疆猎鹰无人机科技有限公司财产损害赔偿纠纷案一审民事裁定书(FBMCLI.C.69277006).pdf,https://www.pkulaw.com/pfnl/a6bdb3332ec0adc4b562fd38ecf5b47a619e28c73ed,引证码FBMCLI.C.69277006｜司法案例(单独管线)
262,pkulaw,案例,司法案例,刘长英与辽宁大壮无人机科技有限公司追索劳动报酬纠纷二审裁定书,,,,,,,否,pkulaw\raw_pdf\无人机司法案例pdf\无人机司法案例pdf\刘长英与辽宁大壮无人机科技有限公司追索劳动报酬纠纷二审裁定书(FBMCLI.C.502919443).pdf,https://www.pkulaw.com/pfnl/08df102e7c10f206f6000c4d2ee51a043b431b2b0ce6,引证码FBMCLI.C.502919443｜司法案例(单独管线)
263,pkulaw,案例,司法案例,北京优图佳视影像网络科技有限公司与宁波达鹏无人机科技有限公司著作权权属、侵权纠纷一审民事裁定书,,,,,,,否,pkulaw\raw_pdf\无人机司法案例pdf\无人机司法案例pdf\北京优图佳视影像网络科技有限公司与宁波达鹏无人机科技有限公司著作权权属、侵权纠纷一审民事裁定书(FBMCLI.C.61170795).pdf,https://www.pkulaw.com/pfnl/a25051f3312b07f3b92c015a12ee1633b0be2619e60,引证码FBMCLI.C.61170795｜司法案例(单独管线)
264,pkulaw,案例,司法案例,北京元一创智无人机科技有限责任公司、中科航宇（北京）自动化工程技术有限公司买卖合同纠纷民事裁定书,,,,,,,否,pkulaw\raw_pdf\无人机司法案例pdf\无人机司法案例pdf\北京元一创智无人机科技有限责任公司、中科航宇（北京）自动化工程技术有限公司买卖合同纠纷民事裁定书(FBMCLI.C.110514305).pdf,https://www.pkulaw.com/pfnl/a6bdb3332ec0adc4de2a6f243959b19febc079c1213,引证码FBMCLI.C.110514305｜司法案例(单独管线)
265,pkulaw,案例,司法案例,北京北航天宇长鹰无人机科技有限公司、深圳长城科学模型有限公司申请公司清算民事裁定书,,,,,,,否,pkulaw\raw_pdf\无人机司法案例pdf\无人机司法案例pdf\北京北航天宇长鹰无人机科技有限公司、深圳长城科学模型有限公司申请公司清算民事裁定书(FBMCLI.C.505889797).pdf,https://www.pkulaw.com/pfnl/08df102e7c10f206365397ebb2fd336049b302c1092,引证码FBMCLI.C.505889797｜司法案例(单独管线)
266,pkulaw,案例,司法案例,北京品味老窖商贸有限公司与深圳智航无人机有限公司申请与前财产保全民事裁定书,,,,,,,否,pkulaw\raw_pdf\无人机司法案例pdf\无人机司法案例pdf\北京品味老窖商贸有限公司与深圳智航无人机有限公司申请与前财产保全民事裁定书(FBMCLI.C.91030791).pdf,https://www.pkulaw.com/pfnl/a6bdb3332ec0adc40d1d5572fca30eba0b939154c8c,引证码FBMCLI.C.91030791｜司法案例(单独管线)
267,pkulaw,案例,司法案例,北京唐诚朗风科技有限公司与西安爱生无人机技术有限公司合同纠纷一审民事裁定书,,,,,,,否,pkulaw\raw_pdf\无人机司法案例pdf\无人机司法案例pdf\北京唐诚朗风科技有限公司与西安爱生无人机技术有限公司合同纠纷一审民事裁定书(FBMCLI.C.501285759).pdf,https://www.pkulaw.com/pfnl/08df102e7c10f2065f4c4f6b1136a6c9f87be45a7cf6f7,引证码FBMCLI.C.501285759｜司法案例(单独管线)
268,pkulaw,案例,司法案例,北京富德芯创国际科技有限公司、北京韦加无人机科技股份有限公司合同纠纷一审民事裁定书,,,,,,,否,pkulaw\raw_pdf\无人机司法案例pdf\无人机司法案例pdf\北京富德芯创国际科技有限公司、北京韦加无人机科技股份有限公司合同纠纷一审民事裁定书(FBMCLI.C.58952461).pdf,https://www.pkulaw.com/pfnl/a25051f3312b07f3f99851aaaaae12cc7f9222a2c49b,引证码FBMCLI.C.58952461｜司法案例(单独管线)
269,pkulaw,案例,司法案例,北京翔翼飞鹰航空科技有限公司、大庆商鲲无人机科技有限公司买卖合同纠纷一审民事调解书,,,,,,,否,pkulaw\raw_pdf\无人机司法案例pdf\无人机司法案例pdf\北京翔翼飞鹰航空科技有限公司、大庆商鲲无人机科技有限公司买卖合同纠纷一审民事调解书(FBMCLI.C.80251510).pdf,https://www.pkulaw.com/pfnl/a6bdb3332ec0adc4076419ebdd0d9d587cc20237b3,引证码FBMCLI.C.80251510｜司法案例(单独管线)
270,pkulaw,案例,司法案例,北京通建泰利特智能系统工程技术有限公司、北京猎鹰无人机科技有限公司买卖合同纠纷一审民事调解书,,,,,,,否,pkulaw\raw_pdf\无人机司法案例pdf\无人机司法案例pdf\北京通建泰利特智能系统工程技术有限公司、北京猎鹰无人机科技有限公司买卖合同纠纷一审民事调解书(FBMCLI.C.97630526).pdf,https://www.pkulaw.com/pfnl/a6bdb3332ec0adc4d3f506608a203b623274faff073f,引证码FBMCLI.C.97630526｜司法案例(单独管线)
271,pkulaw,案例,司法案例,北京韦加无人机科技股份有限公司、兰州天瑞测绘工程有限公司修理合同纠纷一审民事其他文书,,,,,,,否,pkulaw\raw_pdf\无人机司法案例pdf\无人机司法案例pdf\北京韦加无人机科技股份有限公司、兰州天瑞测绘工程有限公司修理合同纠纷一审民事其他文书(FBMCLI.C.73739310).pdf,https://www.pkulaw.com/pfnl/a6bdb3332ec0adc47538fb0930c02a0f9ec2ea2ba38,引证码FBMCLI.C.73739310｜司法案例(单独管线)
272,pkulaw,案例,司法案例,北京韦加无人机科技股份有限公司、北京华聚新能科技发展有限公司买卖合同纠纷一审民事裁定书,,,,,,,否,pkulaw\raw_pdf\无人机司法案例pdf\无人机司法案例pdf\北京韦加无人机科技股份有限公司、北京华聚新能科技发展有限公司买卖合同纠纷一审民事裁定书(FBMCLI.C.65554509).pdf,https://www.pkulaw.com/pfnl/a6bdb3332ec0adc418f0a5c03daf5f005ad56b5989f5,引证码FBMCLI.C.65554509｜司法案例(单独管线)
273,pkulaw,案例,司法案例,北京韦加无人机科技股份有限公司、航天远景空间地理信息（深圳）有限公司技术服务合同纠纷一审民事其他文书,,,,,,,否,pkulaw\raw_pdf\无人机司法案例pdf\无人机司法案例pdf\北京韦加无人机科技股份有限公司、航天远景空间地理信息（深圳）有限公司技术服务合同纠纷一审民事其他文书(FBMCLI.C.82900874).pdf,https://www.pkulaw.com/pfnl/a6bdb3332ec0adc40cdcadf01ce7fb3269beb8f01028,引证码FBMCLI.C.82900874｜司法案例(单独管线)
274,pkulaw,案例,司法案例,北京韦加无人机科技股份有限公司与唐山富蓝科技有限公司委托合同纠纷一审民事判决书,,,,,,,否,pkulaw\raw_pdf\无人机司法案例pdf\无人机司法案例pdf\北京韦加无人机科技股份有限公司与唐山富蓝科技有限公司委托合同纠纷一审民事判决书(FBMCLI.C.88812705).pdf,https://www.pkulaw.com/pfnl/a6bdb3332ec0adc46efcaf35234eee4508c128d87b7,引证码FBMCLI.C.88812705｜司法案例(单独管线)
275,pkulaw,案例,司法案例,北京韦加无人机科技股份有限公司与河南省拓普北斗测绘科技有限公司买卖合同纠纷一审民事裁定书,,,,,,,否,pkulaw\raw_pdf\无人机司法案例pdf\无人机司法案例pdf\北京韦加无人机科技股份有限公司与河南省拓普北斗测绘科技有限公司买卖合同纠纷一审民事裁定书(FBMCLI.C.88329099).pdf,https://www.pkulaw.com/pfnl/a6bdb3332ec0adc416c46c0dde72e1255982d00c99e,引证码FBMCLI.C.88329099｜司法案例(单独管线)
276,pkulaw,案例,司法案例,北京韦加无人机科技股份有限公司与珠海羽人农业航空有限公司一审民事判决书,,,,,,,否,pkulaw\raw_pdf\无人机司法案例pdf\无人机司法案例pdf\北京韦加无人机科技股份有限公司与珠海羽人农业航空有限公司一审民事判决书(FBMCLI.C.88892105).pdf,https://www.pkulaw.com/pfnl/a6bdb3332ec0adc45fb73ed6bba98241041cd585143,引证码FBMCLI.C.88892105｜司法案例(单独管线)
277,pkulaw,案例,司法案例,北京韦加无人机科技股份有限公司与首欣（北京）科技有限公司买卖合同纠纷一审民事判决书,,,,,,,否,pkulaw\raw_pdf\无人机司法案例pdf\无人机司法案例pdf\北京韦加无人机科技股份有限公司与首欣（北京）科技有限公司买卖合同纠纷一审民事判决书(FBMCLI.C.88159209).pdf,https://www.pkulaw.com/pfnl/a6bdb3332ec0adc4a9880873c8120df83969799486a,引证码FBMCLI.C.88159209｜司法案例(单独管线)
278,pkulaw,案例,司法案例,北京韦加航通科技有限责任公司、苏州嗨森无人机科技有限公司申请诉前财产保全民事裁定书,,,,,,,否,pkulaw\raw_pdf\无人机司法案例pdf\无人机司法案例pdf\北京韦加航通科技有限责任公司、苏州嗨森无人机科技有限公司申请诉前财产保全民事裁定书(FBMCLI.C.112162784).pdf,https://www.pkulaw.com/pfnl/a6bdb3332ec0adc4458172694e33d0c78cb236b899,引证码FBMCLI.C.112162784｜司法案例(单独管线)
279,pkulaw,案例,司法案例,匡凤江与深圳智航无人机有限公司劳动争议一审民事裁定书,,,,,,,否,pkulaw\raw_pdf\无人机司法案例pdf\无人机司法案例pdf\匡凤江与深圳智航无人机有限公司劳动争议一审民事裁定书(FBMCLI.C.107939794).pdf,https://www.pkulaw.com/pfnl/a6bdb3332ec0adc468309b2edc9f4c2b75cb87df304,引证码FBMCLI.C.107939794｜司法案例(单独管线)
280,pkulaw,案例,司法案例,南充天众无人机服务有限公司、邻水县盛世种植专业合作社服务合同纠纷执行实施类执行通知书,,,,,,,否,pkulaw\raw_pdf\无人机司法案例pdf\无人机司法案例pdf\南充天众无人机服务有限公司、邻水县盛世种植专业合作社服务合同纠纷执行实施类执行通知书(FBMCLI.C.113872890).pdf,https://www.pkulaw.com/pfnl/a6bdb3332ec0adc447f87ce4f70b472e5f0507e544e6,引证码FBMCLI.C.113872890｜司法案例(单独管线)
281,pkulaw,案例,司法案例,南充天众无人机服务有限公司与邻水县盛世种植专业合作社服务合同纠纷一审民事判决书,,,,,,,否,pkulaw\raw_pdf\无人机司法案例pdf\无人机司法案例pdf\南充天众无人机服务有限公司与邻水县盛世种植专业合作社服务合同纠纷一审民事判决书(FBMCLI.C.108282521).pdf,https://www.pkulaw.com/pfnl/a6bdb3332ec0adc4484dc1d0b019d992f8b1f8c576e,引证码FBMCLI.C.108282521｜司法案例(单独管线)
282,pkulaw,案例,司法案例,南昌北极鸥无人机信息技术有限公司、武汉航天远景科技股份有限公司技术服务合同纠纷民事一审民事裁定书,,,,,,,否,pkulaw\raw_pdf\无人机司法案例pdf\无人机司法案例pdf\南昌北极鸥无人机信息技术有限公司、武汉航天远景科技股份有限公司技术服务合同纠纷民事一审民事裁定书(FBMCLI.C.412230215).pdf,https://www.pkulaw.com/pfnl/95b2ca8d4055fce14a5cf3361d4447ba73e409ce0bd,引证码FBMCLI.C.412230215｜司法案例(单独管线)
283,pkulaw,案例,司法案例,卢增浩;福建迅航无人机科技有限公司服务合同纠纷一审民事判决书,,,,,,,否,pkulaw\raw_pdf\无人机司法案例pdf\无人机司法案例pdf\卢增浩;福建迅航无人机科技有限公司服务合同纠纷一审民事判决书(FBMCLI.C.577456397).pdf,https://www.pkulaw.com/pfnl/c7ed112b8012f816b474bcfff838606b2832d6b24dff6,引证码FBMCLI.C.577456397｜司法案例(单独管线)
284,pkulaw,案例,司法案例,原告山东腾跃航空无人机科技有限公司;被告临沂飞防农业植保有限公司,,,,,,,否,pkulaw\raw_pdf\无人机司法案例pdf\无人机司法案例pdf\原告山东腾跃航空无人机科技有限公司;被告临沂飞防农业植保有限公司(FBMCLI.C.97930555).pdf,https://www.pkulaw.com/pfnl/a6bdb3332ec0adc4f4c6e0b79068a7bd757b2a94a49,引证码FBMCLI.C.97930555｜司法案例(单独管线)
285,pkulaw,案例,司法案例,原告张丽珍与被告威海星煜无人机科技有限公司、威海市银丰典当有限公司民间借贷纠纷一案民事裁定书,,,,,,,否,pkulaw\raw_pdf\无人机司法案例pdf\无人机司法案例pdf\原告张丽珍与被告威海星煜无人机科技有限公司、威海市银丰典当有限公司民间借贷纠纷一案民事裁定书(FBMCLI.C.102438454).pdf,https://www.pkulaw.com/pfnl/a6bdb3332ec0adc4a33004f9306ddc685ef4724c6d6,引证码FBMCLI.C.102438454｜司法案例(单独管线)
286,pkulaw,案例,司法案例,原告张亮亮因与被告逊克翱龙无人机科技有限公司劳务合同纠纷一案一审民事判决书,,,,,,,否,pkulaw\raw_pdf\无人机司法案例pdf\无人机司法案例pdf\原告张亮亮因与被告逊克翱龙无人机科技有限公司劳务合同纠纷一案一审民事判决书(FBMCLI.C.114240683).pdf,https://www.pkulaw.com/pfnl/a6bdb3332ec0adc468102aebb0dad321ea3b56a3ba,引证码FBMCLI.C.114240683｜司法案例(单独管线)
287,pkulaw,案例,司法案例,原告李昌娥;牛金义;牛洁园;牛运柱;李大香与被告周君前;山东高普无人机科技有限公司;华海财产保险股份有限公司济宁中心支公司...,,,,,,,否,pkulaw\raw_pdf\无人机司法案例pdf\无人机司法案例pdf\原告李昌娥;牛金义;牛洁园;牛运柱;李大香与被告周君前;山东高普无人机科技有限公司;华海财产保险股份有限公司济宁中心支公司...(FBMCLI.C.103025832).pdf,https://www.pkulaw.com/pfnl/a6bdb3332ec0adc412adf23481d233d6a690355ffa15,引证码FBMCLI.C.103025832｜司法案例(单独管线)
288,pkulaw,案例,司法案例,原告杨兴武因与被告逊克翱龙无人机科技有限公司劳务合同纠纷一案一审民事判决书,,,,,,,否,pkulaw\raw_pdf\无人机司法案例pdf\无人机司法案例pdf\原告杨兴武因与被告逊克翱龙无人机科技有限公司劳务合同纠纷一案一审民事判决书(FBMCLI.C.114324801).pdf,https://www.pkulaw.com/pfnl/a6bdb3332ec0adc447df8e917c290addfbfe4157c9bc,引证码FBMCLI.C.114324801｜司法案例(单独管线)
289,pkulaw,案例,司法案例,原告梁伟因与被告逊克翱龙无人机科技有限公司劳务合同纠纷一案一审民事判决书,,,,,,,否,pkulaw\raw_pdf\无人机司法案例pdf\无人机司法案例pdf\原告梁伟因与被告逊克翱龙无人机科技有限公司劳务合同纠纷一案一审民事判决书(FBMCLI.C.114894373).pdf,https://www.pkulaw.com/pfnl/a6bdb3332ec0adc455fffcbb52108efd7b7067407a02,引证码FBMCLI.C.114894373｜司法案例(单独管线)
290,pkulaw,案例,司法案例,原告沈阳丰瑞无人机科技有限公司诉被告颜彦劳动争议纠纷一审判决书,,,,,,,否,pkulaw\raw_pdf\无人机司法案例pdf\无人机司法案例pdf\原告沈阳丰瑞无人机科技有限公司诉被告颜彦劳动争议纠纷一审判决书(FBMCLI.C.82190038).pdf,https://www.pkulaw.com/pfnl/a6bdb3332ec0adc47aedd880e2a3a5bcab98edbab90,引证码FBMCLI.C.82190038｜司法案例(单独管线)
291,pkulaw,案例,司法案例,原告胡晓敏诉被告成都三足乌无人机科技有限公司劳动争议纠纷一审民事判决书,,,,,,,否,pkulaw\raw_pdf\无人机司法案例pdf\无人机司法案例pdf\原告胡晓敏诉被告成都三足乌无人机科技有限公司劳动争议纠纷一审民事判决书(FBMCLI.C.72693820).pdf,https://www.pkulaw.com/pfnl/a6bdb3332ec0adc4cc67615197a155ae79d42b596a3,引证码FBMCLI.C.72693820｜司法案例(单独管线)
292,pkulaw,案例,司法案例,原告辽宁省华翼无人机科技有限公司诉被告盘锦市兴隆台区农村经济局服务合同纠纷一审民事判决书,,,,,,,否,pkulaw\raw_pdf\无人机司法案例pdf\无人机司法案例pdf\原告辽宁省华翼无人机科技有限公司诉被告盘锦市兴隆台区农村经济局服务合同纠纷一审民事判决书(FBMCLI.C.55736948).pdf,https://www.pkulaw.com/pfnl/a25051f3312b07f3fa210259e1da1e39e14647175ce,引证码FBMCLI.C.55736948｜司法案例(单独管线)
293,pkulaw,案例,司法案例,原告鲁英新诉被告辽宁壮龙无人机科技有限公司买卖合同纠纷一案,,,,,,,否,pkulaw\raw_pdf\无人机司法案例pdf\无人机司法案例pdf\原告鲁英新诉被告辽宁壮龙无人机科技有限公司买卖合同纠纷一案(FBMCLI.C.111914158).pdf,https://www.pkulaw.com/pfnl/a6bdb3332ec0adc406ec211908483f4a0266616edc5,引证码FBMCLI.C.111914158｜司法案例(单独管线)
294,pkulaw,案例,司法案例,台州天勤地理信息工程有限公司与成都纵横大鹏无人机科技有限公司、成都纵横自动化技术股份有限公司买卖合同纠纷一审民事裁定书,,,,,,,否,pkulaw\raw_pdf\无人机司法案例pdf\无人机司法案例pdf\台州天勤地理信息工程有限公司与成都纵横大鹏无人机科技有限公司、成都纵横自动化技术股份有限公司买卖合同纠纷一审民事裁定书(FBMCLI.C.314167739).pdf,https://www.pkulaw.com/pfnl/c05aeed05a57db0abe1f62cf78fd26ba693e5ceb5df1,引证码FBMCLI.C.314167739｜司法案例(单独管线)
295,pkulaw,案例,司法案例,叶雪芬;航天彩虹无人机股份有限公司房屋买卖合同纠纷一审民事判决书,,,,,,,否,pkulaw\raw_pdf\无人机司法案例pdf\无人机司法案例pdf\叶雪芬;航天彩虹无人机股份有限公司房屋买卖合同纠纷一审民事判决书(FBMCLI.C.564602031).pdf,https://www.pkulaw.com/pfnl/c7ed112b8012f8162377513b4116e34a0ea2a26c817,引证码FBMCLI.C.564602031｜司法案例(单独管线)
296,pkulaw,案例,司法案例,吕昭琦、深圳市飞客无人机科技有限公司劳动争议执行实施类执行裁定书,,,,,,,否,pkulaw\raw_pdf\无人机司法案例pdf\无人机司法案例pdf\吕昭琦、深圳市飞客无人机科技有限公司劳动争议执行实施类执行裁定书(FBMCLI.C.116597928).pdf,https://www.pkulaw.com/pfnl/a6bdb3332ec0adc44b4207921d5f98faf0f59a9c595d,引证码FBMCLI.C.116597928｜司法案例(单独管线)
297,pkulaw,案例,司法案例,吴庆元、深圳华越无人机技术有限公司合同、无因管理、不当得利纠纷破产申请审查强制清算与破产裁定书,,,,,,,否,pkulaw\raw_pdf\无人机司法案例pdf\无人机司法案例pdf\吴庆元、深圳华越无人机技术有限公司合同、无因管理、不当得利纠纷破产申请审查强制清算与破产裁定书(FBMCLI.C.412076725).pdf,https://www.pkulaw.com/pfnl/95b2ca8d4055fce105bdded14a200bbd135203e7d07,引证码FBMCLI.C.412076725｜司法案例(单独管线)
298,pkulaw,案例,司法案例,吴某庆、某无人机公司等买卖合同纠纷民事一审民事裁定书,,,,,,,否,pkulaw\raw_pdf\无人机司法案例pdf\无人机司法案例pdf\吴某庆、某无人机公司等买卖合同纠纷民事一审民事裁定书(FBMCLI.C.563478109).pdf,https://www.pkulaw.com/pfnl/c7ed112b8012f816df682dd81bbc3573bfed28f7d773,引证码FBMCLI.C.563478109｜司法案例(单独管线)
299,pkulaw,案例,司法案例,吴桐;云南省普洱市江城瑞毅无人机科技有限责任公司;王志伟买卖合同纠纷一审民事判决书,,,,,,,否,pkulaw\raw_pdf\无人机司法案例pdf\无人机司法案例pdf\吴桐;云南省普洱市江城瑞毅无人机科技有限责任公司;王志伟买卖合同纠纷一审民事判决书(FBMCLI.C.569358771).pdf,https://www.pkulaw.com/pfnl/c7ed112b8012f8169cbc8be3de987a60a09e78f8ab5,引证码FBMCLI.C.569358771｜司法案例(单独管线)
300,pkulaw,案例,司法案例,吴辉与全球鹰（深圳）无人机有限公司、深圳市沧龙数码科技有限公司劳动合同纠纷一审民事判决书,,,,,,,否,pkulaw\raw_pdf\无人机司法案例pdf\无人机司法案例pdf\吴辉与全球鹰（深圳）无人机有限公司、深圳市沧龙数码科技有限公司劳动合同纠纷一审民事判决书(FBMCLI.C.92606279).pdf,https://www.pkulaw.com/pfnl/a6bdb3332ec0adc4ccbe4f48f25219604ee266bcc00f,引证码FBMCLI.C.92606279｜司法案例(单独管线)
301,pkulaw,案例,司法案例,周勇与桂林精纳无人机科技有限公司买卖合同纠纷一审民事判决书,,,,,,,否,pkulaw\raw_pdf\无人机司法案例pdf\无人机司法案例pdf\周勇与桂林精纳无人机科技有限公司买卖合同纠纷一审民事判决书(FBMCLI.C.320253730).pdf,https://www.pkulaw.com/pfnl/c05aeed05a57db0a06b305d70cb19703771ae45e62,引证码FBMCLI.C.320253730｜司法案例(单独管线)
302,pkulaw,案例,司法案例,周华峰、广东澄星无人机股份有限公司、陈加华等国内非涉外仲裁裁决执行实施类执行裁定书,,,,,,,否,pkulaw\raw_pdf\无人机司法案例pdf\无人机司法案例pdf\周华峰、广东澄星无人机股份有限公司、陈加华等国内非涉外仲裁裁决执行实施类执行裁定书(FBMCLI.C.119980233).pdf,https://www.pkulaw.com/pfnl/a6bdb3332ec0adc40d1946d844f156d196001020f96,引证码FBMCLI.C.119980233｜司法案例(单独管线)
303,pkulaw,案例,司法案例,周哲与德奥无人机运营服务有限公司劳动争议执行裁定书,,,,,,,否,pkulaw\raw_pdf\无人机司法案例pdf\无人机司法案例pdf\周哲与德奥无人机运营服务有限公司劳动争议执行裁定书(FBMCLI.C.82637120).pdf,https://www.pkulaw.com/pfnl/a6bdb3332ec0adc49bd80dda8061c0982cb45f647a1,引证码FBMCLI.C.82637120｜司法案例(单独管线)
304,pkulaw,案例,司法案例,周桂华与成都三足乌无人机科技有限公司、四川新川实业有限公司机动车交通事故责任纠纷,,,,,,,否,pkulaw\raw_pdf\无人机司法案例pdf\无人机司法案例pdf\周桂华与成都三足乌无人机科技有限公司、四川新川实业有限公司机动车交通事故责任纠纷(FBMCLI.C.111451197).pdf,https://www.pkulaw.com/pfnl/a6bdb3332ec0adc4bd0220d56a64bd18f2eb1cbb40c,引证码FBMCLI.C.111451197｜司法案例(单独管线)
305,pkulaw,案例,司法案例,周森、山东东行无人机有限公司买卖合同纠纷执行实施类执行裁定书,,,,,,,否,pkulaw\raw_pdf\无人机司法案例pdf\无人机司法案例pdf\周森、山东东行无人机有限公司买卖合同纠纷执行实施类执行裁定书(FBMCLI.C.92150371).pdf,https://www.pkulaw.com/pfnl/a6bdb3332ec0adc45618a3ccfca3c74c1ff1a5063924,引证码FBMCLI.C.92150371｜司法案例(单独管线)
306,pkulaw,案例,司法案例,周森与山东东行无人机有限公司合同纠纷一审民事判决书,,,,,,,否,pkulaw\raw_pdf\无人机司法案例pdf\无人机司法案例pdf\周森与山东东行无人机有限公司合同纠纷一审民事判决书(FBMCLI.C.86465265).pdf,https://www.pkulaw.com/pfnl/a6bdb3332ec0adc449e276a5d7c20a7658fa1aa74ee,引证码FBMCLI.C.86465265｜司法案例(单独管线)
307,pkulaw,案例,司法案例,唐秋林与桂林精纳无人机科技有限公司劳动争议一审民事判决书,,,,,,,否,pkulaw\raw_pdf\无人机司法案例pdf\无人机司法案例pdf\唐秋林与桂林精纳无人机科技有限公司劳动争议一审民事判决书(FBMCLI.C.314312502).pdf,https://www.pkulaw.com/pfnl/c05aeed05a57db0a8e72b434d61ea2130fdbd892c20,引证码FBMCLI.C.314312502｜司法案例(单独管线)
308,pkulaw,案例,司法案例,唐聪、桂林精纳无人机科技有限公司、熊艾杰等借款合同纠纷执行实施类执行通知书,,,,,,,否,pkulaw\raw_pdf\无人机司法案例pdf\无人机司法案例pdf\唐聪、桂林精纳无人机科技有限公司、熊艾杰等借款合同纠纷执行实施类执行通知书(FBMCLI.C.114166961).pdf,https://www.pkulaw.com/pfnl/a6bdb3332ec0adc44dc7993cc6c32d7901a8b55d04a,引证码FBMCLI.C.114166961｜司法案例(单独管线)
309,pkulaw,案例,司法案例,唐聪与桂林精纳无人机科技有限公司、熊艾杰等民间借贷纠纷一审民事判决书,,,,,,,否,pkulaw\raw_pdf\无人机司法案例pdf\无人机司法案例pdf\唐聪与桂林精纳无人机科技有限公司、熊艾杰等民间借贷纠纷一审民事判决书(FBMCLI.C.316008397).pdf,https://www.pkulaw.com/pfnl/c05aeed05a57db0ab7f639ca784960600c12a0c0a3a,引证码FBMCLI.C.316008397｜司法案例(单独管线)
310,pkulaw,案例,司法案例,四川华远建设工程有限公司、成都工院无人机科技有限公司服务合同纠纷二审民事判决书,,,,,,,否,pkulaw\raw_pdf\无人机司法案例pdf\无人机司法案例pdf\四川华远建设工程有限公司、成都工院无人机科技有限公司服务合同纠纷二审民事判决书(FBMCLI.C.99237861).pdf,https://www.pkulaw.com/pfnl/a6bdb3332ec0adc4f11266b0b22cae855ebff6122f96,引证码FBMCLI.C.99237861｜司法案例(单独管线)
311,pkulaw,案例,司法案例,四川图珈无人机科技有限公司、成都福来鹰通航空有限公司买卖合同纠纷一审民事判决书,,,,,,,否,pkulaw\raw_pdf\无人机司法案例pdf\无人机司法案例pdf\四川图珈无人机科技有限公司、成都福来鹰通航空有限公司买卖合同纠纷一审民事判决书(FBMCLI.C.506793325).pdf,https://www.pkulaw.com/pfnl/08df102e7c10f2065511c793ecc50c3bab6157b549d,引证码FBMCLI.C.506793325｜司法案例(单独管线)
312,pkulaw,案例,司法案例,四川天宇智航无人机科技有限公司、陈魁劳动争议民事一审民事判决书,,,,,,,否,pkulaw\raw_pdf\无人机司法案例pdf\无人机司法案例pdf\四川天宇智航无人机科技有限公司、陈魁劳动争议民事一审民事判决书(FBMCLI.C.553812687).pdf,https://www.pkulaw.com/pfnl/08df102e7c10f206e6292e2e817f8629aeaa2aba243e,引证码FBMCLI.C.553812687｜司法案例(单独管线)
313,pkulaw,案例,司法案例,四川易慧星空科技有限公司;吴川东;西安天鸽无人机技术服务有限公司服务合同纠纷执行实施执行其他,,,,,,,否,pkulaw\raw_pdf\无人机司法案例pdf\无人机司法案例pdf\四川易慧星空科技有限公司;吴川东;西安天鸽无人机技术服务有限公司服务合同纠纷执行实施执行其他(FBMCLI.C.569678596).pdf,https://www.pkulaw.com/pfnl/c7ed112b8012f81628e583ad0ea9b1b159c14e4bdad,引证码FBMCLI.C.569678596｜司法案例(单独管线)
314,pkulaw,案例,司法案例,四川某无人机科技有限公司;向某合同纠纷一审民事判决书,,,,,,,否,pkulaw\raw_pdf\无人机司法案例pdf\无人机司法案例pdf\四川某无人机科技有限公司;向某合同纠纷一审民事判决书(FBMCLI.C.568826647).pdf,https://www.pkulaw.com/pfnl/c7ed112b8012f816b88e9ca9175feca0de6f8bf78283,引证码FBMCLI.C.568826647｜司法案例(单独管线)
315,pkulaw,案例,司法案例,四川省农业机械供应总公司与无锡微翼德米无人机系统科技有限公司买卖合同纠纷,,,,,,,否,pkulaw\raw_pdf\无人机司法案例pdf\无人机司法案例pdf\四川省农业机械供应总公司与无锡微翼德米无人机系统科技有限公司买卖合同纠纷(FBMCLI.C.405895535).pdf,https://www.pkulaw.com/pfnl/95b2ca8d4055fce13b20b2e6f7d97c7753f9d531f3ad,引证码FBMCLI.C.405895535｜司法案例(单独管线)
316,pkulaw,案例,司法案例,四川省农业机械供应总公司与无锡微翼德米无人机系统科技有限公司财产保全,,,,,,,否,pkulaw\raw_pdf\无人机司法案例pdf\无人机司法案例pdf\四川省农业机械供应总公司与无锡微翼德米无人机系统科技有限公司财产保全(FBMCLI.C.318569308).pdf,https://www.pkulaw.com/pfnl/c05aeed05a57db0a56a91d8cfd5cc2b69c0e9ba2afb6,引证码FBMCLI.C.318569308｜司法案例(单独管线)
317,pkulaw,案例,司法案例,四川省高级人民法院发布7件2024年耕地保护典型案例之三：贾某诉某农业发展有限公司财产损害赔偿纠纷案——规模化农业生产使...,,,,,,,否,pkulaw\raw_pdf\无人机司法案例pdf\无人机司法案例pdf\四川省高级人民法院发布7件2024年耕地保护典型案例之三：贾某诉某农业发展有限公司财产损害赔偿纠纷案——规模化农业生产使...(FBMCLI.C.553423177).pdf,https://www.pkulaw.com/pfnl/08df102e7c10f206975d576ba5441f5d2ec0afa3ae47,引证码FBMCLI.C.553423177｜司法案例(单独管线)
318,pkulaw,案例,司法案例,大荔县绿濛濛无人机植保专业合作社、融通农业发展有限责任公司其他案由财产保全执行结案通知书,,,,,,,否,pkulaw\raw_pdf\无人机司法案例pdf\无人机司法案例pdf\大荔县绿濛濛无人机植保专业合作社、融通农业发展有限责任公司其他案由财产保全执行结案通知书(FBMCLI.C.410495633).pdf,https://www.pkulaw.com/pfnl/95b2ca8d4055fce1a1586bab53e6040e7cb74e101cc,引证码FBMCLI.C.410495633｜司法案例(单独管线)
319,pkulaw,案例,司法案例,天津市高级人民法院发布7件2025年环境资源审判典型案例之五：无人机喷洒农药环境侵权案,,,,,,,否,pkulaw\raw_pdf\无人机司法案例pdf\无人机司法案例pdf\天津市高级人民法院发布7件2025年环境资源审判典型案例之五：无人机喷洒农药环境侵权案(FBMCLI.C.560584399).pdf,https://www.pkulaw.com/pfnl/08df102e7c10f206c9bffdfa26b78266a574310071d4,引证码FBMCLI.C.560584399｜司法案例(单独管线)
320,pkulaw,案例,司法案例,天津飞眼无人机科技有限公司、李娜民间借贷纠纷民事一审民事裁定书,,,,,,,否,pkulaw\raw_pdf\无人机司法案例pdf\无人机司法案例pdf\天津飞眼无人机科技有限公司、李娜民间借贷纠纷民事一审民事裁定书(FBMCLI.C.502384707).pdf,https://www.pkulaw.com/pfnl/08df102e7c10f206b98556279087422f7812bbfc6c92,引证码FBMCLI.C.502384707｜司法案例(单独管线)
321,pkulaw,案例,司法案例,天津飞眼无人机科技有限公司与北京四方视语科技有限公司借用合同纠纷一审民事裁定书,,,,,,,否,pkulaw\raw_pdf\无人机司法案例pdf\无人机司法案例pdf\天津飞眼无人机科技有限公司与北京四方视语科技有限公司借用合同纠纷一审民事裁定书(FBMCLI.C.114762842).pdf,https://www.pkulaw.com/pfnl/a6bdb3332ec0adc4be6210632493d172ad6742631e,引证码FBMCLI.C.114762842｜司法案例(单独管线)
322,pkulaw,案例,司法案例,天津飞眼无人机科技有限公司买卖合同纠纷一案,,,,,,,否,pkulaw\raw_pdf\无人机司法案例pdf\无人机司法案例pdf\天津飞眼无人机科技有限公司买卖合同纠纷一案(FBMCLI.C.577816634).pdf,https://www.pkulaw.com/pfnl/c7ed112b8012f8168595072278927ca1146577309fc,引证码FBMCLI.C.577816634｜司法案例(单独管线)
323,pkulaw,案例,司法案例,太湖县海森无人机市场服务有限公司;葛玉标服务合同纠纷一审民事裁定书,,,,,,,否,pkulaw\raw_pdf\无人机司法案例pdf\无人机司法案例pdf\太湖县海森无人机市场服务有限公司;葛玉标服务合同纠纷一审民事裁定书(FBMCLI.C.569732108).pdf,https://www.pkulaw.com/pfnl/c7ed112b8012f816a0372257e7a23f611d45f8bd0f14,引证码FBMCLI.C.569732108｜司法案例(单独管线)
324,pkulaw,案例,司法案例,威海万准测绘有限公司、烟台云都海鹰无人机应用技术有限公司买卖合同纠纷民事一审民事判决书,,,,,,,否,pkulaw\raw_pdf\无人机司法案例pdf\无人机司法案例pdf\威海万准测绘有限公司、烟台云都海鹰无人机应用技术有限公司买卖合同纠纷民事一审民事判决书(FBMCLI.C.408124583).pdf,https://www.pkulaw.com/pfnl/95b2ca8d4055fce10061900807fdf427aa4e7bf169a3,引证码FBMCLI.C.408124583｜司法案例(单独管线)
325,pkulaw,案例,司法案例,威海万准测绘有限公司、烟台云都海鹰无人机应用技术有限公司买卖合同纠纷民事申请再审审查民事裁定书,,,,,,,否,pkulaw\raw_pdf\无人机司法案例pdf\无人机司法案例pdf\威海万准测绘有限公司、烟台云都海鹰无人机应用技术有限公司买卖合同纠纷民事申请再审审查民事裁定书(FBMCLI.C.502593784).pdf,https://www.pkulaw.com/pfnl/08df102e7c10f206c7cf3d96bce4d9b1e3ed24780b9b,引证码FBMCLI.C.502593784｜司法案例(单独管线)
326,pkulaw,案例,司法案例,威海万准测绘有限公司、烟台云都海鹰无人机应用技术有限公司产品责任纠纷其他民事裁定书,,,,,,,否,pkulaw\raw_pdf\无人机司法案例pdf\无人机司法案例pdf\威海万准测绘有限公司、烟台云都海鹰无人机应用技术有限公司产品责任纠纷其他民事裁定书(FBMCLI.C.87623384).pdf,https://www.pkulaw.com/pfnl/a6bdb3332ec0adc4f553f692a96efd222f0efb5092b4,引证码FBMCLI.C.87623384｜司法案例(单独管线)
327,pkulaw,案例,司法案例,威海万准测绘有限公司与烟台云都海鹰无人机应用技术有限公司买卖合同纠纷一审民事裁定书,,,,,,,否,pkulaw\raw_pdf\无人机司法案例pdf\无人机司法案例pdf\威海万准测绘有限公司与烟台云都海鹰无人机应用技术有限公司买卖合同纠纷一审民事裁定书(FBMCLI.C.96326963).pdf,https://www.pkulaw.com/pfnl/a6bdb3332ec0adc4a772e14f3538c95b14dda20b94d,引证码FBMCLI.C.96326963｜司法案例(单独管线)
328,pkulaw,案例,司法案例,威海万准测绘有限公司与烟台云都海鹰无人机应用技术有限公司产品生产者责任纠纷一审民事判决书,,,,,,,否,pkulaw\raw_pdf\无人机司法案例pdf\无人机司法案例pdf\威海万准测绘有限公司与烟台云都海鹰无人机应用技术有限公司产品生产者责任纠纷一审民事判决书(FBMCLI.C.94988090).pdf,https://www.pkulaw.com/pfnl/a6bdb3332ec0adc4ed70989e7618bcceb32e1252030,引证码FBMCLI.C.94988090｜司法案例(单独管线)
329,pkulaw,案例,司法案例,威海万准测绘有限公司与烟台云都海鹰无人机应用技术有限公司合同纠纷一审民事判决书,,,,,,,否,pkulaw\raw_pdf\无人机司法案例pdf\无人机司法案例pdf\威海万准测绘有限公司与烟台云都海鹰无人机应用技术有限公司合同纠纷一审民事判决书(FBMCLI.C.94525686).pdf,https://www.pkulaw.com/pfnl/a6bdb3332ec0adc41a30e873f82e38032e5105253ec,引证码FBMCLI.C.94525686｜司法案例(单独管线)
330,pkulaw,案例,司法案例,娄辉、北航富羽无人机（深圳）有限公司劳动争议首次执行执行裁定书,,,,,,,否,pkulaw\raw_pdf\无人机司法案例pdf\无人机司法案例pdf\娄辉、北航富羽无人机（深圳）有限公司劳动争议首次执行执行裁定书(FBMCLI.C.333838920).pdf,https://www.pkulaw.com/pfnl/c05aeed05a57db0a17328067cfb012007f358391afb8,引证码FBMCLI.C.333838920｜司法案例(单独管线)
331,pkulaw,案例,司法案例,孙老三;云南优航无人机科技有限公司租赁合同纠纷执行实施执行裁定书,,,,,,,否,pkulaw\raw_pdf\无人机司法案例pdf\无人机司法案例pdf\孙老三;云南优航无人机科技有限公司租赁合同纠纷执行实施执行裁定书(FBMCLI.C.569782680).pdf,https://www.pkulaw.com/pfnl/c7ed112b8012f816978f6ffdde4d4e3847b99e035fcb,引证码FBMCLI.C.569782680｜司法案例(单独管线)
332,pkulaw,案例,司法案例,宁夏回族自治区女子监狱与宁夏翼航无人机科技股份有限公司一审民事裁定书,,,,,,,否,pkulaw\raw_pdf\无人机司法案例pdf\无人机司法案例pdf\宁夏回族自治区女子监狱与宁夏翼航无人机科技股份有限公司一审民事裁定书(FBMCLI.C.87643212).pdf,https://www.pkulaw.com/pfnl/a6bdb3332ec0adc49e39160cceee4ed5fa87b6a64c5,引证码FBMCLI.C.87643212｜司法案例(单独管线)
333,pkulaw,案例,司法案例,宁夏回族自治区女子监狱与宁夏翼航无人机科技股份有限公司买卖合同纠纷一审民事调解书,,,,,,,否,pkulaw\raw_pdf\无人机司法案例pdf\无人机司法案例pdf\宁夏回族自治区女子监狱与宁夏翼航无人机科技股份有限公司买卖合同纠纷一审民事调解书(FBMCLI.C.97720427).pdf,https://www.pkulaw.com/pfnl/a6bdb3332ec0adc4366885c713e717be747ddf43c28,引证码FBMCLI.C.97720427｜司法案例(单独管线)
334,pkulaw,案例,司法案例,宁夏锦悦文化传播有限公司、台州聚贤无人机科技有限公司服务合同纠纷民事一审民事判决书,,,,,,,否,pkulaw\raw_pdf\无人机司法案例pdf\无人机司法案例pdf\宁夏锦悦文化传播有限公司、台州聚贤无人机科技有限公司服务合同纠纷民事一审民事判决书(FBMCLI.C.502588575).pdf,https://www.pkulaw.com/pfnl/08df102e7c10f206ccc596d8a8e6673016ee500b015,引证码FBMCLI.C.502588575｜司法案例(单独管线)
335,pkulaw,案例,司法案例,安徽梦之翼无人机科技有限公司、张广前申请司法确认调解协议,,,,,,,否,pkulaw\raw_pdf\无人机司法案例pdf\无人机司法案例pdf\安徽梦之翼无人机科技有限公司、张广前申请司法确认调解协议(FBMCLI.C.313190537).pdf,https://www.pkulaw.com/pfnl/c05aeed05a57db0aef8df60722bd30a0cef4414d96f4,引证码FBMCLI.C.313190537｜司法案例(单独管线)
336,pkulaw,案例,司法案例,安徽省合肥市中级人民法院发布6起环境资源审判典型案例之五：王某与伍某侵权责任纠纷上诉案——无人机播洒除草剂致藕田受损 ...,,,,,,,否,pkulaw\raw_pdf\无人机司法案例pdf\无人机司法案例pdf\安徽省合肥市中级人民法院发布6起环境资源审判典型案例之五：王某与伍某侵权责任纠纷上诉案——无人机播洒除草剂致藕田受损 ...(FBMCLI.C.575613707).pdf,https://www.pkulaw.com/pfnl/c7ed112b8012f8167df45c86f482960db239453d98f9,引证码FBMCLI.C.575613707｜司法案例(单独管线)
337,pkulaw,案例,司法案例,安阳关雎文化传媒有限公司;巨贤天幕（广州）无人机技术有限公司;刘贤服务合同纠纷一审民事其他,,,,,,,否,pkulaw\raw_pdf\无人机司法案例pdf\无人机司法案例pdf\安阳关雎文化传媒有限公司;巨贤天幕（广州）无人机技术有限公司;刘贤服务合同纠纷一审民事其他(FBMCLI.C.577442039).pdf,https://www.pkulaw.com/pfnl/c7ed112b8012f81688155a04793f6a2ccae97426692,引证码FBMCLI.C.577442039｜司法案例(单独管线)
338,pkulaw,案例,司法案例,宋玉生、新乡市五谷无人机有限公司民间借贷纠纷执行实施类执行裁定书,,,,,,,否,pkulaw\raw_pdf\无人机司法案例pdf\无人机司法案例pdf\宋玉生、新乡市五谷无人机有限公司民间借贷纠纷执行实施类执行裁定书(FBMCLI.C.118435518).pdf,https://www.pkulaw.com/pfnl/a6bdb3332ec0adc4f1f413439c1d063f8f0a689ffc373,引证码FBMCLI.C.118435518｜司法案例(单独管线)
339,pkulaw,案例,司法案例,宜城市楚飞无人机科技有限公司、湖北谷瑞特生物技术有限公司服务合同纠纷民事一审民事裁定书,,,,,,,否,pkulaw\raw_pdf\无人机司法案例pdf\无人机司法案例pdf\宜城市楚飞无人机科技有限公司、湖北谷瑞特生物技术有限公司服务合同纠纷民事一审民事裁定书(FBMCLI.C.505041945).pdf,https://www.pkulaw.com/pfnl/08df102e7c10f20687503f18b1fcfd33903efdea36def,引证码FBMCLI.C.505041945｜司法案例(单独管线)
340,pkulaw,案例,司法案例,宣城市某某建设投资有限公司与深圳某某无人机发展有限公司、汪某亚等股东出资纠纷一审民事裁定书,,,,,,,否,pkulaw\raw_pdf\无人机司法案例pdf\无人机司法案例pdf\宣城市某某建设投资有限公司与深圳某某无人机发展有限公司、汪某亚等股东出资纠纷一审民事裁定书(FBMCLI.C.556599783).pdf,https://www.pkulaw.com/pfnl/08df102e7c10f20687906b6fb74fe1a13f187a6d8055,引证码FBMCLI.C.556599783｜司法案例(单独管线)
341,pkulaw,案例,司法案例,宣城市某某建设投资有限公司与深圳某某无人机发展有限公司、汪某亚等非诉保全审查裁定书,,,,,,,否,pkulaw\raw_pdf\无人机司法案例pdf\无人机司法案例pdf\宣城市某某建设投资有限公司与深圳某某无人机发展有限公司、汪某亚等非诉保全审查裁定书(FBMCLI.C.559991299).pdf,https://www.pkulaw.com/pfnl/08df102e7c10f2063dd86700b670e312ad955493307,引证码FBMCLI.C.559991299｜司法案例(单独管线)
342,pkulaw,案例,司法案例,山东安航无人机科技有限公司、刘运洋租赁合同纠纷二审民事裁定书,,,,,,,否,pkulaw\raw_pdf\无人机司法案例pdf\无人机司法案例pdf\山东安航无人机科技有限公司、刘运洋租赁合同纠纷二审民事裁定书(FBMCLI.C.100143517).pdf,https://www.pkulaw.com/pfnl/a6bdb3332ec0adc404c2e961c0cde59d650598266ca,引证码FBMCLI.C.100143517｜司法案例(单独管线)
343,pkulaw,案例,司法案例,山东安航无人机科技有限公司、北京首贝科技发展有限公司服务合同纠纷首次执行执行通知书,,,,,,,否,pkulaw\raw_pdf\无人机司法案例pdf\无人机司法案例pdf\山东安航无人机科技有限公司、北京首贝科技发展有限公司服务合同纠纷首次执行执行通知书(FBMCLI.C.333407649).pdf,https://www.pkulaw.com/pfnl/c05aeed05a57db0af6da6d74aed4984b9030bbb6940,引证码FBMCLI.C.333407649｜司法案例(单独管线)
344,pkulaw,案例,司法案例,山东安航无人机科技有限公司、濮阳市龙羽航空科技有限公司服务合同纠纷二审民事裁定书,,,,,,,否,pkulaw\raw_pdf\无人机司法案例pdf\无人机司法案例pdf\山东安航无人机科技有限公司、濮阳市龙羽航空科技有限公司服务合同纠纷二审民事裁定书(FBMCLI.C.94029931).pdf,https://www.pkulaw.com/pfnl/a6bdb3332ec0adc42be15b2c730759590f8ce2df6c1,引证码FBMCLI.C.94029931｜司法案例(单独管线)
345,pkulaw,案例,司法案例,山东安航无人机科技有限公司与刘运洋租赁合同纠纷一审民事裁定书,,,,,,,否,pkulaw\raw_pdf\无人机司法案例pdf\无人机司法案例pdf\山东安航无人机科技有限公司与刘运洋租赁合同纠纷一审民事裁定书(FBMCLI.C.116186871).pdf,https://www.pkulaw.com/pfnl/a6bdb3332ec0adc431893dd5f6d7c93a62b75c71e20,引证码FBMCLI.C.116186871｜司法案例(单独管线)
346,pkulaw,案例,司法案例,山东安航无人机科技有限公司与北京首贝科技发展有限公司服务合同纠纷一审民事调解书,,,,,,,否,pkulaw\raw_pdf\无人机司法案例pdf\无人机司法案例pdf\山东安航无人机科技有限公司与北京首贝科技发展有限公司服务合同纠纷一审民事调解书(FBMCLI.C.316872777).pdf,https://www.pkulaw.com/pfnl/c05aeed05a57db0ac7eff38701c704b86cda6aca913f,引证码FBMCLI.C.316872777｜司法案例(单独管线)
347,pkulaw,案例,司法案例,山东安航无人机科技有限公司与深圳鹏锐信息技术股份有限公司技术服务合同纠纷一审2020-2213号撤诉裁定书,,,,,,,否,pkulaw\raw_pdf\无人机司法案例pdf\无人机司法案例pdf\山东安航无人机科技有限公司与深圳鹏锐信息技术股份有限公司技术服务合同纠纷一审2020-2213号撤诉裁定书(FBMCLI.C.109004805).pdf,https://www.pkulaw.com/pfnl/a6bdb3332ec0adc448dde3ea2942cd0bb5cbe5337d3,引证码FBMCLI.C.109004805｜司法案例(单独管线)
348,pkulaw,案例,司法案例,山东安航无人机科技有限公司诉濮阳市龙羽航空科技有限公司服务合同纠纷二审民事调解书,,,,,,,否,pkulaw\raw_pdf\无人机司法案例pdf\无人机司法案例pdf\山东安航无人机科技有限公司诉濮阳市龙羽航空科技有限公司服务合同纠纷二审民事调解书(FBMCLI.C.116740587).pdf,https://www.pkulaw.com/pfnl/a6bdb3332ec0adc436a5c3a1093f94da92549f71400,引证码FBMCLI.C.116740587｜司法案例(单独管线)
349,pkulaw,案例,司法案例,山东微翼植保智能科技有限公司与无锡微翼德米无人机系统科技有限公司买卖合同纠纷一审民事裁定书,,,,,,,否,pkulaw\raw_pdf\无人机司法案例pdf\无人机司法案例pdf\山东微翼植保智能科技有限公司与无锡微翼德米无人机系统科技有限公司买卖合同纠纷一审民事裁定书(FBMCLI.C.111451676).pdf,https://www.pkulaw.com/pfnl/a6bdb3332ec0adc42b626332d28292ebe73e99a2b6,引证码FBMCLI.C.111451676｜司法案例(单独管线)
350,pkulaw,案例,司法案例,山东普莱特电动车辆有限公司、上海钛灵盾无人机技术有限公司等财产损害赔偿纠纷民事一审民事裁定书,,,,,,,否,pkulaw\raw_pdf\无人机司法案例pdf\无人机司法案例pdf\山东普莱特电动车辆有限公司、上海钛灵盾无人机技术有限公司等财产损害赔偿纠纷民事一审民事裁定书(FBMCLI.C.503300106).pdf,https://www.pkulaw.com/pfnl/08df102e7c10f206ce03d33ad36e67d3027841fb406,引证码FBMCLI.C.503300106｜司法案例(单独管线)
351,pkulaw,案例,司法案例,山东腾跃航空无人机科技有限公司、临沂飞防农业植保有限公司农机作业服务合同纠纷一审民事裁定书,,,,,,,否,pkulaw\raw_pdf\无人机司法案例pdf\无人机司法案例pdf\山东腾跃航空无人机科技有限公司、临沂飞防农业植保有限公司农机作业服务合同纠纷一审民事裁定书(FBMCLI.C.86816341).pdf,https://www.pkulaw.com/pfnl/a6bdb3332ec0adc4d50484449ba7f691390b403b608,引证码FBMCLI.C.86816341｜司法案例(单独管线)
352,pkulaw,案例,司法案例,山东腾跃航空无人机科技有限公司农机作业服务合同纠纷一审民事裁定书,,,,,,,否,pkulaw\raw_pdf\无人机司法案例pdf\无人机司法案例pdf\山东腾跃航空无人机科技有限公司农机作业服务合同纠纷一审民事裁定书(FBMCLI.C.90312189).pdf,https://www.pkulaw.com/pfnl/a6bdb3332ec0adc4f916fd0ef713a718937cf4a30c09,引证码FBMCLI.C.90312189｜司法案例(单独管线)
353,pkulaw,案例,司法案例,山东舜合工程测绘有限公司与 济南赛尔无人机科技有限公司买卖合同纠纷,,,,,,,否,pkulaw\raw_pdf\无人机司法案例pdf\无人机司法案例pdf\山东舜合工程测绘有限公司与 济南赛尔无人机科技有限公司买卖合同纠纷(FBMCLI.C.98644352).pdf,https://www.pkulaw.com/pfnl/a6bdb3332ec0adc402c870ba744cd47b6179c440007,引证码FBMCLI.C.98644352｜司法案例(单独管线)
354,pkulaw,案例,司法案例,山西ｘｘ工程勘测设计有限公司、青岛ｘｘ无人机航空科技发展有限公司即墨分公司等买卖合同纠纷民事一审民事裁定书,,,,,,,否,pkulaw\raw_pdf\无人机司法案例pdf\无人机司法案例pdf\山西ｘｘ工程勘测设计有限公司、青岛ｘｘ无人机航空科技发展有限公司即墨分公司等买卖合同纠纷民事一审民事裁定书(FBMCLI.C.548715537).pdf,https://www.pkulaw.com/pfnl/08df102e7c10f2060350fb0c04d9efdec0fb2654b8cb5,引证码FBMCLI.C.548715537｜司法案例(单独管线)
355,pkulaw,案例,司法案例,常州市智恒创兆传动科技有限公司与松原市天航农用无人机装备有限公司加工合同纠纷一审民事判决书,,,,,,,否,pkulaw\raw_pdf\无人机司法案例pdf\无人机司法案例pdf\常州市智恒创兆传动科技有限公司与松原市天航农用无人机装备有限公司加工合同纠纷一审民事判决书(FBMCLI.C.76892316).pdf,https://www.pkulaw.com/pfnl/a6bdb3332ec0adc4a57f86a4fe614a1ae7d9dfc21dd3,引证码FBMCLI.C.76892316｜司法案例(单独管线)
356,pkulaw,案例,司法案例,常州市智恒创兆传动科技有限公司对松原市天航农用无人机装备有限公司申请诉前财产保全案,,,,,,,否,pkulaw\raw_pdf\无人机司法案例pdf\无人机司法案例pdf\常州市智恒创兆传动科技有限公司对松原市天航农用无人机装备有限公司申请诉前财产保全案(FBMCLI.C.45231663).pdf,https://www.pkulaw.com/pfnl/a25051f3312b07f3e27eae05fab9afae3ba84556cb32,引证码FBMCLI.C.45231663｜司法案例(单独管线)
357,pkulaw,案例,司法案例,常州市艾迈斯电子有限公司诉富平县韦加无人机科技有限公司分期付款买卖合同纠纷案,,,,,,,否,pkulaw\raw_pdf\无人机司法案例pdf\无人机司法案例pdf\常州市艾迈斯电子有限公司诉富平县韦加无人机科技有限公司分期付款买卖合同纠纷案(FBMCLI.C.52675533).pdf,https://www.pkulaw.com/pfnl/a25051f3312b07f3f71f7c8fb7fdf3371d3a2f10f664fa,引证码FBMCLI.C.52675533｜司法案例(单独管线)
358,pkulaw,案例,司法案例,广东孛特勘测设计有限公司昌吉分公司与成都纵横大鹏无人机科技有限公司买卖合同纠纷一审民事裁定书,,,,,,,否,pkulaw\raw_pdf\无人机司法案例pdf\无人机司法案例pdf\广东孛特勘测设计有限公司昌吉分公司与成都纵横大鹏无人机科技有限公司买卖合同纠纷一审民事裁定书(FBMCLI.C.310396174).pdf,https://www.pkulaw.com/pfnl/c05aeed05a57db0a5eabae56e19569d2b1335639fc7,引证码FBMCLI.C.310396174｜司法案例(单独管线)
359,pkulaw,案例,司法案例,广东澄星无人机股份有限公司、东莞市中韩鑫电机有限公司买卖合同纠纷二审民事裁定书,,,,,,,否,pkulaw\raw_pdf\无人机司法案例pdf\无人机司法案例pdf\广东澄星无人机股份有限公司、东莞市中韩鑫电机有限公司买卖合同纠纷二审民事裁定书(FBMCLI.C.94015328).pdf,https://www.pkulaw.com/pfnl/a6bdb3332ec0adc4daedb0effe137163b2a4cde1482,引证码FBMCLI.C.94015328｜司法案例(单独管线)
360,pkulaw,案例,司法案例,广东澄星无人机股份有限公司、梅州国威电子有限公司加工合同纠纷二审民事裁定书,,,,,,,否,pkulaw\raw_pdf\无人机司法案例pdf\无人机司法案例pdf\广东澄星无人机股份有限公司、梅州国威电子有限公司加工合同纠纷二审民事裁定书(FBMCLI.C.82580173).pdf,https://www.pkulaw.com/pfnl/a6bdb3332ec0adc46fd6e5a1b2d1db3f1afbcab2cc83,引证码FBMCLI.C.82580173｜司法案例(单独管线)
361,pkulaw,案例,司法案例,广东澄星无人机股份有限公司、汕头市澄海区丰裕玩具有限公司等合同、无因管理、不当得利首次执行执行裁定书,,,,,,,否,pkulaw\raw_pdf\无人机司法案例pdf\无人机司法案例pdf\广东澄星无人机股份有限公司、汕头市澄海区丰裕玩具有限公司等合同、无因管理、不当得利首次执行执行裁定书(FBMCLI.C.333803579).pdf,https://www.pkulaw.com/pfnl/c05aeed05a57db0adff1790a654e21a8dd6e26155a2,引证码FBMCLI.C.333803579｜司法案例(单独管线)
362,pkulaw,案例,司法案例,广东澄星无人机股份有限公司、汕头市澄海区森野塑料制品厂买卖合同纠纷二审民事裁定书,,,,,,,否,pkulaw\raw_pdf\无人机司法案例pdf\无人机司法案例pdf\广东澄星无人机股份有限公司、汕头市澄海区森野塑料制品厂买卖合同纠纷二审民事裁定书(FBMCLI.C.82012132).pdf,https://www.pkulaw.com/pfnl/a6bdb3332ec0adc4a7d5145700b2e00594621538ea,引证码FBMCLI.C.82012132｜司法案例(单独管线)
363,pkulaw,案例,司法案例,广东澄星无人机股份有限公司、汕头市澄海区澄华成大电子玩具厂买卖合同纠纷二审民事裁定书,,,,,,,否,pkulaw\raw_pdf\无人机司法案例pdf\无人机司法案例pdf\广东澄星无人机股份有限公司、汕头市澄海区澄华成大电子玩具厂买卖合同纠纷二审民事裁定书(FBMCLI.C.72232386).pdf,https://www.pkulaw.com/pfnl/a6bdb3332ec0adc4175b0bbcaf829692563923a3844,引证码FBMCLI.C.72232386｜司法案例(单独管线)
364,pkulaw,案例,司法案例,广东澄星无人机股份有限公司、深圳市兴国威电子有限公司买卖合同纠纷二审民事裁定书,,,,,,,否,pkulaw\raw_pdf\无人机司法案例pdf\无人机司法案例pdf\广东澄星无人机股份有限公司、深圳市兴国威电子有限公司买卖合同纠纷二审民事裁定书(FBMCLI.C.84563651).pdf,https://www.pkulaw.com/pfnl/a6bdb3332ec0adc49fb614dd7fb3ed963b1978d61ab,引证码FBMCLI.C.84563651｜司法案例(单独管线)
365,pkulaw,案例,司法案例,广东澄星无人机股份有限公司、深圳市富力电池有限公司买卖合同纠纷二审民事裁定书,,,,,,,否,pkulaw\raw_pdf\无人机司法案例pdf\无人机司法案例pdf\广东澄星无人机股份有限公司、深圳市富力电池有限公司买卖合同纠纷二审民事裁定书(FBMCLI.C.76606102).pdf,https://www.pkulaw.com/pfnl/a6bdb3332ec0adc4f4658ee65934d7e643cb41ec916,引证码FBMCLI.C.76606102｜司法案例(单独管线)
366,pkulaw,案例,司法案例,广东澄星无人机股份有限公司、温卫洪民间借贷纠纷二审民事裁定书,,,,,,,否,pkulaw\raw_pdf\无人机司法案例pdf\无人机司法案例pdf\广东澄星无人机股份有限公司、温卫洪民间借贷纠纷二审民事裁定书(FBMCLI.C.87524823).pdf,https://www.pkulaw.com/pfnl/a6bdb3332ec0adc4488c43672fe18d4f52e845f654f2,引证码FBMCLI.C.87524823｜司法案例(单独管线)
367,pkulaw,案例,司法案例,广东澄星无人机股份有限公司、陈文敏民间借贷纠纷二审民事裁定书,,,,,,,否,pkulaw\raw_pdf\无人机司法案例pdf\无人机司法案例pdf\广东澄星无人机股份有限公司、陈文敏民间借贷纠纷二审民事裁定书(FBMCLI.C.77858387).pdf,https://www.pkulaw.com/pfnl/a6bdb3332ec0adc44a6f5b811c67da710b84e887827,引证码FBMCLI.C.77858387｜司法案例(单独管线)
368,pkulaw,案例,司法案例,广东澄星无人机股份有限公司、陈海丹买卖合同纠纷二审民事裁定书,,,,,,,否,pkulaw\raw_pdf\无人机司法案例pdf\无人机司法案例pdf\广东澄星无人机股份有限公司、陈海丹买卖合同纠纷二审民事裁定书(FBMCLI.C.72072360).pdf,https://www.pkulaw.com/pfnl/a6bdb3332ec0adc4f7b0b82b1df7362fcafbf07f22f3cb,引证码FBMCLI.C.72072360｜司法案例(单独管线)
369,pkulaw,案例,司法案例,广东澄星无人机股份有限公司与新华信托股份有限公司等借款合同纠纷二审民事裁定书,,,,,,,否,pkulaw\raw_pdf\无人机司法案例pdf\无人机司法案例pdf\广东澄星无人机股份有限公司与新华信托股份有限公司等借款合同纠纷二审民事裁定书(FBMCLI.C.87985598).pdf,https://www.pkulaw.com/pfnl/a6bdb3332ec0adc4de23ea024961dcff321947e80bc,引证码FBMCLI.C.87985598｜司法案例(单独管线)
370,pkulaw,案例,司法案例,广东澄星无人机股份有限公司与苏国泽民间借贷纠纷二审民事裁定书,,,,,,,否,pkulaw\raw_pdf\无人机司法案例pdf\无人机司法案例pdf\广东澄星无人机股份有限公司与苏国泽民间借贷纠纷二审民事裁定书(FBMCLI.C.80117825).pdf,https://www.pkulaw.com/pfnl/a6bdb3332ec0adc4c3f727ce65e2c3473930181c510,引证码FBMCLI.C.80117825｜司法案例(单独管线)
371,pkulaw,案例,司法案例,广东省高级人民法院发布2025年知识产权司法保护十大案件之十：谢某、王某侵犯著作权案——非法破解无人机测绘软件技术保护措...,,,,,,,否,pkulaw\raw_pdf\无人机司法案例pdf\无人机司法案例pdf\广东省高级人民法院发布2025年知识产权司法保护十大案件之十：谢某、王某侵犯著作权案——非法破解无人机测绘软件技术保护措...(FBMCLI.C.576208765).pdf,https://www.pkulaw.com/pfnl/c7ed112b8012f816d733f6c6c639e9fbc60f5e18705e,引证码FBMCLI.C.576208765｜司法案例(单独管线)
372,pkulaw,案例,司法案例,广东省高级人民法院发布5起打击走私犯罪典型案例之三：余某等人走私普通货物、物品案——利用无人机架设“飞线”走私,,,,,,,否,pkulaw\raw_pdf\无人机司法案例pdf\无人机司法案例pdf\广东省高级人民法院发布5起打击走私犯罪典型案例之三：余某等人走私普通货物、物品案——利用无人机架设“飞线”走私(FBMCLI.C.546197140).pdf,https://www.pkulaw.com/pfnl/08df102e7c10f2064c155dbe7ae1d3159c588b94517,引证码FBMCLI.C.546197140｜司法案例(单独管线)
373,pkulaw,案例,司法案例,广东能飞无人机培训有限公司与北京锦绣盛世航空投资管理有限公司服务合同纠纷一审民事判决书,,,,,,,否,pkulaw\raw_pdf\无人机司法案例pdf\无人机司法案例pdf\广东能飞无人机培训有限公司与北京锦绣盛世航空投资管理有限公司服务合同纠纷一审民事判决书(FBMCLI.C.501473366).pdf,https://www.pkulaw.com/pfnl/08df102e7c10f206c7da3b98a05e6b68d60d37f74a2b,引证码FBMCLI.C.501473366｜司法案例(单独管线)
374,pkulaw,案例,司法案例,广州市企晨科技信息咨询有限公司与广东澄星无人机股份有限公司服务合同纠纷一案民事一审判决书,,,,,,,否,pkulaw\raw_pdf\无人机司法案例pdf\无人机司法案例pdf\广州市企晨科技信息咨询有限公司与广东澄星无人机股份有限公司服务合同纠纷一案民事一审判决书(FBMCLI.C.316536482).pdf,https://www.pkulaw.com/pfnl/c05aeed05a57db0a5285fe30186452dc9a5c1d554e4,引证码FBMCLI.C.316536482｜司法案例(单独管线)
375,pkulaw,案例,司法案例,广州湘诚贸易有限公司、广东澄星无人机股份有限公司等合同纠纷民事一审民事判决书,,,,,,,否,pkulaw\raw_pdf\无人机司法案例pdf\无人机司法案例pdf\广州湘诚贸易有限公司、广东澄星无人机股份有限公司等合同纠纷民事一审民事判决书(FBMCLI.C.574239748).pdf,https://www.pkulaw.com/pfnl/c7ed112b8012f816440bbd96920c539217b0312d1b,引证码FBMCLI.C.574239748｜司法案例(单独管线)
376,pkulaw,案例,司法案例,广西国翼无人机科技有限公司;周建华;桂林精纳无人机科技有限公司租赁合同纠纷其他执行其他,,,,,,,否,pkulaw\raw_pdf\无人机司法案例pdf\无人机司法案例pdf\广西国翼无人机科技有限公司;周建华;桂林精纳无人机科技有限公司租赁合同纠纷其他执行其他(FBMCLI.C.561857263).pdf,https://www.pkulaw.com/pfnl/08df102e7c10f2061e6d4fb3a2f6e3ed8cf23e8a507a2,引证码FBMCLI.C.561857263｜司法案例(单独管线)
377,pkulaw,案例,司法案例,康雄伟与深圳市飞客无人机科技有限公司买卖合同纠纷一审民事判决书,,,,,,,否,pkulaw\raw_pdf\无人机司法案例pdf\无人机司法案例pdf\康雄伟与深圳市飞客无人机科技有限公司买卖合同纠纷一审民事判决书(FBMCLI.C.99397581).pdf,https://www.pkulaw.com/pfnl/a6bdb3332ec0adc4162a549f2e79e9779b5fd7aa939,引证码FBMCLI.C.99397581｜司法案例(单独管线)
378,pkulaw,案例,司法案例,张丽珍、威海星煜无人机科技有限公司等民间借贷纠纷民事一审民事裁定书,,,,,,,否,pkulaw\raw_pdf\无人机司法案例pdf\无人机司法案例pdf\张丽珍、威海星煜无人机科技有限公司等民间借贷纠纷民事一审民事裁定书(FBMCLI.C.333462553).pdf,https://www.pkulaw.com/pfnl/c05aeed05a57db0ab4dd43a19add1b80758042a3dfc,引证码FBMCLI.C.333462553｜司法案例(单独管线)
379,pkulaw,案例,司法案例,张亮亮与逊克翱龙无人机科技有限公司劳务合同纠纷一案结案通知书,,,,,,,否,pkulaw\raw_pdf\无人机司法案例pdf\无人机司法案例pdf\张亮亮与逊克翱龙无人机科技有限公司劳务合同纠纷一案结案通知书(FBMCLI.C.314498764).pdf,https://www.pkulaw.com/pfnl/c05aeed05a57db0a975bc953303e5b2f6f8d3001dfa1,引证码FBMCLI.C.314498764｜司法案例(单独管线)
380,pkulaw,案例,司法案例,张代银、鲲鹏无人机科技（天津）有限公司建设工程合同纠纷首次执行执行裁定书,,,,,,,否,pkulaw\raw_pdf\无人机司法案例pdf\无人机司法案例pdf\张代银、鲲鹏无人机科技（天津）有限公司建设工程合同纠纷首次执行执行裁定书(FBMCLI.C.503071908).pdf,https://www.pkulaw.com/pfnl/08df102e7c10f20623987789bd116e2f8b3eb283622,引证码FBMCLI.C.503071908｜司法案例(单独管线)
381,pkulaw,案例,司法案例,张伟国与宝清县鑫云祥农用无人机服务有限公司、李明岩合伙协议纠纷一审民事裁定书,,,,,,,否,pkulaw\raw_pdf\无人机司法案例pdf\无人机司法案例pdf\张伟国与宝清县鑫云祥农用无人机服务有限公司、李明岩合伙协议纠纷一审民事裁定书(FBMCLI.C.117953612).pdf,https://www.pkulaw.com/pfnl/a6bdb3332ec0adc46b88d123392c7aab4e012599c5,引证码FBMCLI.C.117953612｜司法案例(单独管线)
382,pkulaw,案例,司法案例,张华艳与德奥无人机运营服务有限公司劳动争议执行裁定书,,,,,,,否,pkulaw\raw_pdf\无人机司法案例pdf\无人机司法案例pdf\张华艳与德奥无人机运营服务有限公司劳动争议执行裁定书(FBMCLI.C.93082477).pdf,https://www.pkulaw.com/pfnl/a6bdb3332ec0adc47d0dbcc70342d28a362ae574bcd,引证码FBMCLI.C.93082477｜司法案例(单独管线)
383,pkulaw,案例,司法案例,张德超与德奥无人机运营服务有限公司劳动争议执行裁定书,,,,,,,否,pkulaw\raw_pdf\无人机司法案例pdf\无人机司法案例pdf\张德超与德奥无人机运营服务有限公司劳动争议执行裁定书(FBMCLI.C.88339639).pdf,https://www.pkulaw.com/pfnl/a6bdb3332ec0adc4897e40a5469553e367ef415708a,引证码FBMCLI.C.88339639｜司法案例(单独管线)
384,pkulaw,案例,司法案例,张珊珊与湖南中斯航迹无人机科技有限公司、黄乾洁追索劳动报酬纠纷一审民事裁定书,,,,,,,否,pkulaw\raw_pdf\无人机司法案例pdf\无人机司法案例pdf\张珊珊与湖南中斯航迹无人机科技有限公司、黄乾洁追索劳动报酬纠纷一审民事裁定书(FBMCLI.C.104411779).pdf,https://www.pkulaw.com/pfnl/a6bdb3332ec0adc4b9c122ecd32dc944d8df1760043,引证码FBMCLI.C.104411779｜司法案例(单独管线)
385,pkulaw,案例,司法案例,张珊珊与湖南中斯航迹无人机科技有限公司、黄乾洁追索劳动报酬纠纷一审民事调解书,,,,,,,否,pkulaw\raw_pdf\无人机司法案例pdf\无人机司法案例pdf\张珊珊与湖南中斯航迹无人机科技有限公司、黄乾洁追索劳动报酬纠纷一审民事调解书(FBMCLI.C.121976348).pdf,https://www.pkulaw.com/pfnl/a6bdb3332ec0adc4a455512884b76fe543235fc7401,引证码FBMCLI.C.121976348｜司法案例(单独管线)
386,pkulaw,案例,司法案例,张瑞福与深圳市飞客无人机科技有限公司买卖合同纠纷一审民事裁定书,,,,,,,否,pkulaw\raw_pdf\无人机司法案例pdf\无人机司法案例pdf\张瑞福与深圳市飞客无人机科技有限公司买卖合同纠纷一审民事裁定书(FBMCLI.C.313383834).pdf,https://www.pkulaw.com/pfnl/c05aeed05a57db0a2393bdae34a6334ab7e301a585,引证码FBMCLI.C.313383834｜司法案例(单独管线)
387,pkulaw,案例,司法案例,张益村、北航富羽无人机（深圳）有限公司劳动争议首次执行执行裁定书,,,,,,,否,pkulaw\raw_pdf\无人机司法案例pdf\无人机司法案例pdf\张益村、北航富羽无人机（深圳）有限公司劳动争议首次执行执行裁定书(FBMCLI.C.502359733).pdf,https://www.pkulaw.com/pfnl/08df102e7c10f206c8f4143a0a34b9550421f452cfb4,引证码FBMCLI.C.502359733｜司法案例(单独管线)
388,pkulaw,案例,司法案例,张鹏与德奥无人机运营服务有限公司劳动争议执行裁定书,,,,,,,否,pkulaw\raw_pdf\无人机司法案例pdf\无人机司法案例pdf\张鹏与德奥无人机运营服务有限公司劳动争议执行裁定书(FBMCLI.C.84873064).pdf,https://www.pkulaw.com/pfnl/a6bdb3332ec0adc4caf7337b112992309b37a0915c2,引证码FBMCLI.C.84873064｜司法案例(单独管线)
389,pkulaw,案例,司法案例,强国羽翼无人机应用技术有限公司、息县农业农村局合同纠纷民事二审民事判决书,,,,,,,否,pkulaw\raw_pdf\无人机司法案例pdf\无人机司法案例pdf\强国羽翼无人机应用技术有限公司、息县农业农村局合同纠纷民事二审民事判决书(FBMCLI.C.431307505).pdf,https://www.pkulaw.com/pfnl/95b2ca8d4055fce14fda707706a301a9eecc430c9605,引证码FBMCLI.C.431307505｜司法案例(单独管线)
390,pkulaw,案例,司法案例,彭丽与洛克希德（武汉）无人机科学研究院有限公司劳动争议执行裁定书,,,,,,,否,pkulaw\raw_pdf\无人机司法案例pdf\无人机司法案例pdf\彭丽与洛克希德（武汉）无人机科学研究院有限公司劳动争议执行裁定书(FBMCLI.C.61217551).pdf,https://www.pkulaw.com/pfnl/a25051f3312b07f3bb5683588a8d2ed4b6258cde7cc,引证码FBMCLI.C.61217551｜司法案例(单独管线)
391,pkulaw,案例,司法案例,"惠州市三航无人机技术研究院,深圳市工大科技教育有限公司与西安天问智能科技有限公司损害公司利益责任纠纷一审民事判决书",,,,,,,否,"pkulaw\raw_pdf\无人机司法案例pdf\无人机司法案例pdf\惠州市三航无人机技术研究院,深圳市工大科技教育有限公司与西安天问智能科技有限公司损害公司利益责任纠纷一审民事判决书(FBMCLI.C.91450040).pdf",https://www.pkulaw.com/pfnl/a6bdb3332ec0adc4d84db5df6597a4a39a60a85b82c,引证码FBMCLI.C.91450040｜司法案例(单独管线)
392,pkulaw,案例,司法案例,成都三足乌无人机科技有限公司与胡晓敏劳动争议纠纷上诉案,,,,,,,否,pkulaw\raw_pdf\无人机司法案例pdf\无人机司法案例pdf\成都三足乌无人机科技有限公司与胡晓敏劳动争议纠纷上诉案(FBMCLI.C.9936874).pdf,https://www.pkulaw.com/pfnl/a25051f3312b07f3c92eed57926dda48a9ea961d464,引证码FBMCLI.C.9936874｜司法案例(单独管线)
393,pkulaw,案例,司法案例,成都工院无人机科技有限公司、四川华远建设工程有限公司服务合同纠纷执行实施类执行裁定书,,,,,,,否,pkulaw\raw_pdf\无人机司法案例pdf\无人机司法案例pdf\成都工院无人机科技有限公司、四川华远建设工程有限公司服务合同纠纷执行实施类执行裁定书(FBMCLI.C.506692743).pdf,https://www.pkulaw.com/pfnl/08df102e7c10f206cec8d869e2b4fd76be183b423dc8,引证码FBMCLI.C.506692743｜司法案例(单独管线)
394,pkulaw,案例,司法案例,成都工院无人机科技有限公司与四川华远建设工程有限公司服务合同纠纷一审民事判决书,,,,,,,否,pkulaw\raw_pdf\无人机司法案例pdf\无人机司法案例pdf\成都工院无人机科技有限公司与四川华远建设工程有限公司服务合同纠纷一审民事判决书(FBMCLI.C.506746356).pdf,https://www.pkulaw.com/pfnl/08df102e7c10f206b332847588ae615130931ce9d99,引证码FBMCLI.C.506746356｜司法案例(单独管线)
395,pkulaw,案例,司法案例,成都工院无人机科技有限公司成某、四某其他案由执行实施类其他,,,,,,,否,pkulaw\raw_pdf\无人机司法案例pdf\无人机司法案例pdf\成都工院无人机科技有限公司成某、四某其他案由执行实施类其他(FBMCLI.C.506797900).pdf,https://www.pkulaw.com/pfnl/08df102e7c10f2064385d5131264876243f21cf17de3,引证码FBMCLI.C.506797900｜司法案例(单独管线)
396,pkulaw,案例,司法案例,成都星展无人机科技有限公司、成都乐屹包装装潢设计有限公司买卖合同纠纷一审民事调解书,,,,,,,否,pkulaw\raw_pdf\无人机司法案例pdf\无人机司法案例pdf\成都星展无人机科技有限公司、成都乐屹包装装潢设计有限公司买卖合同纠纷一审民事调解书(FBMCLI.C.313411488).pdf,https://www.pkulaw.com/pfnl/c05aeed05a57db0a622305197ab182b8f55081bb261,引证码FBMCLI.C.313411488｜司法案例(单独管线)
397,pkulaw,案例,司法案例,成都星展无人机科技有限公司与晓歌动力科技（上海）有限公司买卖合同纠纷一审民事裁定书,,,,,,,否,pkulaw\raw_pdf\无人机司法案例pdf\无人机司法案例pdf\成都星展无人机科技有限公司与晓歌动力科技（上海）有限公司买卖合同纠纷一审民事裁定书(FBMCLI.C.316473812).pdf,https://www.pkulaw.com/pfnl/c05aeed05a57db0ac50c1613f70616e656b0092de61,引证码FBMCLI.C.316473812｜司法案例(单独管线)
398,pkulaw,案例,司法案例,成都睿翼无人机科技有限公司;许小东租赁合同纠纷执行实施类执行通知书,,,,,,,否,pkulaw\raw_pdf\无人机司法案例pdf\无人机司法案例pdf\成都睿翼无人机科技有限公司;许小东租赁合同纠纷执行实施类执行通知书(FBMCLI.C.320043958).pdf,https://www.pkulaw.com/pfnl/c05aeed05a57db0a1fda15352a1eb30ef34a204eb48,引证码FBMCLI.C.320043958｜司法案例(单独管线)
399,pkulaw,案例,司法案例,成都睿翼无人机科技有限公司、何亮租赁合同纠纷执行实施类执行裁定书,,,,,,,否,pkulaw\raw_pdf\无人机司法案例pdf\无人机司法案例pdf\成都睿翼无人机科技有限公司、何亮租赁合同纠纷执行实施类执行裁定书(FBMCLI.C.99344118).pdf,https://www.pkulaw.com/pfnl/a6bdb3332ec0adc4961f09a28c1fe61d8d69e01f9b2d,引证码FBMCLI.C.99344118｜司法案例(单独管线)
400,pkulaw,案例,司法案例,成都睿翼无人机科技有限公司、许小东租赁合同纠纷执行实施类执行裁定书,,,,,,,否,pkulaw\raw_pdf\无人机司法案例pdf\无人机司法案例pdf\成都睿翼无人机科技有限公司、许小东租赁合同纠纷执行实施类执行裁定书(FBMCLI.C.104789114).pdf,https://www.pkulaw.com/pfnl/a6bdb3332ec0adc4dddd938d076537d80dbb3f37d31,引证码FBMCLI.C.104789114｜司法案例(单独管线)
401,pkulaw,案例,司法案例,成都睿翼无人机科技有限公司与何亮租赁合同纠纷一审民事判决书,,,,,,,否,pkulaw\raw_pdf\无人机司法案例pdf\无人机司法案例pdf\成都睿翼无人机科技有限公司与何亮租赁合同纠纷一审民事判决书(FBMCLI.C.86482452).pdf,https://www.pkulaw.com/pfnl/a6bdb3332ec0adc46e05f9b11dfe11c55f05bb33978e,引证码FBMCLI.C.86482452｜司法案例(单独管线)
402,pkulaw,案例,司法案例,成都睿翼无人机科技有限公司与何平租赁合同纠纷一审民事判决书,,,,,,,否,pkulaw\raw_pdf\无人机司法案例pdf\无人机司法案例pdf\成都睿翼无人机科技有限公司与何平租赁合同纠纷一审民事判决书(FBMCLI.C.87703056).pdf,https://www.pkulaw.com/pfnl/a6bdb3332ec0adc434e66ee957d6494077ba749d21,引证码FBMCLI.C.87703056｜司法案例(单独管线)
403,pkulaw,案例,司法案例,成都睿翼无人机科技有限公司与许小东租赁合同纠纷一审民事判决书,,,,,,,否,pkulaw\raw_pdf\无人机司法案例pdf\无人机司法案例pdf\成都睿翼无人机科技有限公司与许小东租赁合同纠纷一审民事判决书(FBMCLI.C.85800968).pdf,https://www.pkulaw.com/pfnl/a6bdb3332ec0adc46a049a55044c83bfbea1b38e8bb,引证码FBMCLI.C.85800968｜司法案例(单独管线)
404,pkulaw,案例,司法案例,新乡市五谷无人机有限公司、宋玉生买卖合同纠纷二审民事判决书,,,,,,,否,pkulaw\raw_pdf\无人机司法案例pdf\无人机司法案例pdf\新乡市五谷无人机有限公司、宋玉生买卖合同纠纷二审民事判决书(FBMCLI.C.70435048).pdf,https://www.pkulaw.com/pfnl/a6bdb3332ec0adc47948bfa9705cc7866ecd01ef0184,引证码FBMCLI.C.70435048｜司法案例(单独管线)
405,pkulaw,案例,司法案例,新乡市五谷无人机有限公司、宋玉生买卖合同纠纷再审审查与审判监督民事裁定书,,,,,,,否,pkulaw\raw_pdf\无人机司法案例pdf\无人机司法案例pdf\新乡市五谷无人机有限公司、宋玉生买卖合同纠纷再审审查与审判监督民事裁定书(FBMCLI.C.76815518).pdf,https://www.pkulaw.com/pfnl/a6bdb3332ec0adc433e33ce4b859cd10665f8a480cc,引证码FBMCLI.C.76815518｜司法案例(单独管线)
406,pkulaw,案例,司法案例,新疆猎鹰无人机科技有限公司与霍城县金裕农种植专业合作社委托合同纠纷二审民事判决书,,,,,,,否,pkulaw\raw_pdf\无人机司法案例pdf\无人机司法案例pdf\新疆猎鹰无人机科技有限公司与霍城县金裕农种植专业合作社委托合同纠纷二审民事判决书(FBMCLI.C.110562471).pdf,https://www.pkulaw.com/pfnl/a6bdb3332ec0adc4c0adef82ead6eb1d3db829f9909,引证码FBMCLI.C.110562471｜司法案例(单独管线)
407,pkulaw,案例,司法案例,新疆航盾无人机科技有限公司;新疆金桂芳香时代家居用品有限公司;方雅枝;方光霖;方潇撼;民间借贷纠纷一审民事裁定书,,,,,,,否,pkulaw\raw_pdf\无人机司法案例pdf\无人机司法案例pdf\新疆航盾无人机科技有限公司;新疆金桂芳香时代家居用品有限公司;方雅枝;方光霖;方潇撼;民间借贷纠纷一审民事裁定书(FBMCLI.C.577245756).pdf,https://www.pkulaw.com/pfnl/c7ed112b8012f8163e3ca5f480ccdf5a487d544a0861,引证码FBMCLI.C.577245756｜司法案例(单独管线)
408,pkulaw,案例,司法案例,新疆航盾无人机科技有限公司与新疆潇鑫装饰工程有限公司民间借贷纠纷一案,,,,,,,否,pkulaw\raw_pdf\无人机司法案例pdf\无人机司法案例pdf\新疆航盾无人机科技有限公司与新疆潇鑫装饰工程有限公司民间借贷纠纷一案(FBMCLI.C.577559189).pdf,https://www.pkulaw.com/pfnl/c7ed112b8012f8160ad4f4248327b3c5f60aef82e18a,引证码FBMCLI.C.577559189｜司法案例(单独管线)
409,pkulaw,案例,司法案例,无锡微纳产业发展有限公司与无锡微翼德米无人机系统科技有限公司房屋租赁合同纠纷一审民事裁定书,,,,,,,否,pkulaw\raw_pdf\无人机司法案例pdf\无人机司法案例pdf\无锡微纳产业发展有限公司与无锡微翼德米无人机系统科技有限公司房屋租赁合同纠纷一审民事裁定书(FBMCLI.C.72428625).pdf,https://www.pkulaw.com/pfnl/a6bdb3332ec0adc4b8b176643d14cd1c64e2af9e9e7,引证码FBMCLI.C.72428625｜司法案例(单独管线)
410,pkulaw,案例,司法案例,无锡微翼德米无人机系统科技有限公司与山东微翼植保智能科技有限公司买卖合同纠纷上诉案,,,,,,,否,pkulaw\raw_pdf\无人机司法案例pdf\无人机司法案例pdf\无锡微翼德米无人机系统科技有限公司与山东微翼植保智能科技有限公司买卖合同纠纷上诉案(FBMCLI.C.10878435).pdf,https://www.pkulaw.com/pfnl/a25051f3312b07f3b9cfa4a6be134fc58a5b6a14ac59f,引证码FBMCLI.C.10878435｜司法案例(单独管线)
411,pkulaw,案例,司法案例,无锡顺汇欣机械制造有限公司、星空（江苏）无人机研究院有限公司买卖合同纠纷民事一审民事裁定书,,,,,,,否,pkulaw\raw_pdf\无人机司法案例pdf\无人机司法案例pdf\无锡顺汇欣机械制造有限公司、星空（江苏）无人机研究院有限公司买卖合同纠纷民事一审民事裁定书(FBMCLI.C.503750423).pdf,https://www.pkulaw.com/pfnl/08df102e7c10f20642b53237c2ecb2f631eb30e9e9a6,引证码FBMCLI.C.503750423｜司法案例(单独管线)
412,pkulaw,案例,司法案例,曹继生、北航富羽无人机（深圳）有限公司劳动争议首次执行执行裁定书,,,,,,,否,pkulaw\raw_pdf\无人机司法案例pdf\无人机司法案例pdf\曹继生、北航富羽无人机（深圳）有限公司劳动争议首次执行执行裁定书(FBMCLI.C.431947024).pdf,https://www.pkulaw.com/pfnl/95b2ca8d4055fce1a42badda4d7a39f0b23bc83dd73,引证码FBMCLI.C.431947024｜司法案例(单独管线)
413,pkulaw,案例,司法案例,曾德茂、邓昆鹏等与曾梅方、湖北金至翔农用无人机科技有限公司相邻污染侵害纠纷二审民事裁定书,,,,,,,否,pkulaw\raw_pdf\无人机司法案例pdf\无人机司法案例pdf\曾德茂、邓昆鹏等与曾梅方、湖北金至翔农用无人机科技有限公司相邻污染侵害纠纷二审民事裁定书(FBMCLI.C.510400672).pdf,https://www.pkulaw.com/pfnl/08df102e7c10f206fe360e428cc3eeaec48aac72bb98,引证码FBMCLI.C.510400672｜司法案例(单独管线)
414,pkulaw,案例,司法案例,曾秀文、北航富羽无人机（深圳）有限公司劳动争议民事一审民事裁定书,,,,,,,否,pkulaw\raw_pdf\无人机司法案例pdf\无人机司法案例pdf\曾秀文、北航富羽无人机（深圳）有限公司劳动争议民事一审民事裁定书(FBMCLI.C.407263889).pdf,https://www.pkulaw.com/pfnl/95b2ca8d4055fce1d4854408970c1e03c566c2be6f7,引证码FBMCLI.C.407263889｜司法案例(单独管线)
415,pkulaw,案例,司法案例,最高人民法院发布10件2025年度环境资源审判典型案例之一：程某某非法狩猎案——依法严惩利用无人机“坠箭”非法狩猎新型环境犯罪,,,,,,,否,pkulaw\raw_pdf\无人机司法案例pdf\无人机司法案例pdf\最高人民法院发布10件2025年度环境资源审判典型案例之一：程某某非法狩猎案——依法严惩利用无人机“坠箭”非法狩猎新型环境犯罪(FBMCLI.C.576783428).pdf,https://www.pkulaw.com/pfnl/c7ed112b8012f816fe3c55ca47d9be9508debb72680f,引证码FBMCLI.C.576783428｜司法案例(单独管线)
416,pkulaw,案例,司法案例,最高人民法院发布6起2026年上半年司法审判工作主要数据配发典型案例之五：卢某某诉范某某财产损害赔偿纠纷案——无人机喷洒...,,,,,,,否,pkulaw\raw_pdf\无人机司法案例pdf\无人机司法案例pdf\最高人民法院发布6起2026年上半年司法审判工作主要数据配发典型案例之五：卢某某诉范某某财产损害赔偿纠纷案——无人机喷洒...(FBMCLI.C.578317294).pdf,https://www.pkulaw.com/pfnl/c7ed112b8012f81608e891a769e92b748591f7509c6,引证码FBMCLI.C.578317294｜司法案例(单独管线)
417,pkulaw,案例,司法案例,最高人民法院发布九起涉农民事典型案例之七：卢某某与范某某财产损害赔偿纠纷案——使用无人机喷洒农药造成相邻地块农作物受...,,,,,,,否,pkulaw\raw_pdf\无人机司法案例pdf\无人机司法案例pdf\最高人民法院发布九起涉农民事典型案例之七：卢某某与范某某财产损害赔偿纠纷案——使用无人机喷洒农药造成相邻地块农作物受...(FBMCLI.C.546328309).pdf,https://www.pkulaw.com/pfnl/08df102e7c10f206f7ae5f52f4eb4e280d842b4e3981,引证码FBMCLI.C.546328309｜司法案例(单独管线)
418,pkulaw,案例,司法案例,朱元喜与极飞无人机教育科技（深圳）有限公司、赖进发借款合同纠纷执行实施类执行裁定书,,,,,,,否,pkulaw\raw_pdf\无人机司法案例pdf\无人机司法案例pdf\朱元喜与极飞无人机教育科技（深圳）有限公司、赖进发借款合同纠纷执行实施类执行裁定书(FBMCLI.C.73424798).pdf,https://www.pkulaw.com/pfnl/a6bdb3332ec0adc408fc80b8190fe8bf7f999e02ef7fe,引证码FBMCLI.C.73424798｜司法案例(单独管线)
419,pkulaw,案例,司法案例,朱某、镇赉县镇赉镇惠丰大疆无人机销售店等买卖合同纠纷民事一审民事裁定书,,,,,,,否,pkulaw\raw_pdf\无人机司法案例pdf\无人机司法案例pdf\朱某、镇赉县镇赉镇惠丰大疆无人机销售店等买卖合同纠纷民事一审民事裁定书(FBMCLI.C.545754001).pdf,https://www.pkulaw.com/pfnl/08df102e7c10f206278d40fd5879a55a51e05d57d6bf,引证码FBMCLI.C.545754001｜司法案例(单独管线)
420,pkulaw,案例,司法案例,李敏、深圳慈航无人机自主系统技术有限公司合同、无因管理、不当得利纠纷破产申请审查强制清算与破产裁定书,,,,,,,否,pkulaw\raw_pdf\无人机司法案例pdf\无人机司法案例pdf\李敏、深圳慈航无人机自主系统技术有限公司合同、无因管理、不当得利纠纷破产申请审查强制清算与破产裁定书(FBMCLI.C.430375161).pdf,https://www.pkulaw.com/pfnl/95b2ca8d4055fce1ae319dcda54eeaf9999e009b351,引证码FBMCLI.C.430375161｜司法案例(单独管线)
421,pkulaw,案例,司法案例,李清晓、建三江管理局勤得利农场赵小刚无人机销售处买卖合同纠纷民事一审民事裁定书,,,,,,,否,pkulaw\raw_pdf\无人机司法案例pdf\无人机司法案例pdf\李清晓、建三江管理局勤得利农场赵小刚无人机销售处买卖合同纠纷民事一审民事裁定书(FBMCLI.C.417758172).pdf,https://www.pkulaw.com/pfnl/95b2ca8d4055fce15edf60c36e35442ab38e93669e9f,引证码FBMCLI.C.417758172｜司法案例(单独管线)
422,pkulaw,案例,司法案例,杨兴武与逊克翱龙无人机科技有限公司劳务合同纠纷一案结案通知书,,,,,,,否,pkulaw\raw_pdf\无人机司法案例pdf\无人机司法案例pdf\杨兴武与逊克翱龙无人机科技有限公司劳务合同纠纷一案结案通知书(FBMCLI.C.314498782).pdf,https://www.pkulaw.com/pfnl/c05aeed05a57db0a37550c5a6a178024d2d9828a9d,引证码FBMCLI.C.314498782｜司法案例(单独管线)
423,pkulaw,案例,司法案例,杨博与湖北金斯福德无人机有限公司、霍克民间借贷纠纷一审民事裁定书,,,,,,,否,pkulaw\raw_pdf\无人机司法案例pdf\无人机司法案例pdf\杨博与湖北金斯福德无人机有限公司、霍克民间借贷纠纷一审民事裁定书(FBMCLI.C.115217379).pdf,https://www.pkulaw.com/pfnl/a6bdb3332ec0adc4083d399c4e1c19c8b4684ce0197,引证码FBMCLI.C.115217379｜司法案例(单独管线)
424,pkulaw,案例,司法案例,杨怀强、济南赛尔无人机科技有限公司劳动争议执行实施类执行裁定书,,,,,,,否,pkulaw\raw_pdf\无人机司法案例pdf\无人机司法案例pdf\杨怀强、济南赛尔无人机科技有限公司劳动争议执行实施类执行裁定书(FBMCLI.C.72904197).pdf,https://www.pkulaw.com/pfnl/a6bdb3332ec0adc4e8634927a0ff66d62711c8a9b69,引证码FBMCLI.C.72904197｜司法案例(单独管线)
425,pkulaw,案例,司法案例,杨洽与辽宁大壮无人机科技有限公司劳动争议一审民事判决书,,,,,,,否,pkulaw\raw_pdf\无人机司法案例pdf\无人机司法案例pdf\杨洽与辽宁大壮无人机科技有限公司劳动争议一审民事判决书(FBMCLI.C.552577093).pdf,https://www.pkulaw.com/pfnl/08df102e7c10f206315f6cd8e47d43fbe5796312a5df,引证码FBMCLI.C.552577093｜司法案例(单独管线)
426,pkulaw,案例,司法案例,某无人机科技有限公司;某机械有限公司买卖合同纠纷一审民事判决书,,,,,,,否,pkulaw\raw_pdf\无人机司法案例pdf\无人机司法案例pdf\某无人机科技有限公司;某机械有限公司买卖合同纠纷一审民事判决书(FBMCLI.C.576835141).pdf,https://www.pkulaw.com/pfnl/c7ed112b8012f816704ba551343ddbfb3abbf81929c,引证码FBMCLI.C.576835141｜司法案例(单独管线)
427,pkulaw,案例,司法案例,某无人机科技有限公司、某博科技有限公司等侵害商标权纠纷民事一审民事判决书,,,,,,,否,pkulaw\raw_pdf\无人机司法案例pdf\无人机司法案例pdf\某无人机科技有限公司、某博科技有限公司等侵害商标权纠纷民事一审民事判决书(FBMCLI.C.553196427).pdf,https://www.pkulaw.com/pfnl/08df102e7c10f206a44c432e2c928c7f8d2bcff58566f,引证码FBMCLI.C.553196427｜司法案例(单独管线)
428,pkulaw,案例,司法案例,某某传媒（武汉）有限公司与某某（武汉）无人机科技有限公司服务合同纠纷一审民事判决书,,,,,,,否,pkulaw\raw_pdf\无人机司法案例pdf\无人机司法案例pdf\某某传媒（武汉）有限公司与某某（武汉）无人机科技有限公司服务合同纠纷一审民事判决书(FBMCLI.C.564038387).pdf,https://www.pkulaw.com/pfnl/c7ed112b8012f816b90146111c19fe5432d6df93a2b,引证码FBMCLI.C.564038387｜有附件｜司法案例(单独管线)
429,pkulaw,案例,司法案例,某某生物科技发展有限责任公司、某某无人机科技有限公司等合同纠纷民事一审民事判决书,,,,,,,否,pkulaw\raw_pdf\无人机司法案例pdf\无人机司法案例pdf\某某生物科技发展有限责任公司、某某无人机科技有限公司等合同纠纷民事一审民事判决书(FBMCLI.C.559838226).pdf,https://www.pkulaw.com/pfnl/08df102e7c10f206e81d7eaa61ec0e2ba556fa09735f,引证码FBMCLI.C.559838226｜司法案例(单独管线)
430,pkulaw,案例,司法案例,某某（广州）无人机技术有限公司与某某汽车销售服务（昆明）有限公司修理合同纠纷一审民事裁定书,,,,,,,否,pkulaw\raw_pdf\无人机司法案例pdf\无人机司法案例pdf\某某（广州）无人机技术有限公司与某某汽车销售服务（昆明）有限公司修理合同纠纷一审民事裁定书(FBMCLI.C.556202545).pdf,https://www.pkulaw.com/pfnl/08df102e7c10f2065519866e80f3424ca9bf409d5f28,引证码FBMCLI.C.556202545｜司法案例(单独管线)
431,pkulaw,案例,司法案例,梁伟申请执行逊克翱龙无人机科技有限公司劳务合同纠纷一案结案通知书,,,,,,,否,pkulaw\raw_pdf\无人机司法案例pdf\无人机司法案例pdf\梁伟申请执行逊克翱龙无人机科技有限公司劳务合同纠纷一案结案通知书(FBMCLI.C.314066592).pdf,https://www.pkulaw.com/pfnl/c05aeed05a57db0a5983d5fd51ddbf97d29aea5e458,引证码FBMCLI.C.314066592｜司法案例(单独管线)
432,pkulaw,案例,司法案例,梅州国威电子有限公司与广东澄星无人机股份有限公司加工合同纠纷一审民事判决书,,,,,,,否,pkulaw\raw_pdf\无人机司法案例pdf\无人机司法案例pdf\梅州国威电子有限公司与广东澄星无人机股份有限公司加工合同纠纷一审民事判决书(FBMCLI.C.81828463).pdf,https://www.pkulaw.com/pfnl/a6bdb3332ec0adc4e523ea735a25af28b1948538eb2,引证码FBMCLI.C.81828463｜司法案例(单独管线)
433,pkulaw,案例,司法案例,"武侯区无线航模玩具经营部与赵德力,东莞市汇天无人机科技有限公司侵害外观设计专利权纠纷二审民事裁定书",,,,,,,否,"pkulaw\raw_pdf\无人机司法案例pdf\无人机司法案例pdf\武侯区无线航模玩具经营部与赵德力,东莞市汇天无人机科技有限公司侵害外观设计专利权纠纷二审民事裁定书(FBMCLI.C.110054377).pdf",https://www.pkulaw.com/pfnl/a6bdb3332ec0adc4eec1a2b9162e9b41a2fdc24d05f,引证码FBMCLI.C.110054377｜司法案例(单独管线)
434,pkulaw,案例,司法案例,武汉东湖高新集团股份有限公司与洛克希德（武汉）无人机科学研究院有限公司、黄琪租赁合同纠纷一审民事判决书,,,,,,,否,pkulaw\raw_pdf\无人机司法案例pdf\无人机司法案例pdf\武汉东湖高新集团股份有限公司与洛克希德（武汉）无人机科学研究院有限公司、黄琪租赁合同纠纷一审民事判决书(FBMCLI.C.114864909).pdf,https://www.pkulaw.com/pfnl/a6bdb3332ec0adc443eefce81f95ce98d53c6eb3c8ce,引证码FBMCLI.C.114864909｜司法案例(单独管线)
435,pkulaw,案例,司法案例,武汉市宏润小额贷款有限公司与孙怡与田其瑞与湖北中华雁无人机航空科技实业有限公司与湖北中华雁航空器科技实业有限公司与湖...,,,,,,,否,pkulaw\raw_pdf\无人机司法案例pdf\无人机司法案例pdf\武汉市宏润小额贷款有限公司与孙怡与田其瑞与湖北中华雁无人机航空科技实业有限公司与湖北中华雁航空器科技实业有限公司与湖...(FBMCLI.C.68219830).pdf,https://www.pkulaw.com/pfnl/a6bdb3332ec0adc4f03c4b29534db24f11271b55fb0c,引证码FBMCLI.C.68219830｜司法案例(单独管线)
436,pkulaw,案例,司法案例,武汉拓普新科无人机科技有限公司、魏广晔等民间借贷纠纷民事一审民事判决书,,,,,,,否,pkulaw\raw_pdf\无人机司法案例pdf\无人机司法案例pdf\武汉拓普新科无人机科技有限公司、魏广晔等民间借贷纠纷民事一审民事判决书(FBMCLI.C.505225109).pdf,https://www.pkulaw.com/pfnl/08df102e7c10f2061529d2f99d9a28451c060c2657fb,引证码FBMCLI.C.505225109｜司法案例(单独管线)
437,pkulaw,案例,司法案例,武汉无人机公司调解书,,,,,,,否,pkulaw\raw_pdf\无人机司法案例pdf\无人机司法案例pdf\武汉无人机公司调解书(FBMCLI.C.106923482).pdf,https://www.pkulaw.com/pfnl/a6bdb3332ec0adc4480a5ff4105a1cc29e9824f72a31,引证码FBMCLI.C.106923482｜司法案例(单独管线)
438,pkulaw,案例,司法案例,汕头市华洛贸易有限公司与广东澄星无人机股份有限公司不当得利纠纷一审民事判决书,,,,,,,否,pkulaw\raw_pdf\无人机司法案例pdf\无人机司法案例pdf\汕头市华洛贸易有限公司与广东澄星无人机股份有限公司不当得利纠纷一审民事判决书(FBMCLI.C.93103873).pdf,https://www.pkulaw.com/pfnl/a6bdb3332ec0adc4a3004eb813b10f430d41dbee28f,引证码FBMCLI.C.93103873｜司法案例(单独管线)
439,pkulaw,案例,司法案例,汕头市澄海区人民法院、广东澄星无人机股份有限公司其他案由执行实施类执行裁定书,,,,,,,否,pkulaw\raw_pdf\无人机司法案例pdf\无人机司法案例pdf\汕头市澄海区人民法院、广东澄星无人机股份有限公司其他案由执行实施类执行裁定书(FBMCLI.C.323673478).pdf,https://www.pkulaw.com/pfnl/c05aeed05a57db0a23dfa1888f9f57ceb339efcecf89f,引证码FBMCLI.C.323673478｜司法案例(单独管线)
440,pkulaw,案例,司法案例,汕头市澄海区森野塑料制品厂与广东澄星无人机股份有限公司买卖合同纠纷一审民事判决书,,,,,,,否,pkulaw\raw_pdf\无人机司法案例pdf\无人机司法案例pdf\汕头市澄海区森野塑料制品厂与广东澄星无人机股份有限公司买卖合同纠纷一审民事判决书(FBMCLI.C.88906168).pdf,https://www.pkulaw.com/pfnl/a6bdb3332ec0adc43ffb53800f787f372105a4e276ef,引证码FBMCLI.C.88906168｜司法案例(单独管线)
441,pkulaw,案例,司法案例,汕头市澄海区港口建筑工程有限公司、广东澄星无人机股份有限公司其他案由执行实施类执行裁定书,,,,,,,否,pkulaw\raw_pdf\无人机司法案例pdf\无人机司法案例pdf\汕头市澄海区港口建筑工程有限公司、广东澄星无人机股份有限公司其他案由执行实施类执行裁定书(FBMCLI.C.311415586).pdf,https://www.pkulaw.com/pfnl/c05aeed05a57db0a23db5ce713f5ab708b2fcd6a357f,引证码FBMCLI.C.311415586｜司法案例(单独管线)
442,pkulaw,案例,司法案例,汕头市澄海区港口建筑工程有限公司与广东澄星无人机股份有限公司建设工程施工合同纠纷一案民事一审判决书,,,,,,,否,pkulaw\raw_pdf\无人机司法案例pdf\无人机司法案例pdf\汕头市澄海区港口建筑工程有限公司与广东澄星无人机股份有限公司建设工程施工合同纠纷一案民事一审判决书(FBMCLI.C.106099789).pdf,https://www.pkulaw.com/pfnl/a6bdb3332ec0adc4cb561964fb292fa3b41a7b92d9b,引证码FBMCLI.C.106099789｜司法案例(单独管线)
443,pkulaw,案例,司法案例,汕头市澄海区澄华成大电子玩具厂、广东澄星无人机股份有限公司买卖合同纠纷执行实施类执行裁定书,,,,,,,否,pkulaw\raw_pdf\无人机司法案例pdf\无人机司法案例pdf\汕头市澄海区澄华成大电子玩具厂、广东澄星无人机股份有限公司买卖合同纠纷执行实施类执行裁定书(FBMCLI.C.316560241).pdf,https://www.pkulaw.com/pfnl/c05aeed05a57db0a4035956db375194b8dde7f0f6d3,引证码FBMCLI.C.316560241｜司法案例(单独管线)
444,pkulaw,案例,司法案例,汕头市澄海区澄华成大电子玩具厂与广东澄星无人机股份有限公司买卖合同纠纷一审民事判决书,,,,,,,否,pkulaw\raw_pdf\无人机司法案例pdf\无人机司法案例pdf\汕头市澄海区澄华成大电子玩具厂与广东澄星无人机股份有限公司买卖合同纠纷一审民事判决书(FBMCLI.C.74308232).pdf,https://www.pkulaw.com/pfnl/a6bdb3332ec0adc4470c9028c47f402803d4b342e29,引证码FBMCLI.C.74308232｜司法案例(单独管线)
445,pkulaw,案例,司法案例,汕头市龙湖区科运电子厂与广东澄星无人机股份有限公司买卖合同纠纷一审民事判决书,,,,,,,否,pkulaw\raw_pdf\无人机司法案例pdf\无人机司法案例pdf\汕头市龙湖区科运电子厂与广东澄星无人机股份有限公司买卖合同纠纷一审民事判决书(FBMCLI.C.84461986).pdf,https://www.pkulaw.com/pfnl/a6bdb3332ec0adc46a3f4d078f3f48698b433f3f4acf3,引证码FBMCLI.C.84461986｜司法案例(单独管线)
446,pkulaw,案例,司法案例,江苏南大安高人力资源有限公司天津分公司、汇农云创智能无人机科技（辽宁）有限公司合同纠纷民事一审民事裁定书,,,,,,,否,pkulaw\raw_pdf\无人机司法案例pdf\无人机司法案例pdf\江苏南大安高人力资源有限公司天津分公司、汇农云创智能无人机科技（辽宁）有限公司合同纠纷民事一审民事裁定书(FBMCLI.C.504805466).pdf,https://www.pkulaw.com/pfnl/08df102e7c10f206ad0be7935eeacbbabfd4b39161b2,引证码FBMCLI.C.504805466｜司法案例(单独管线)
447,pkulaw,案例,司法案例,江苏南大安高人力资源有限公司天津分公司与汇农云创智能无人机科技（辽宁）有限公司与公司、证券、保险、票据有关案件财产保...,,,,,,,否,pkulaw\raw_pdf\无人机司法案例pdf\无人机司法案例pdf\江苏南大安高人力资源有限公司天津分公司与汇农云创智能无人机科技（辽宁）有限公司与公司、证券、保险、票据有关案件财产保...(FBMCLI.C.503371275).pdf,https://www.pkulaw.com/pfnl/08df102e7c10f206f915331993eb08b44d6b371b802,引证码FBMCLI.C.503371275｜司法案例(单独管线)
448,pkulaw,案例,司法案例,江苏启源无人机科技有限公司与探马（安徽）科技有限公司买卖合同纠纷一案,,,,,,,否,pkulaw\raw_pdf\无人机司法案例pdf\无人机司法案例pdf\江苏启源无人机科技有限公司与探马（安徽）科技有限公司买卖合同纠纷一案(FBMCLI.C.578761400).pdf,https://www.pkulaw.com/pfnl/c7ed112b8012f816acd1d21155ac2eb314a5b987ba8,引证码FBMCLI.C.578761400｜司法案例(单独管线)
449,pkulaw,案例,司法案例,江苏星睿航空科技有限公司、临沂威鹰无人机控制技术有限公司买卖合同纠纷首次执行执行通知书,,,,,,,否,pkulaw\raw_pdf\无人机司法案例pdf\无人机司法案例pdf\江苏星睿航空科技有限公司、临沂威鹰无人机控制技术有限公司买卖合同纠纷首次执行执行通知书(FBMCLI.C.412216685).pdf,https://www.pkulaw.com/pfnl/95b2ca8d4055fce17c517bb0b94b3db142eff1c6fcedf,引证码FBMCLI.C.412216685｜司法案例(单独管线)
450,pkulaw,案例,司法案例,江苏省常州市中级人民法院发布5起涉安全生产典型案例之二：周某过失致人死亡案——无人机作业致人死亡事故,,,,,,,否,pkulaw\raw_pdf\无人机司法案例pdf\无人机司法案例pdf\江苏省常州市中级人民法院发布5起涉安全生产典型案例之二：周某过失致人死亡案——无人机作业致人死亡事故(FBMCLI.C.563768545).pdf,https://www.pkulaw.com/pfnl/c7ed112b8012f816c5fc99413b98a8894879db0b3d3,引证码FBMCLI.C.563768545｜司法案例(单独管线)
451,pkulaw,案例,司法案例,江苏省扬州市中级人民法院发布8起党支部领办“网格法庭”典型案例之六：王大叔与杨大叔财产损害赔偿纠纷案——经开区朴席镇...,,,,,,,否,pkulaw\raw_pdf\无人机司法案例pdf\无人机司法案例pdf\江苏省扬州市中级人民法院发布8起党支部领办“网格法庭”典型案例之六：王大叔与杨大叔财产损害赔偿纠纷案——经开区朴席镇...(FBMCLI.C.557890869).pdf,https://www.pkulaw.com/pfnl/08df102e7c10f2063452606d43e7acf1a547fef2af88d,引证码FBMCLI.C.557890869｜司法案例(单独管线)
452,pkulaw,案例,司法案例,江苏省高级人民法院发布12起1 4专项行动“暖企”“护企”典型案例之三：某厂房出租人与某科技公司租赁合同纠纷执行案——单...,,,,,,,否,pkulaw\raw_pdf\无人机司法案例pdf\无人机司法案例pdf\江苏省高级人民法院发布12起1 4专项行动“暖企”“护企”典型案例之三：某厂房出租人与某科技公司租赁合同纠纷执行案——单...(FBMCLI.C.563067808).pdf,https://www.pkulaw.com/pfnl/c7ed112b8012f81695950a885d93173e28d4938398c,引证码FBMCLI.C.563067808｜司法案例(单独管线)
453,pkulaw,案例,司法案例,江苏航丰智控无人机有限公司与浙江智天科技有限公司、陈灵峰买卖合同纠纷,,,,,,,否,pkulaw\raw_pdf\无人机司法案例pdf\无人机司法案例pdf\江苏航丰智控无人机有限公司与浙江智天科技有限公司、陈灵峰买卖合同纠纷(FBMCLI.C.59940668).pdf,https://www.pkulaw.com/pfnl/a25051f3312b07f336618360dfc9cf5c2ae79b4bb709,引证码FBMCLI.C.59940668｜司法案例(单独管线)
454,pkulaw,案例,司法案例,江西壮龙无人机科技有限公司、吴传宇租赁合同纠纷民事一审民事判决书,,,,,,,否,pkulaw\raw_pdf\无人机司法案例pdf\无人机司法案例pdf\江西壮龙无人机科技有限公司、吴传宇租赁合同纠纷民事一审民事判决书(FBMCLI.C.403143192).pdf,https://www.pkulaw.com/pfnl/95b2ca8d4055fce16b63a5c434b73d10772d01978f6,引证码FBMCLI.C.403143192｜司法案例(单独管线)
455,pkulaw,案例,司法案例,江西省高级人民法院发布2022年十大知识产权保护典型案例之八：广州亿航智能技术有限公司与南昌三瑞智能科技有限公司、江西新...,,,,,,,否,pkulaw\raw_pdf\无人机司法案例pdf\无人机司法案例pdf\江西省高级人民法院发布2022年十大知识产权保护典型案例之八：广州亿航智能技术有限公司与南昌三瑞智能科技有限公司、江西新...(FBMCLI.C.504759175).pdf,https://www.pkulaw.com/pfnl/08df102e7c10f206f7d84a69b376882cc078eddfa243,引证码FBMCLI.C.504759175｜司法案例(单独管线)
456,pkulaw,案例,司法案例,江西黑蜻蜓无人机科技有限公司、史孟洪执行实施类执行裁定书,,,,,,,否,pkulaw\raw_pdf\无人机司法案例pdf\无人机司法案例pdf\江西黑蜻蜓无人机科技有限公司、史孟洪执行实施类执行裁定书(FBMCLI.C.60697276).pdf,https://www.pkulaw.com/pfnl/a25051f3312b07f3e638badd5c2f6c7ae28b39abc810,引证码FBMCLI.C.60697276｜司法案例(单独管线)
457,pkulaw,案例,司法案例,江西黑蜻蜓无人机科技有限公司诉史某某承揽合同纠纷案,,,,,,,否,pkulaw\raw_pdf\无人机司法案例pdf\无人机司法案例pdf\江西黑蜻蜓无人机科技有限公司诉史某某承揽合同纠纷案(FBMCLI.C.46964464).pdf,https://www.pkulaw.com/pfnl/a25051f3312b07f36b7797bc56decf91d49e617f159d,引证码FBMCLI.C.46964464｜司法案例(单独管线)
458,pkulaw,案例,司法案例,沈阳上博智像科技有限公司与沈阳壮龙无人机产业研究院有限公司买卖合同纠纷一审民事判决书,,,,,,,否,pkulaw\raw_pdf\无人机司法案例pdf\无人机司法案例pdf\沈阳上博智像科技有限公司与沈阳壮龙无人机产业研究院有限公司买卖合同纠纷一审民事判决书(FBMCLI.C.500620916).pdf,https://www.pkulaw.com/pfnl/08df102e7c10f2064a6c44bfbfd742dadb8f769aa1c38,引证码FBMCLI.C.500620916｜司法案例(单独管线)
459,pkulaw,案例,司法案例,沈阳上博智像科技有限公司与沈阳壮龙无人机产业研究院有限公司买卖合同纠纷首次执行裁定书,,,,,,,否,pkulaw\raw_pdf\无人机司法案例pdf\无人机司法案例pdf\沈阳上博智像科技有限公司与沈阳壮龙无人机产业研究院有限公司买卖合同纠纷首次执行裁定书(FBMCLI.C.501916350).pdf,https://www.pkulaw.com/pfnl/08df102e7c10f20693b246eb374ada9d92421cdd10c,引证码FBMCLI.C.501916350｜司法案例(单独管线)
460,pkulaw,案例,司法案例,沈阳上博智像科技有限公司与辽宁大壮无人机科技有限公司技术合同纠纷一审民事裁定书,,,,,,,否,pkulaw\raw_pdf\无人机司法案例pdf\无人机司法案例pdf\沈阳上博智像科技有限公司与辽宁大壮无人机科技有限公司技术合同纠纷一审民事裁定书(FBMCLI.C.501153573).pdf,https://www.pkulaw.com/pfnl/08df102e7c10f2063243d1a321ffb746729a170aa96f,引证码FBMCLI.C.501153573｜司法案例(单独管线)
461,pkulaw,案例,司法案例,沈阳东云无人机科技服务有限公司、沈阳绿环澄源热力有限公司等供用热力合同纠纷民事一审民事裁定书,,,,,,,否,pkulaw\raw_pdf\无人机司法案例pdf\无人机司法案例pdf\沈阳东云无人机科技服务有限公司、沈阳绿环澄源热力有限公司等供用热力合同纠纷民事一审民事裁定书(FBMCLI.C.404389374).pdf,https://www.pkulaw.com/pfnl/95b2ca8d4055fce19bcc06558e64a9c824fa4b2776ad,引证码FBMCLI.C.404389374｜司法案例(单独管线)
462,pkulaw,案例,司法案例,沈阳东云无人机科技服务有限公司与沈阳绿环澄源热力有限公司供用热力合同纠纷一审民事裁定书,,,,,,,否,pkulaw\raw_pdf\无人机司法案例pdf\无人机司法案例pdf\沈阳东云无人机科技服务有限公司与沈阳绿环澄源热力有限公司供用热力合同纠纷一审民事裁定书(FBMCLI.C.319887607).pdf,https://www.pkulaw.com/pfnl/c05aeed05a57db0a1e0e86f7a08cfee634c5f7935bc4,引证码FBMCLI.C.319887607｜司法案例(单独管线)
463,pkulaw,案例,司法案例,沈阳丰瑞无人机科技有限公司、钱辉修理合同纠纷民事一审民事裁定书,,,,,,,否,pkulaw\raw_pdf\无人机司法案例pdf\无人机司法案例pdf\沈阳丰瑞无人机科技有限公司、钱辉修理合同纠纷民事一审民事裁定书(FBMCLI.C.504607357).pdf,https://www.pkulaw.com/pfnl/08df102e7c10f2068fe371b69e2393907f9897b72cd3,引证码FBMCLI.C.504607357｜司法案例(单独管线)
464,pkulaw,案例,司法案例,沈阳丰瑞无人机科技有限公司与钱辉返还原物纠纷一审民事裁定书,,,,,,,否,pkulaw\raw_pdf\无人机司法案例pdf\无人机司法案例pdf\沈阳丰瑞无人机科技有限公司与钱辉返还原物纠纷一审民事裁定书(FBMCLI.C.503992731).pdf,https://www.pkulaw.com/pfnl/08df102e7c10f206e6bcde4c993ced0ab54b275a621,引证码FBMCLI.C.503992731｜司法案例(单独管线)
465,pkulaw,案例,司法案例,沈阳华宇航空服务有限公司、汇农云创智能无人机科技（辽宁）有限公司合同纠纷民事一审民事裁定书,,,,,,,否,pkulaw\raw_pdf\无人机司法案例pdf\无人机司法案例pdf\沈阳华宇航空服务有限公司、汇农云创智能无人机科技（辽宁）有限公司合同纠纷民事一审民事裁定书(FBMCLI.C.504816407).pdf,https://www.pkulaw.com/pfnl/08df102e7c10f2064c1c85ca78e86f591d80f4f74f657,引证码FBMCLI.C.504816407｜司法案例(单独管线)
466,pkulaw,案例,司法案例,沈阳华宇航空服务有限公司与汇农云创智能无人机科技（辽宁）有限公司申请保全案件财产保全执行裁定书,,,,,,,否,pkulaw\raw_pdf\无人机司法案例pdf\无人机司法案例pdf\沈阳华宇航空服务有限公司与汇农云创智能无人机科技（辽宁）有限公司申请保全案件财产保全执行裁定书(FBMCLI.C.504106497).pdf,https://www.pkulaw.com/pfnl/08df102e7c10f206cb4ed8bd88e8785a40f75a88ed23,引证码FBMCLI.C.504106497｜司法案例(单独管线)
467,pkulaw,案例,司法案例,沈阳某无人机系统科技有限公司、吉林市某快递有限公司船营越山路分公司等财产损害赔偿纠纷民事一审民事判决书,,,,,,,否,pkulaw\raw_pdf\无人机司法案例pdf\无人机司法案例pdf\沈阳某无人机系统科技有限公司、吉林市某快递有限公司船营越山路分公司等财产损害赔偿纠纷民事一审民事判决书(FBMCLI.C.549914331).pdf,https://www.pkulaw.com/pfnl/08df102e7c10f2068c34030a5737c39c22f39ab68ca3,引证码FBMCLI.C.549914331｜司法案例(单独管线)
468,pkulaw,案例,司法案例,河北某航空服务有限公司与北京某无人机科技有限公司买卖合同纠纷案,,,,,,,否,pkulaw\raw_pdf\无人机司法案例pdf\无人机司法案例pdf\河北某航空服务有限公司与北京某无人机科技有限公司买卖合同纠纷案(FBMCLI.C.52373936).pdf,https://www.pkulaw.com/pfnl/a25051f3312b07f35a4f5ac549e755a9cf06c9b2d402,引证码FBMCLI.C.52373936｜司法案例(单独管线)
469,pkulaw,案例,司法案例,河北雄安新区中级人民法院发布6起2022年度执行典型案例之六：雄县法院李某申请执行潘某某借款合同纠纷案——无人机找人如虎添...,,,,,,,否,pkulaw\raw_pdf\无人机司法案例pdf\无人机司法案例pdf\河北雄安新区中级人民法院发布6起2022年度执行典型案例之六：雄县法院李某申请执行潘某某借款合同纠纷案——无人机找人如虎添...(FBMCLI.C.504196166).pdf,https://www.pkulaw.com/pfnl/08df102e7c10f2069462fcc3039ac1bb1927ac1f4cdcf,引证码FBMCLI.C.504196166｜司法案例(单独管线)
470,pkulaw,案例,司法案例,河北雄安远度科技有限公司与成都纵横大鹏无人机科技有限公司等侵害发明专利权纠纷一审鲁01民初2216号民事裁定书,,,,,,,否,pkulaw\raw_pdf\无人机司法案例pdf\无人机司法案例pdf\河北雄安远度科技有限公司与成都纵横大鹏无人机科技有限公司等侵害发明专利权纠纷一审鲁01民初2216号民事裁定书(FBMCLI.C.316266816).pdf,https://www.pkulaw.com/pfnl/c05aeed05a57db0ae52e095608163981d74a3ebfd0c,引证码FBMCLI.C.316266816｜司法案例(单独管线)
471,pkulaw,案例,司法案例,河南喜飞无人机技术开发有限公司、施昌武等服务合同纠纷民事一审民事判决书,,,,,,,否,pkulaw\raw_pdf\无人机司法案例pdf\无人机司法案例pdf\河南喜飞无人机技术开发有限公司、施昌武等服务合同纠纷民事一审民事判决书(FBMCLI.C.417763366).pdf,https://www.pkulaw.com/pfnl/95b2ca8d4055fce11b71a42c28f8d808b5088fab068e,引证码FBMCLI.C.417763366｜司法案例(单独管线)
472,pkulaw,案例,司法案例,河南某无人机农业服务有限公司;鲁某飞劳务合同纠纷一审民事判决书,,,,,,,否,pkulaw\raw_pdf\无人机司法案例pdf\无人机司法案例pdf\河南某无人机农业服务有限公司;鲁某飞劳务合同纠纷一审民事判决书(FBMCLI.C.561511511).pdf,https://www.pkulaw.com/pfnl/08df102e7c10f206079cb7f761518d271cf132893f5fb,引证码FBMCLI.C.561511511｜司法案例(单独管线)
473,pkulaw,案例,司法案例,河南某某某无人机科技发展有限公司与山东某某航空有限公司合同纠纷首次执行裁定书,,,,,,,否,pkulaw\raw_pdf\无人机司法案例pdf\无人机司法案例pdf\河南某某某无人机科技发展有限公司与山东某某航空有限公司合同纠纷首次执行裁定书(FBMCLI.C.552169368).pdf,https://www.pkulaw.com/pfnl/08df102e7c10f206e3490590804c334962899193568,引证码FBMCLI.C.552169368｜司法案例(单独管线)
474,pkulaw,案例,司法案例,河南省某建筑设计有限公司与安阳市某无人机投资发展有限公司建设工程设计合同纠纷一审民事裁定书,,,,,,,否,pkulaw\raw_pdf\无人机司法案例pdf\无人机司法案例pdf\河南省某建筑设计有限公司与安阳市某无人机投资发展有限公司建设工程设计合同纠纷一审民事裁定书(FBMCLI.C.548708884).pdf,https://www.pkulaw.com/pfnl/08df102e7c10f2061e61603e928e6fdd861da0d1611,引证码FBMCLI.C.548708884｜司法案例(单独管线)
475,pkulaw,案例,司法案例,河南蜂鸟智造无人机科技有限公司、伊川县农业农村局调解协议司法确认民事裁定书,,,,,,,否,pkulaw\raw_pdf\无人机司法案例pdf\无人机司法案例pdf\河南蜂鸟智造无人机科技有限公司、伊川县农业农村局调解协议司法确认民事裁定书(FBMCLI.C.324391405).pdf,https://www.pkulaw.com/pfnl/c05aeed05a57db0aa89edd20abc0189c68c45c325eb,引证码FBMCLI.C.324391405｜司法案例(单独管线)
476,pkulaw,案例,司法案例,河南蜂鸟智造无人机科技有限公司、北京优图佳视影像网络科技有限公司著作权权属、侵权纠纷一审民事调解书,,,,,,,否,pkulaw\raw_pdf\无人机司法案例pdf\无人机司法案例pdf\河南蜂鸟智造无人机科技有限公司、北京优图佳视影像网络科技有限公司著作权权属、侵权纠纷一审民事调解书(FBMCLI.C.64414708).pdf,https://www.pkulaw.com/pfnl/a6bdb3332ec0adc46406735147be4d7a0e1a5bb366,引证码FBMCLI.C.64414708｜司法案例(单独管线)
477,pkulaw,案例,司法案例,河南蜂鸟智造无人机科技有限公司、固始县农业农村局合同纠纷民事一审民事裁定书,,,,,,,否,pkulaw\raw_pdf\无人机司法案例pdf\无人机司法案例pdf\河南蜂鸟智造无人机科技有限公司、固始县农业农村局合同纠纷民事一审民事裁定书(FBMCLI.C.418511297).pdf,https://www.pkulaw.com/pfnl/95b2ca8d4055fce1362eac5fbbde8ee2a14da06fee6c,引证码FBMCLI.C.418511297｜司法案例(单独管线)
478,pkulaw,案例,司法案例,河南蜂鸟智造无人机科技有限公司、焦作西部产业聚集区管理委员会买卖合同纠纷民事一审民事裁定书,,,,,,,否,pkulaw\raw_pdf\无人机司法案例pdf\无人机司法案例pdf\河南蜂鸟智造无人机科技有限公司、焦作西部产业聚集区管理委员会买卖合同纠纷民事一审民事裁定书(FBMCLI.C.324672410).pdf,https://www.pkulaw.com/pfnl/c05aeed05a57db0a54fd52d1f25be4e8ce0d6f7ee9b9,引证码FBMCLI.C.324672410｜司法案例(单独管线)
479,pkulaw,案例,司法案例,洪缘琳、北航富羽无人机（深圳）有限公司劳动争议民事一审民事判决书,,,,,,,否,pkulaw\raw_pdf\无人机司法案例pdf\无人机司法案例pdf\洪缘琳、北航富羽无人机（深圳）有限公司劳动争议民事一审民事判决书(FBMCLI.C.407330852).pdf,https://www.pkulaw.com/pfnl/95b2ca8d4055fce1949f638095ba43546a5b8397205,引证码FBMCLI.C.407330852｜司法案例(单独管线)
480,pkulaw,案例,司法案例,济南赛尔无人机科技有限公司与刘士文申请撤销仲裁裁决一审民事裁定书,,,,,,,否,pkulaw\raw_pdf\无人机司法案例pdf\无人机司法案例pdf\济南赛尔无人机科技有限公司与刘士文申请撤销仲裁裁决一审民事裁定书(FBMCLI.C.72777878).pdf,https://www.pkulaw.com/pfnl/a6bdb3332ec0adc42d4df6b248237f08da0ca92428e,引证码FBMCLI.C.72777878｜司法案例(单独管线)
481,pkulaw,案例,司法案例,济南赛尔无人机科技有限公司与马云栋劳动合同纠纷一审民事判决书,,,,,,,否,pkulaw\raw_pdf\无人机司法案例pdf\无人机司法案例pdf\济南赛尔无人机科技有限公司与马云栋劳动合同纠纷一审民事判决书(FBMCLI.C.96283113).pdf,https://www.pkulaw.com/pfnl/a6bdb3332ec0adc445d0202c4ac667857441ae07bb,引证码FBMCLI.C.96283113｜司法案例(单独管线)
482,pkulaw,案例,司法案例,济南赛尔无人机科技有限公司通知书,,,,,,,否,pkulaw\raw_pdf\无人机司法案例pdf\无人机司法案例pdf\济南赛尔无人机科技有限公司通知书(FBMCLI.C.77666979).pdf,https://www.pkulaw.com/pfnl/a6bdb3332ec0adc4995a730945d377e1891a9d24f34,引证码FBMCLI.C.77666979｜司法案例(单独管线)
483,pkulaw,案例,司法案例,浙江华飞智能科技有限公司、宁夏时代新农无人机科技有限公司民事执行实施类执行裁定书,,,,,,,否,pkulaw\raw_pdf\无人机司法案例pdf\无人机司法案例pdf\浙江华飞智能科技有限公司、宁夏时代新农无人机科技有限公司民事执行实施类执行裁定书(FBMCLI.C.326272238).pdf,https://www.pkulaw.com/pfnl/c05aeed05a57db0a4100d64e02115e555fd39cd7841,引证码FBMCLI.C.326272238｜司法案例(单独管线)
484,pkulaw,案例,司法案例,浙江华飞智能科技有限公司、宁夏时代新农无人机科技有限公司特别程序民事裁定书,,,,,,,否,pkulaw\raw_pdf\无人机司法案例pdf\无人机司法案例pdf\浙江华飞智能科技有限公司、宁夏时代新农无人机科技有限公司特别程序民事裁定书(FBMCLI.C.315840571).pdf,https://www.pkulaw.com/pfnl/c05aeed05a57db0a1b7672cb66cf988a0088153fd8fa,引证码FBMCLI.C.315840571｜司法案例(单独管线)
485,pkulaw,案例,司法案例,浙江华飞智能科技有限公司、泸州深远世宁无人机科技有限公司买卖合同纠纷执行实施类执行裁定书,,,,,,,否,pkulaw\raw_pdf\无人机司法案例pdf\无人机司法案例pdf\浙江华飞智能科技有限公司、泸州深远世宁无人机科技有限公司买卖合同纠纷执行实施类执行裁定书(FBMCLI.C.312535325).pdf,https://www.pkulaw.com/pfnl/c05aeed05a57db0af8facd7d1f89c5d32c124a293d98,引证码FBMCLI.C.312535325｜司法案例(单独管线)
486,pkulaw,案例,司法案例,浙江华飞智能科技有限公司与泸州深远世宁无人机科技有限公司买卖合同纠纷一审民事调解书,,,,,,,否,pkulaw\raw_pdf\无人机司法案例pdf\无人机司法案例pdf\浙江华飞智能科技有限公司与泸州深远世宁无人机科技有限公司买卖合同纠纷一审民事调解书(FBMCLI.C.117732389).pdf,https://www.pkulaw.com/pfnl/a6bdb3332ec0adc4837c9209daf6e87b635cfeb051d,引证码FBMCLI.C.117732389｜司法案例(单独管线)
487,pkulaw,案例,司法案例,浙江华飞智能科技有限公司与西南无人机科技有限公司买卖合同纠纷一审民事调解书,,,,,,,否,pkulaw\raw_pdf\无人机司法案例pdf\无人机司法案例pdf\浙江华飞智能科技有限公司与西南无人机科技有限公司买卖合同纠纷一审民事调解书(FBMCLI.C.120342556).pdf,https://www.pkulaw.com/pfnl/a6bdb3332ec0adc444d6f7bce24cde31d0c3730a603,引证码FBMCLI.C.120342556｜司法案例(单独管线)
488,pkulaw,案例,司法案例,浙江汇盛投资集团有限公司、浙江华越无人机技术有限公司申请破产清算破产申请审查案件强制清算与破产裁定书,,,,,,,否,pkulaw\raw_pdf\无人机司法案例pdf\无人机司法案例pdf\浙江汇盛投资集团有限公司、浙江华越无人机技术有限公司申请破产清算破产申请审查案件强制清算与破产裁定书(FBMCLI.C.504927823).pdf,https://www.pkulaw.com/pfnl/08df102e7c10f2068feb52a38080e3b5b4f99aa973ef,引证码FBMCLI.C.504927823｜司法案例(单独管线)
489,pkulaw,案例,司法案例,浙江汇盛投资集团有限公司、浙江华越无人机技术有限公司租赁合同纠纷执行实施类执行裁定书,,,,,,,否,pkulaw\raw_pdf\无人机司法案例pdf\无人机司法案例pdf\浙江汇盛投资集团有限公司、浙江华越无人机技术有限公司租赁合同纠纷执行实施类执行裁定书(FBMCLI.C.410156927).pdf,https://www.pkulaw.com/pfnl/95b2ca8d4055fce1f603f9181d5e6c6480af7126027e,引证码FBMCLI.C.410156927｜司法案例(单独管线)
490,pkulaw,案例,司法案例,海克斯康测量技术有限公司与西安爱生无人机技术有限公司买卖合同纠纷一审民事裁定书,,,,,,,否,pkulaw\raw_pdf\无人机司法案例pdf\无人机司法案例pdf\海克斯康测量技术有限公司与西安爱生无人机技术有限公司买卖合同纠纷一审民事裁定书(FBMCLI.C.115507733).pdf,https://www.pkulaw.com/pfnl/a6bdb3332ec0adc4bd7c94cfc8fe5abf793acc347249,引证码FBMCLI.C.115507733｜司法案例(单独管线)
491,pkulaw,案例,司法案例,海西州阳光实业有限公司与青岛智飞无人机航空科技发展有限公司买卖合同纠纷一审民事裁定书,,,,,,,否,pkulaw\raw_pdf\无人机司法案例pdf\无人机司法案例pdf\海西州阳光实业有限公司与青岛智飞无人机航空科技发展有限公司买卖合同纠纷一审民事裁定书(FBMCLI.C.82667335).pdf,https://www.pkulaw.com/pfnl/a6bdb3332ec0adc4e73ee20bbaee26bcf2b8c8c3bd9f,引证码FBMCLI.C.82667335｜司法案例(单独管线)
492,pkulaw,案例,司法案例,涂欢与洛克希德（武汉）无人机科学研究院有限公司劳动争议执行裁定书,,,,,,,否,pkulaw\raw_pdf\无人机司法案例pdf\无人机司法案例pdf\涂欢与洛克希德（武汉）无人机科学研究院有限公司劳动争议执行裁定书(FBMCLI.C.61105163).pdf,https://www.pkulaw.com/pfnl/a25051f3312b07f3e584b16945711de9fac832039efc,引证码FBMCLI.C.61105163｜司法案例(单独管线)
493,pkulaw,案例,司法案例,淄博嗨森无人机科技有限公司与房胜利、山东省垦利县运输公司机动车交通事故责任纠纷一审民事裁定书,,,,,,,否,pkulaw\raw_pdf\无人机司法案例pdf\无人机司法案例pdf\淄博嗨森无人机科技有限公司与房胜利、山东省垦利县运输公司机动车交通事故责任纠纷一审民事裁定书(FBMCLI.C.77142409).pdf,https://www.pkulaw.com/pfnl/a6bdb3332ec0adc4e3bbcf0fdfac8084bd51d9295c37,引证码FBMCLI.C.77142409｜司法案例(单独管线)
494,pkulaw,案例,司法案例,深圳中科大智航空技术有限公司、深圳华越无人机技术有限公司劳动合同纠纷二审民事判决书,,,,,,,否,pkulaw\raw_pdf\无人机司法案例pdf\无人机司法案例pdf\深圳中科大智航空技术有限公司、深圳华越无人机技术有限公司劳动合同纠纷二审民事判决书(FBMCLI.C.114731874).pdf,https://www.pkulaw.com/pfnl/a6bdb3332ec0adc43bb2683c8205ede5f78d93e4681,引证码FBMCLI.C.114731874｜司法案例(单独管线)
495,pkulaw,案例,司法案例,深圳中科大智航空技术有限公司诉张珊珊、徐龙花、巫有廷深圳华越无人机技术有限公司、深圳高科新农技术有限公司劳动合同纠纷...,,,,,,,否,pkulaw\raw_pdf\无人机司法案例pdf\无人机司法案例pdf\深圳中科大智航空技术有限公司诉张珊珊、徐龙花、巫有廷深圳华越无人机技术有限公司、深圳高科新农技术有限公司劳动合同纠纷...(FBMCLI.C.310119530).pdf,https://www.pkulaw.com/pfnl/c05aeed05a57db0a59afd4efb0af85c36ff0627092cfc,引证码FBMCLI.C.310119530｜司法案例(单独管线)
496,pkulaw,案例,司法案例,深圳华越无人机技术有限公司、刘本乾合同纠纷民事二审民事判决书,,,,,,,否,pkulaw\raw_pdf\无人机司法案例pdf\无人机司法案例pdf\深圳华越无人机技术有限公司、刘本乾合同纠纷民事二审民事判决书(FBMCLI.C.324250731).pdf,https://www.pkulaw.com/pfnl/c05aeed05a57db0a13880fa4d6b8a829e4759c58ca4,引证码FBMCLI.C.324250731｜司法案例(单独管线)
497,pkulaw,案例,司法案例,深圳华越无人机技术有限公司、罗建令合同纠纷二审民事判决书,,,,,,,否,pkulaw\raw_pdf\无人机司法案例pdf\无人机司法案例pdf\深圳华越无人机技术有限公司、罗建令合同纠纷二审民事判决书(FBMCLI.C.503687089).pdf,https://www.pkulaw.com/pfnl/08df102e7c10f2067878dd86f65fd14405a5147b2e37,引证码FBMCLI.C.503687089｜司法案例(单独管线)
498,pkulaw,案例,司法案例,深圳市乐航航空服务有限公司与深圳智航无人机有限公司服务合同纠纷一审民事裁定书,,,,,,,否,pkulaw\raw_pdf\无人机司法案例pdf\无人机司法案例pdf\深圳市乐航航空服务有限公司与深圳智航无人机有限公司服务合同纠纷一审民事裁定书(FBMCLI.C.117925547).pdf,https://www.pkulaw.com/pfnl/a6bdb3332ec0adc4268aa0da21158d71272f7971848,引证码FBMCLI.C.117925547｜司法案例(单独管线)
499,pkulaw,案例,司法案例,深圳市兴国威电子有限公司、广东澄星无人机股份有限公司买卖合同纠纷一审民事裁定书,,,,,,,否,pkulaw\raw_pdf\无人机司法案例pdf\无人机司法案例pdf\深圳市兴国威电子有限公司、广东澄星无人机股份有限公司买卖合同纠纷一审民事裁定书(FBMCLI.C.94759012).pdf,https://www.pkulaw.com/pfnl/a6bdb3332ec0adc44f76bc3f7bdf70a6ed8a58a765b2,引证码FBMCLI.C.94759012｜司法案例(单独管线)
500,pkulaw,案例,司法案例,深圳市兴国威电子有限公司与广东澄星无人机股份有限公司买卖合同纠纷一审民事判决书,,,,,,,否,pkulaw\raw_pdf\无人机司法案例pdf\无人机司法案例pdf\深圳市兴国威电子有限公司与广东澄星无人机股份有限公司买卖合同纠纷一审民事判决书(FBMCLI.C.94620349).pdf,https://www.pkulaw.com/pfnl/a6bdb3332ec0adc447b9b022faaa2e08e428f340f929,引证码FBMCLI.C.94620349｜司法案例(单独管线)
501,pkulaw,案例,司法案例,深圳市冠智技术有限公司与广东澄星无人机股份有限公司买卖合同纠纷一审民事判决书,,,,,,,否,pkulaw\raw_pdf\无人机司法案例pdf\无人机司法案例pdf\深圳市冠智技术有限公司与广东澄星无人机股份有限公司买卖合同纠纷一审民事判决书(FBMCLI.C.100022377).pdf,https://www.pkulaw.com/pfnl/a6bdb3332ec0adc401272db953a278434518c0d516,引证码FBMCLI.C.100022377｜司法案例(单独管线)
502,pkulaw,案例,司法案例,深圳市大东房地产有限公司、深圳缔飞无人机设计工程有限责任公司租赁合同纠纷首次执行执行裁定书,,,,,,,否,pkulaw\raw_pdf\无人机司法案例pdf\无人机司法案例pdf\深圳市大东房地产有限公司、深圳缔飞无人机设计工程有限责任公司租赁合同纠纷首次执行执行裁定书(FBMCLI.C.419536602).pdf,https://www.pkulaw.com/pfnl/95b2ca8d4055fce137c7c3253cb95b1eed6bdd60f3f5,引证码FBMCLI.C.419536602｜司法案例(单独管线)
503,pkulaw,案例,司法案例,深圳市大疆创新科技有限公司与广东澄星无人机股份有限公司、汕头市臻美至尚玩具有限公司侵害实用新型专利权纠纷一审民事裁定书,,,,,,,否,pkulaw\raw_pdf\无人机司法案例pdf\无人机司法案例pdf\深圳市大疆创新科技有限公司与广东澄星无人机股份有限公司、汕头市臻美至尚玩具有限公司侵害实用新型专利权纠纷一审民事裁定书(FBMCLI.C.8790862).pdf,https://www.pkulaw.com/pfnl/a25051f3312b07f3bec7a0d88e590cd62603555cdb7,引证码FBMCLI.C.8790862｜司法案例(单独管线)
504,pkulaw,案例,司法案例,深圳市奥贝尔电子有限公司、东莞市雅联无人机科技有限公司买卖合同纠纷首次执行执行裁定书,,,,,,,否,pkulaw\raw_pdf\无人机司法案例pdf\无人机司法案例pdf\深圳市奥贝尔电子有限公司、东莞市雅联无人机科技有限公司买卖合同纠纷首次执行执行裁定书(FBMCLI.C.333551286).pdf,https://www.pkulaw.com/pfnl/c05aeed05a57db0a5c016f2cd8bf081ef353ed87b773,引证码FBMCLI.C.333551286｜司法案例(单独管线)
505,pkulaw,案例,司法案例,深圳市奥贝尔电子有限公司、东莞市雅联无人机科技有限公司财产保全执行实施类执行裁定书,,,,,,,否,pkulaw\raw_pdf\无人机司法案例pdf\无人机司法案例pdf\深圳市奥贝尔电子有限公司、东莞市雅联无人机科技有限公司财产保全执行实施类执行裁定书(FBMCLI.C.106236220).pdf,https://www.pkulaw.com/pfnl/a6bdb3332ec0adc4794c952a288c204a4e5b416599e,引证码FBMCLI.C.106236220｜司法案例(单独管线)
506,pkulaw,案例,司法案例,深圳市奥贝尔电子有限公司与东莞市雅联无人机科技有限公司买卖合同纠纷一审民事判决书,,,,,,,否,pkulaw\raw_pdf\无人机司法案例pdf\无人机司法案例pdf\深圳市奥贝尔电子有限公司与东莞市雅联无人机科技有限公司买卖合同纠纷一审民事判决书(FBMCLI.C.112617551).pdf,https://www.pkulaw.com/pfnl/a6bdb3332ec0adc4cae8c922a8bff651bc533569e128,引证码FBMCLI.C.112617551｜司法案例(单独管线)
507,pkulaw,案例,司法案例,深圳市富力电池有限公司与广东澄星无人机股份有限公司买卖合同纠纷一审民事判决书,,,,,,,否,pkulaw\raw_pdf\无人机司法案例pdf\无人机司法案例pdf\深圳市富力电池有限公司与广东澄星无人机股份有限公司买卖合同纠纷一审民事判决书(FBMCLI.C.79380433).pdf,https://www.pkulaw.com/pfnl/a6bdb3332ec0adc40930a80e4bb85ddaf5361312037,引证码FBMCLI.C.79380433｜司法案例(单独管线)
508,pkulaw,案例,司法案例,深圳市富微科创电子有限公司与广东澄星无人机股份有限公司买卖合同纠纷执行实施类执行裁定书,,,,,,,否,pkulaw\raw_pdf\无人机司法案例pdf\无人机司法案例pdf\深圳市富微科创电子有限公司与广东澄星无人机股份有限公司买卖合同纠纷执行实施类执行裁定书(FBMCLI.C.73564482).pdf,https://www.pkulaw.com/pfnl/a6bdb3332ec0adc4fc860517f24554d0c936d9caca34,引证码FBMCLI.C.73564482｜司法案例(单独管线)
509,pkulaw,案例,司法案例,深圳市昊升微电机有限公司与广东澄星无人机股份有限公司买卖合同纠纷一审民事判决书,,,,,,,否,pkulaw\raw_pdf\无人机司法案例pdf\无人机司法案例pdf\深圳市昊升微电机有限公司与广东澄星无人机股份有限公司买卖合同纠纷一审民事判决书(FBMCLI.C.81822981).pdf,https://www.pkulaw.com/pfnl/a6bdb3332ec0adc4fd0e6f1d11212f2d78aab5c2ec78,引证码FBMCLI.C.81822981｜司法案例(单独管线)
510,pkulaw,案例,司法案例,深圳市星光威技术有限公司与广东澄星无人机股份有限公司买卖合同纠纷一审民事判决书,,,,,,,否,pkulaw\raw_pdf\无人机司法案例pdf\无人机司法案例pdf\深圳市星光威技术有限公司与广东澄星无人机股份有限公司买卖合同纠纷一审民事判决书(FBMCLI.C.99373206).pdf,https://www.pkulaw.com/pfnl/a6bdb3332ec0adc462724f116546ebc7a6ab5e1e168,引证码FBMCLI.C.99373206｜司法案例(单独管线)
511,pkulaw,案例,司法案例,深圳市爱飞无人机技术有限公司、深圳市大智无疆科技有限公司保证合同纠纷民事一审民事裁定书,,,,,,,否,pkulaw\raw_pdf\无人机司法案例pdf\无人机司法案例pdf\深圳市爱飞无人机技术有限公司、深圳市大智无疆科技有限公司保证合同纠纷民事一审民事裁定书(FBMCLI.C.418253810).pdf,https://www.pkulaw.com/pfnl/95b2ca8d4055fce12e191a5f913900c4c9315ff31713,引证码FBMCLI.C.418253810｜司法案例(单独管线)
512,pkulaw,案例,司法案例,深圳市蝉翼无人机有限公司、深圳市永浤达科技有限公司等买卖合同纠纷民事一审民事判决书,,,,,,,否,pkulaw\raw_pdf\无人机司法案例pdf\无人机司法案例pdf\深圳市蝉翼无人机有限公司、深圳市永浤达科技有限公司等买卖合同纠纷民事一审民事判决书(FBMCLI.C.404752158).pdf,https://www.pkulaw.com/pfnl/95b2ca8d4055fce1f90e8881099e53ab118fda95b0af,引证码FBMCLI.C.404752158｜司法案例(单独管线)
513,pkulaw,案例,司法案例,深圳市风林文化传播有限公司诉深圳智航无人机有限公司委托合同纠纷案,,,,,,,否,pkulaw\raw_pdf\无人机司法案例pdf\无人机司法案例pdf\深圳市风林文化传播有限公司诉深圳智航无人机有限公司委托合同纠纷案(FBMCLI.C.52441750).pdf,https://www.pkulaw.com/pfnl/a25051f3312b07f3bba8baf12aa822e39e604a17f834,引证码FBMCLI.C.52441750｜司法案例(单独管线)
514,pkulaw,案例,司法案例,深圳市飞客无人机科技有限公司与冯文扬劳动合同纠纷一审民事判决书,,,,,,,否,pkulaw\raw_pdf\无人机司法案例pdf\无人机司法案例pdf\深圳市飞客无人机科技有限公司与冯文扬劳动合同纠纷一审民事判决书(FBMCLI.C.104826988).pdf,https://www.pkulaw.com/pfnl/a6bdb3332ec0adc48f01108624add8d85c74d6901f2f,引证码FBMCLI.C.104826988｜司法案例(单独管线)
515,pkulaw,案例,司法案例,深圳市飞客无人机科技有限公司与刘振劳动合同纠纷一审民事判决书,,,,,,,否,pkulaw\raw_pdf\无人机司法案例pdf\无人机司法案例pdf\深圳市飞客无人机科技有限公司与刘振劳动合同纠纷一审民事判决书(FBMCLI.C.104798627).pdf,https://www.pkulaw.com/pfnl/a6bdb3332ec0adc4481bc9975ac0b0229690abaed7c,引证码FBMCLI.C.104798627｜司法案例(单独管线)
516,pkulaw,案例,司法案例,深圳市飞客无人机科技有限公司与蒋韬劳动合同纠纷一审民事判决书,,,,,,,否,pkulaw\raw_pdf\无人机司法案例pdf\无人机司法案例pdf\深圳市飞客无人机科技有限公司与蒋韬劳动合同纠纷一审民事判决书(FBMCLI.C.105341397).pdf,https://www.pkulaw.com/pfnl/a6bdb3332ec0adc4493410a380eb9791dae8a44fdcd,引证码FBMCLI.C.105341397｜司法案例(单独管线)
517,pkulaw,案例,司法案例,深圳市飞客无人机科技有限公司与韦建钰劳动合同纠纷一审民事判决书,,,,,,,否,pkulaw\raw_pdf\无人机司法案例pdf\无人机司法案例pdf\深圳市飞客无人机科技有限公司与韦建钰劳动合同纠纷一审民事判决书(FBMCLI.C.105436684).pdf,https://www.pkulaw.com/pfnl/a6bdb3332ec0adc46eec8ab4fc747bc58f7290d9e32f,引证码FBMCLI.C.105436684｜司法案例(单独管线)
518,pkulaw,案例,司法案例,深圳市飞客无人机科技有限公司买卖合同纠纷执行实施类执行裁定书,,,,,,,否,pkulaw\raw_pdf\无人机司法案例pdf\无人机司法案例pdf\深圳市飞客无人机科技有限公司买卖合同纠纷执行实施类执行裁定书(FBMCLI.C.111188798).pdf,https://www.pkulaw.com/pfnl/a6bdb3332ec0adc4627f45d563af52c5c552e6745e2,引证码FBMCLI.C.111188798｜司法案例(单独管线)
519,pkulaw,案例,司法案例,深圳市高端无人机有限公司、深圳市派斯蒙电子商务有限公司、深圳市环球易购电子商务有限公司等其他案由执行实施类执行裁定书,,,,,,,否,pkulaw\raw_pdf\无人机司法案例pdf\无人机司法案例pdf\深圳市高端无人机有限公司、深圳市派斯蒙电子商务有限公司、深圳市环球易购电子商务有限公司等其他案由执行实施类执行裁定书(FBMCLI.C.85800916).pdf,https://www.pkulaw.com/pfnl/a6bdb3332ec0adc4415b88ac3b6100e05e548433df4,引证码FBMCLI.C.85800916｜司法案例(单独管线)
520,pkulaw,案例,司法案例,深圳市高端无人机有限公司、胞集团有限公司等买卖合同纠纷首次执行执行裁定书,,,,,,,否,pkulaw\raw_pdf\无人机司法案例pdf\无人机司法案例pdf\深圳市高端无人机有限公司、胞集团有限公司等买卖合同纠纷首次执行执行裁定书(FBMCLI.C.404352295).pdf,https://www.pkulaw.com/pfnl/95b2ca8d4055fce1caa10c831792be07a581d46c8f91,引证码FBMCLI.C.404352295｜司法案例(单独管线)
521,pkulaw,案例,司法案例,"深圳市高端无人机有限公司与深圳市派斯蒙电子商务有限公司,深圳市环球易购电子商务有限公司,深圳市君仕莱电子商务有限公司买...",,,,,,,否,"pkulaw\raw_pdf\无人机司法案例pdf\无人机司法案例pdf\深圳市高端无人机有限公司与深圳市派斯蒙电子商务有限公司,深圳市环球易购电子商务有限公司,深圳市君仕莱电子商务有限公司买...(FBMCLI.C.86557806).pdf",https://www.pkulaw.com/pfnl/a6bdb3332ec0adc455078d30e480f20d40492624bb1,引证码FBMCLI.C.86557806｜司法案例(单独管线)
522,pkulaw,案例,司法案例,深圳市高端无人机有限公司与深圳市派斯蒙电子商务有限公司、深圳市君仕莱电子商务有限公司买卖合同纠纷一审民事裁定书,,,,,,,否,pkulaw\raw_pdf\无人机司法案例pdf\无人机司法案例pdf\深圳市高端无人机有限公司与深圳市派斯蒙电子商务有限公司、深圳市君仕莱电子商务有限公司买卖合同纠纷一审民事裁定书(FBMCLI.C.87589320).pdf,https://www.pkulaw.com/pfnl/a6bdb3332ec0adc4fba406a246a80c2ced98bbb860d,引证码FBMCLI.C.87589320｜司法案例(单独管线)
523,pkulaw,案例,司法案例,深圳慈航无人智能系统技术有限公司、深圳慈航无人机自主系统技术有限公司劳动合同纠纷二审民事裁定书,,,,,,,否,pkulaw\raw_pdf\无人机司法案例pdf\无人机司法案例pdf\深圳慈航无人智能系统技术有限公司、深圳慈航无人机自主系统技术有限公司劳动合同纠纷二审民事裁定书(FBMCLI.C.316375054).pdf,https://www.pkulaw.com/pfnl/c05aeed05a57db0aef3b544fc6d1ad1833e75ef690e5,引证码FBMCLI.C.316375054｜司法案例(单独管线)
524,pkulaw,案例,司法案例,深圳慈航无人智能系统技术有限公司、深圳慈航无人机自主系统技术有限公司等与黄志劳动合同纠纷一审民事判决书,,,,,,,否,pkulaw\raw_pdf\无人机司法案例pdf\无人机司法案例pdf\深圳慈航无人智能系统技术有限公司、深圳慈航无人机自主系统技术有限公司等与黄志劳动合同纠纷一审民事判决书(FBMCLI.C.316383537).pdf,https://www.pkulaw.com/pfnl/c05aeed05a57db0ab7cc1a02766c7c6a7f18e860eb3,引证码FBMCLI.C.316383537｜司法案例(单独管线)
525,pkulaw,案例,司法案例,深圳智航无人机有限公司、陀荣鑫申请撤销仲裁裁决特别程序民事裁定书,,,,,,,否,pkulaw\raw_pdf\无人机司法案例pdf\无人机司法案例pdf\深圳智航无人机有限公司、陀荣鑫申请撤销仲裁裁决特别程序民事裁定书(FBMCLI.C.307636709).pdf,https://www.pkulaw.com/pfnl/c05aeed05a57db0a3f9bf72bd825e4685aac7731dd2,引证码FBMCLI.C.307636709｜司法案例(单独管线)
526,pkulaw,案例,司法案例,深圳红太狼科技有限公司、辽宁壮龙无人机科技有限公司买卖合同纠纷民事一审民事裁定书,,,,,,,否,pkulaw\raw_pdf\无人机司法案例pdf\无人机司法案例pdf\深圳红太狼科技有限公司、辽宁壮龙无人机科技有限公司买卖合同纠纷民事一审民事裁定书(FBMCLI.C.410492553).pdf,https://www.pkulaw.com/pfnl/95b2ca8d4055fce16e27e4048f6dcb37c319c6e034e,引证码FBMCLI.C.410492553｜司法案例(单独管线)
527,pkulaw,案例,司法案例,深圳酷农无人机产业开发应用有限公司、林克合同纠纷二审民事裁定书,,,,,,,否,pkulaw\raw_pdf\无人机司法案例pdf\无人机司法案例pdf\深圳酷农无人机产业开发应用有限公司、林克合同纠纷二审民事裁定书(FBMCLI.C.318482034).pdf,https://www.pkulaw.com/pfnl/c05aeed05a57db0a56fcedbef5192eaace321c6432ed,引证码FBMCLI.C.318482034｜司法案例(单独管线)
528,pkulaw,案例,司法案例,温卫洪与陈加华、广东澄星无人机股份有限公司民间借贷纠纷一审民事判决书,,,,,,,否,pkulaw\raw_pdf\无人机司法案例pdf\无人机司法案例pdf\温卫洪与陈加华、广东澄星无人机股份有限公司民间借贷纠纷一审民事判决书(FBMCLI.C.108280090).pdf,https://www.pkulaw.com/pfnl/a6bdb3332ec0adc458e2c1465b87785c113c9cd370a,引证码FBMCLI.C.108280090｜司法案例(单独管线)
529,pkulaw,案例,司法案例,温卫洪与陈加华、广东澄星无人机股份有限公司民间借贷纠纷一审民事裁定书,,,,,,,否,pkulaw\raw_pdf\无人机司法案例pdf\无人机司法案例pdf\温卫洪与陈加华、广东澄星无人机股份有限公司民间借贷纠纷一审民事裁定书(FBMCLI.C.108332890).pdf,https://www.pkulaw.com/pfnl/a6bdb3332ec0adc409164252d21633e7965078c352,引证码FBMCLI.C.108332890｜司法案例(单独管线)
530,pkulaw,案例,司法案例,湖北卓沃信息科技有限公司、西华县疆豫无人机科技有限公司等服务合同纠纷民事一审民事判决书,,,,,,,否,pkulaw\raw_pdf\无人机司法案例pdf\无人机司法案例pdf\湖北卓沃信息科技有限公司、西华县疆豫无人机科技有限公司等服务合同纠纷民事一审民事判决书(FBMCLI.C.409189937).pdf,https://www.pkulaw.com/pfnl/95b2ca8d4055fce1aa16c6e1c012a46c5d563316bf19,引证码FBMCLI.C.409189937｜司法案例(单独管线)
531,pkulaw,案例,司法案例,湖北昂吉无人机科技有限公司、内蒙古瞰界科技有限公司民事一审民事裁定书,,,,,,,否,pkulaw\raw_pdf\无人机司法案例pdf\无人机司法案例pdf\湖北昂吉无人机科技有限公司、内蒙古瞰界科技有限公司民事一审民事裁定书(FBMCLI.C.559321284).pdf,https://www.pkulaw.com/pfnl/08df102e7c10f206eaf5893d77bbe0206e599e49348,引证码FBMCLI.C.559321284｜司法案例(单独管线)
532,pkulaw,案例,司法案例,湖南某无人机科技有限公司与新疆某传媒有限责任公司一审民事判决书,,,,,,,否,pkulaw\raw_pdf\无人机司法案例pdf\无人机司法案例pdf\湖南某无人机科技有限公司与新疆某传媒有限责任公司一审民事判决书(FBMCLI.C.563796305).pdf,https://www.pkulaw.com/pfnl/c7ed112b8012f816c503ab938997305fa112e5d3cca,引证码FBMCLI.C.563796305｜司法案例(单独管线)
533,pkulaw,案例,司法案例,湖南某某无人机通用航空有限公司、邵阳某某建设工程有限公司建设工程合同纠纷首次执行执行通知书,,,,,,,否,pkulaw\raw_pdf\无人机司法案例pdf\无人机司法案例pdf\湖南某某无人机通用航空有限公司、邵阳某某建设工程有限公司建设工程合同纠纷首次执行执行通知书(FBMCLI.C.564826124).pdf,https://www.pkulaw.com/pfnl/c7ed112b8012f816ba5841b9306973772859a64981,引证码FBMCLI.C.564826124｜司法案例(单独管线)
534,pkulaw,案例,司法案例,湖南知云无人机科技有限公司、湖南中斯航迹无人机科技有限公司服务合同纠纷执行实施类执行裁定书,,,,,,,否,pkulaw\raw_pdf\无人机司法案例pdf\无人机司法案例pdf\湖南知云无人机科技有限公司、湖南中斯航迹无人机科技有限公司服务合同纠纷执行实施类执行裁定书(FBMCLI.C.115792006).pdf,https://www.pkulaw.com/pfnl/a6bdb3332ec0adc4d14ad72ab9cbb14e8568a86f006,引证码FBMCLI.C.115792006｜司法案例(单独管线)
535,pkulaw,案例,司法案例,湖南知云无人机科技有限公司与湖南中斯航迹无人机科技有限公司服务合同纠纷执行实施类执行通知书,,,,,,,否,pkulaw\raw_pdf\无人机司法案例pdf\无人机司法案例pdf\湖南知云无人机科技有限公司与湖南中斯航迹无人机科技有限公司服务合同纠纷执行实施类执行通知书(FBMCLI.C.317858074).pdf,https://www.pkulaw.com/pfnl/c05aeed05a57db0a3294cb55c26fd6c2bd8f9757319,引证码FBMCLI.C.317858074｜司法案例(单独管线)
536,pkulaw,案例,司法案例,湘0103民特99号湖南中斯航迹无人机、湖南知云无人机申请司法确认调解协议纠纷一审民事裁定书,,,,,,,否,pkulaw\raw_pdf\无人机司法案例pdf\无人机司法案例pdf\湘0103民特99号湖南中斯航迹无人机、湖南知云无人机申请司法确认调解协议纠纷一审民事裁定书(FBMCLI.C.111663968).pdf,https://www.pkulaw.com/pfnl/a6bdb3332ec0adc4cce15cc6395b11376ea51c3a2a1,引证码FBMCLI.C.111663968｜司法案例(单独管线)
537,pkulaw,案例,司法案例,滁州鸿飞无人机科技有限公司、赵烽等首次执行执行裁定书,,,,,,,否,pkulaw\raw_pdf\无人机司法案例pdf\无人机司法案例pdf\滁州鸿飞无人机科技有限公司、赵烽等首次执行执行裁定书(FBMCLI.C.503000332).pdf,https://www.pkulaw.com/pfnl/08df102e7c10f206cc88b26e5d9a5e44fd3dab1c75a7,引证码FBMCLI.C.503000332｜司法案例(单独管线)
538,pkulaw,案例,司法案例,潘妙法;航天彩虹无人机股份有限公司房屋买卖合同纠纷一审民事判决书,,,,,,,否,pkulaw\raw_pdf\无人机司法案例pdf\无人机司法案例pdf\潘妙法;航天彩虹无人机股份有限公司房屋买卖合同纠纷一审民事判决书(FBMCLI.C.564609191).pdf,https://www.pkulaw.com/pfnl/c7ed112b8012f816d57e2f795e22249592728720301,引证码FBMCLI.C.564609191｜司法案例(单独管线)
539,pkulaw,案例,司法案例,潘李荣、深圳天神无人机发展有限公司劳动合同纠纷二审民事判决书,,,,,,,否,pkulaw\raw_pdf\无人机司法案例pdf\无人机司法案例pdf\潘李荣、深圳天神无人机发展有限公司劳动合同纠纷二审民事判决书(FBMCLI.C.317342223).pdf,https://www.pkulaw.com/pfnl/c05aeed05a57db0a2b098283d416f8636a9cbcb1b14,引证码FBMCLI.C.317342223｜有附件｜司法案例(单独管线)
540,pkulaw,案例,司法案例,烟台云都海鹰无人机应用技术有限公司与中国平安财产保险股份有限公司青岛中心支公司财产保险合同纠纷民事一审民事判决书,,,,,,,否,pkulaw\raw_pdf\无人机司法案例pdf\无人机司法案例pdf\烟台云都海鹰无人机应用技术有限公司与中国平安财产保险股份有限公司青岛中心支公司财产保险合同纠纷民事一审民事判决书(FBMCLI.C.409719998).pdf,https://www.pkulaw.com/pfnl/95b2ca8d4055fce1c39b7008a4d4eff8578da805246c,引证码FBMCLI.C.409719998｜司法案例(单独管线)
541,pkulaw,案例,司法案例,烟台云都海鹰无人机应用技术有限公司与威海万准测绘有限公司买卖合同纠纷一审民事裁定书,,,,,,,否,pkulaw\raw_pdf\无人机司法案例pdf\无人机司法案例pdf\烟台云都海鹰无人机应用技术有限公司与威海万准测绘有限公司买卖合同纠纷一审民事裁定书(FBMCLI.C.118723177).pdf,https://www.pkulaw.com/pfnl/a6bdb3332ec0adc4b68e31d354cd888d9646bc914fb,引证码FBMCLI.C.118723177｜司法案例(单独管线)
542,pkulaw,案例,司法案例,熊花与洛克希德（武汉）无人机科学研究院有限公司劳动争议执行裁定书,,,,,,,否,pkulaw\raw_pdf\无人机司法案例pdf\无人机司法案例pdf\熊花与洛克希德（武汉）无人机科学研究院有限公司劳动争议执行裁定书(FBMCLI.C.62358768).pdf,https://www.pkulaw.com/pfnl/a25051f3312b07f34f81fbded3721c50685ac338421a,引证码FBMCLI.C.62358768｜司法案例(单独管线)
543,pkulaw,案例,司法案例,牛某某某;陕西某某无人机科技有限公司运输合同纠纷执行实施执行裁定书,,,,,,,否,pkulaw\raw_pdf\无人机司法案例pdf\无人机司法案例pdf\牛某某某;陕西某某无人机科技有限公司运输合同纠纷执行实施执行裁定书(FBMCLI.C.569235058).pdf,https://www.pkulaw.com/pfnl/c7ed112b8012f816d58c495fea5c280f652995b50bde,引证码FBMCLI.C.569235058｜司法案例(单独管线)
544,pkulaw,案例,司法案例,牛贵臻与周君前、山东高普无人机科技有限责任公司机动车交通事故责任纠纷一审民事裁定书,,,,,,,否,pkulaw\raw_pdf\无人机司法案例pdf\无人机司法案例pdf\牛贵臻与周君前、山东高普无人机科技有限责任公司机动车交通事故责任纠纷一审民事裁定书(FBMCLI.C.91025327).pdf,https://www.pkulaw.com/pfnl/a6bdb3332ec0adc4b0cb36bae1e1ecee3f58a244c1f4,引证码FBMCLI.C.91025327｜司法案例(单独管线)
545,pkulaw,案例,司法案例,王伟、北航富羽无人机（深圳）有限公司劳动争议首次执行执行裁定书,,,,,,,否,pkulaw\raw_pdf\无人机司法案例pdf\无人机司法案例pdf\王伟、北航富羽无人机（深圳）有限公司劳动争议首次执行执行裁定书(FBMCLI.C.431930185).pdf,https://www.pkulaw.com/pfnl/95b2ca8d4055fce1b743aab83b90241ce82c4e79851,引证码FBMCLI.C.431930185｜司法案例(单独管线)
546,pkulaw,案例,司法案例,王培德与陈加华、广东澄星无人机股份有限公司民间借贷纠纷一审民事判决书,,,,,,,否,pkulaw\raw_pdf\无人机司法案例pdf\无人机司法案例pdf\王培德与陈加华、广东澄星无人机股份有限公司民间借贷纠纷一审民事判决书(FBMCLI.C.86540738).pdf,https://www.pkulaw.com/pfnl/a6bdb3332ec0adc47ab12c72f019080d52496033fa9,引证码FBMCLI.C.86540738｜司法案例(单独管线)
547,pkulaw,案例,司法案例,王子恒与沈阳市卓云尚智无人机科技有限公司服务合同纠纷一审民事裁定书,,,,,,,否,pkulaw\raw_pdf\无人机司法案例pdf\无人机司法案例pdf\王子恒与沈阳市卓云尚智无人机科技有限公司服务合同纠纷一审民事裁定书(FBMCLI.C.506732664).pdf,https://www.pkulaw.com/pfnl/08df102e7c10f206a22d1874d37a24d82294620faa8,引证码FBMCLI.C.506732664｜司法案例(单独管线)
548,pkulaw,案例,司法案例,王晓亮、深圳智航无人机有限公司劳动争议首次执行执行裁定书,,,,,,,否,pkulaw\raw_pdf\无人机司法案例pdf\无人机司法案例pdf\王晓亮、深圳智航无人机有限公司劳动争议首次执行执行裁定书(FBMCLI.C.404287809).pdf,https://www.pkulaw.com/pfnl/95b2ca8d4055fce1d3925961fe8d9f9f4bc435fe4ca2e,引证码FBMCLI.C.404287809｜司法案例(单独管线)
549,pkulaw,案例,司法案例,王某与富平县韦加无人机有限公司劳动合同纠纷一案,,,,,,,否,pkulaw\raw_pdf\无人机司法案例pdf\无人机司法案例pdf\王某与富平县韦加无人机有限公司劳动合同纠纷一案(FBMCLI.C.109087840).pdf,https://www.pkulaw.com/pfnl/a6bdb3332ec0adc484089a3c31336f8b0fb0092ee5f0,引证码FBMCLI.C.109087840｜司法案例(单独管线)
550,pkulaw,案例,司法案例,王某花;山西某某无人机科技有限公司;金牛区某某消防器材经营部买卖合同纠纷首次执行执行裁定书,,,,,,,否,pkulaw\raw_pdf\无人机司法案例pdf\无人机司法案例pdf\王某花;山西某某无人机科技有限公司;金牛区某某消防器材经营部买卖合同纠纷首次执行执行裁定书(FBMCLI.C.574499553).pdf,https://www.pkulaw.com/pfnl/c7ed112b8012f816ade365b997024735507b1b340a,引证码FBMCLI.C.574499553｜司法案例(单独管线)
551,pkulaw,案例,司法案例,王艳;江苏网智无人机研究院有限公司;徐州新农合互联网金融服务有限公司;杨远买卖合同纠纷一审民事裁定书,,,,,,,否,pkulaw\raw_pdf\无人机司法案例pdf\无人机司法案例pdf\王艳;江苏网智无人机研究院有限公司;徐州新农合互联网金融服务有限公司;杨远买卖合同纠纷一审民事裁定书(FBMCLI.C.565961418).pdf,https://www.pkulaw.com/pfnl/c7ed112b8012f8163a15c55fdf744ea63e6690eda131,引证码FBMCLI.C.565961418｜司法案例(单独管线)
552,pkulaw,案例,司法案例,王雄彪、广东澄星无人机股份有限公司买卖合同纠纷执行实施类执行裁定书,,,,,,,否,pkulaw\raw_pdf\无人机司法案例pdf\无人机司法案例pdf\王雄彪、广东澄星无人机股份有限公司买卖合同纠纷执行实施类执行裁定书(FBMCLI.C.313304610).pdf,https://www.pkulaw.com/pfnl/c05aeed05a57db0a79c0276efcff7d8f854606bfc36d8,引证码FBMCLI.C.313304610｜司法案例(单独管线)
553,pkulaw,案例,司法案例,王雄彪与广东澄星无人机股份有限公司、汕头市澄海区丰裕玩具有限公司买卖合同纠纷一案民事一审判决书,,,,,,,否,pkulaw\raw_pdf\无人机司法案例pdf\无人机司法案例pdf\王雄彪与广东澄星无人机股份有限公司、汕头市澄海区丰裕玩具有限公司买卖合同纠纷一案民事一审判决书(FBMCLI.C.106014814).pdf,https://www.pkulaw.com/pfnl/a6bdb3332ec0adc41fbf984f15121a24999f5ccaa996,引证码FBMCLI.C.106014814｜司法案例(单独管线)
554,pkulaw,案例,司法案例,甘谋与湖南博航无人机技术有限公司其他合同纠纷案件结案通知书,,,,,,,否,pkulaw\raw_pdf\无人机司法案例pdf\无人机司法案例pdf\甘谋与湖南博航无人机技术有限公司其他合同纠纷案件结案通知书(FBMCLI.C.87374800).pdf,https://www.pkulaw.com/pfnl/a6bdb3332ec0adc4020664af7a4afed45b26fe79531d,引证码FBMCLI.C.87374800｜司法案例(单独管线)
555,pkulaw,案例,司法案例,田梦长与黑龙江省建三江农垦永立无人机销售有限公司买卖合同纠纷一审民事裁定书,,,,,,,否,pkulaw\raw_pdf\无人机司法案例pdf\无人机司法案例pdf\田梦长与黑龙江省建三江农垦永立无人机销售有限公司买卖合同纠纷一审民事裁定书(FBMCLI.C.304908743).pdf,https://www.pkulaw.com/pfnl/c05aeed05a57db0a4c6bd757712e7bf3233289810d0,引证码FBMCLI.C.304908743｜司法案例(单独管线)
556,pkulaw,案例,司法案例,申请人侯立强与被执行人黑龙江大悟开疆无人机科技股份有限公司国内非涉外仲裁裁决,,,,,,,否,pkulaw\raw_pdf\无人机司法案例pdf\无人机司法案例pdf\申请人侯立强与被执行人黑龙江大悟开疆无人机科技股份有限公司国内非涉外仲裁裁决(FBMCLI.C.57677381).pdf,https://www.pkulaw.com/pfnl/a25051f3312b07f3813e76834c14ab668e3bedd437cf,引证码FBMCLI.C.57677381｜司法案例(单独管线)
557,pkulaw,案例,司法案例,申请人刘阳与被执行人黑龙江大悟开疆无人机科技股份有限公司国内非涉外仲裁裁决,,,,,,,否,pkulaw\raw_pdf\无人机司法案例pdf\无人机司法案例pdf\申请人刘阳与被执行人黑龙江大悟开疆无人机科技股份有限公司国内非涉外仲裁裁决(FBMCLI.C.57677319).pdf,https://www.pkulaw.com/pfnl/a25051f3312b07f3e307980f7a6f28bf4c7043f1a3341,引证码FBMCLI.C.57677319｜司法案例(单独管线)
558,pkulaw,案例,司法案例,申请人李昂与 被执行人黑龙江大悟开疆无人机科技股份有限公司国内非涉外仲裁裁决,,,,,,,否,pkulaw\raw_pdf\无人机司法案例pdf\无人机司法案例pdf\申请人李昂与 被执行人黑龙江大悟开疆无人机科技股份有限公司国内非涉外仲裁裁决(FBMCLI.C.57756887).pdf,https://www.pkulaw.com/pfnl/a25051f3312b07f340d846088d07d3656554456a1f2,引证码FBMCLI.C.57756887｜司法案例(单独管线)
559,pkulaw,案例,司法案例,申请人王舸与被执行人黑龙江大悟开疆无人机科技股份有限公司国内非涉外仲裁裁决,,,,,,,否,pkulaw\raw_pdf\无人机司法案例pdf\无人机司法案例pdf\申请人王舸与被执行人黑龙江大悟开疆无人机科技股份有限公司国内非涉外仲裁裁决(FBMCLI.C.57557974).pdf,https://www.pkulaw.com/pfnl/a25051f3312b07f38c785c570bae3c80161a32ac45ec,引证码FBMCLI.C.57557974｜司法案例(单独管线)
560,pkulaw,案例,司法案例,申请人长沙无源定位工程技术研究院与被申请人湖南中斯航迹无人机科技有限公司、黄乾洁诉前财产保全纠纷一案结案通知书,,,,,,,否,pkulaw\raw_pdf\无人机司法案例pdf\无人机司法案例pdf\申请人长沙无源定位工程技术研究院与被申请人湖南中斯航迹无人机科技有限公司、黄乾洁诉前财产保全纠纷一案结案通知书(FBMCLI.C.101098822).pdf,https://www.pkulaw.com/pfnl/a6bdb3332ec0adc4a585e7d8638ab1cd9aca4b7dadc,引证码FBMCLI.C.101098822｜司法案例(单独管线)
561,pkulaw,案例,司法案例,申请人鞠国铖与被执行人黑龙江大悟开疆无人机科技股份有限公司国内非涉外仲裁裁决,,,,,,,否,pkulaw\raw_pdf\无人机司法案例pdf\无人机司法案例pdf\申请人鞠国铖与被执行人黑龙江大悟开疆无人机科技股份有限公司国内非涉外仲裁裁决(FBMCLI.C.57677415).pdf,https://www.pkulaw.com/pfnl/a25051f3312b07f3520d176976ec8ac0585eefd87b8e,引证码FBMCLI.C.57677415｜司法案例(单独管线)
562,pkulaw,案例,司法案例,申请人鲁英新诉被申请人辽宁壮龙无人机科技有限公司民间借贷纠纷一案民事裁定书,,,,,,,否,pkulaw\raw_pdf\无人机司法案例pdf\无人机司法案例pdf\申请人鲁英新诉被申请人辽宁壮龙无人机科技有限公司民间借贷纠纷一案民事裁定书(FBMCLI.C.101333635).pdf,https://www.pkulaw.com/pfnl/a6bdb3332ec0adc47a41223b389095a1149a1c282a,引证码FBMCLI.C.101333635｜司法案例(单独管线)
563,pkulaw,案例,司法案例,申请保全人鲁英新与被保全人辽宁壮龙无人机科技有限公司借款合同纠纷一案执行结案通知书,,,,,,,否,pkulaw\raw_pdf\无人机司法案例pdf\无人机司法案例pdf\申请保全人鲁英新与被保全人辽宁壮龙无人机科技有限公司借款合同纠纷一案执行结案通知书(FBMCLI.C.106151080).pdf,https://www.pkulaw.com/pfnl/a6bdb3332ec0adc4a595d02eb8ed01a8b33f6e3d21f,引证码FBMCLI.C.106151080｜司法案例(单独管线)
564,pkulaw,案例,司法案例,申请执行人宋倩与被执行人逊克翱龙无人机科技有限公司劳务合同纠纷一案结案通知书,,,,,,,否,pkulaw\raw_pdf\无人机司法案例pdf\无人机司法案例pdf\申请执行人宋倩与被执行人逊克翱龙无人机科技有限公司劳务合同纠纷一案结案通知书(FBMCLI.C.115630983).pdf,https://www.pkulaw.com/pfnl/a6bdb3332ec0adc41ff09fafbd0b8ca778fb5e6cac18f,引证码FBMCLI.C.115630983｜司法案例(单独管线)
565,pkulaw,案例,司法案例,申请执行人武汉光谷环保科技股份有限公司与被执行人洛克希德(武汉)无人机科学研究院有限公司合同纠纷执行裁定书,,,,,,,否,pkulaw\raw_pdf\无人机司法案例pdf\无人机司法案例pdf\申请执行人武汉光谷环保科技股份有限公司与被执行人洛克希德(武汉)无人机科学研究院有限公司合同纠纷执行裁定书(FBMCLI.C.303939176).pdf,https://www.pkulaw.com/pfnl/c05aeed05a57db0ad618ff8ce4cfc179b2422c6e9d5c,引证码FBMCLI.C.303939176｜司法案例(单独管线)
566,pkulaw,案例,司法案例,申请执行人长沙无源定位工程技术研究院申请执行被执行人湖南中斯航迹无人机科技有限公司、黄乾洁民间借贷纠纷一案执行裁定书,,,,,,,否,pkulaw\raw_pdf\无人机司法案例pdf\无人机司法案例pdf\申请执行人长沙无源定位工程技术研究院申请执行被执行人湖南中斯航迹无人机科技有限公司、黄乾洁民间借贷纠纷一案执行裁定书(FBMCLI.C.115757581).pdf,https://www.pkulaw.com/pfnl/a6bdb3332ec0adc467f2495691bc9f2138fe4a0b8c7e,引证码FBMCLI.C.115757581｜司法案例(单独管线)
567,pkulaw,案例,司法案例,白宇龙、辽宁大壮无人机科技有限公司劳动争议二审判决书,,,,,,,否,pkulaw\raw_pdf\无人机司法案例pdf\无人机司法案例pdf\白宇龙、辽宁大壮无人机科技有限公司劳动争议二审判决书(FBMCLI.C.503379533).pdf,https://www.pkulaw.com/pfnl/08df102e7c10f206d66df1d3477020136968dc7a637f,引证码FBMCLI.C.503379533｜司法案例(单独管线)
568,pkulaw,案例,司法案例,秦振山与山东乐松无人机科技有限公司买卖合同纠纷一审民事裁定书,,,,,,,否,pkulaw\raw_pdf\无人机司法案例pdf\无人机司法案例pdf\秦振山与山东乐松无人机科技有限公司买卖合同纠纷一审民事裁定书(FBMCLI.C.107393847).pdf,https://www.pkulaw.com/pfnl/a6bdb3332ec0adc45cf6ec32138584fe810451a2e6e,引证码FBMCLI.C.107393847｜司法案例(单独管线)
569,pkulaw,案例,司法案例,秦振山与山东乐松无人机科技有限公司买卖合同纠纷管辖民事裁定书,,,,,,,否,pkulaw\raw_pdf\无人机司法案例pdf\无人机司法案例pdf\秦振山与山东乐松无人机科技有限公司买卖合同纠纷管辖民事裁定书(FBMCLI.C.99590602).pdf,https://www.pkulaw.com/pfnl/a6bdb3332ec0adc4e7e6e6333cdd31935f56a4d378b,引证码FBMCLI.C.99590602｜司法案例(单独管线)
570,pkulaw,案例,司法案例,空中未来无人机技术(北京)有限公司与北京杏林大汇健康管理有限公司庆典服务合同纠纷一审民事裁定书,,,,,,,否,pkulaw\raw_pdf\无人机司法案例pdf\无人机司法案例pdf\空中未来无人机技术(北京)有限公司与北京杏林大汇健康管理有限公司庆典服务合同纠纷一审民事裁定书(FBMCLI.C.430461770).pdf,https://www.pkulaw.com/pfnl/95b2ca8d4055fce1907502ea17b72ee85b4f03f74ce3,引证码FBMCLI.C.430461770｜司法案例(单独管线)
571,pkulaw,案例,司法案例,粤1972执8401号广东澄星无人机股份有限公司买卖合同纠纷的结案通知书,,,,,,,否,pkulaw\raw_pdf\无人机司法案例pdf\无人机司法案例pdf\粤1972执8401号广东澄星无人机股份有限公司买卖合同纠纷的结案通知书(FBMCLI.C.323322292).pdf,https://www.pkulaw.com/pfnl/c05aeed05a57db0a3cb2a4266cce023f9761055bbc0,引证码FBMCLI.C.323322292｜司法案例(单独管线)
572,pkulaw,案例,司法案例,索某某、逊克翱龙无人机科技有限公司合同纠纷首次执行执行裁定书,,,,,,,否,pkulaw\raw_pdf\无人机司法案例pdf\无人机司法案例pdf\索某某、逊克翱龙无人机科技有限公司合同纠纷首次执行执行裁定书(FBMCLI.C.553223281).pdf,https://www.pkulaw.com/pfnl/08df102e7c10f2069bc728b7e45df9055d2b06b81b5,引证码FBMCLI.C.553223281｜司法案例(单独管线)
573,pkulaw,案例,司法案例,翟军;山东福莱特无人机制造有限公司合同纠纷执行实施执行通知书,,,,,,,否,pkulaw\raw_pdf\无人机司法案例pdf\无人机司法案例pdf\翟军;山东福莱特无人机制造有限公司合同纠纷执行实施执行通知书(FBMCLI.C.568909236).pdf,https://www.pkulaw.com/pfnl/c7ed112b8012f8168ea8dbb11871336d77ba874109,引证码FBMCLI.C.568909236｜司法案例(单独管线)
574,pkulaw,案例,司法案例,翟晓沛与德奥无人机运营服务有限公司劳动争议执行裁定书,,,,,,,否,pkulaw\raw_pdf\无人机司法案例pdf\无人机司法案例pdf\翟晓沛与德奥无人机运营服务有限公司劳动争议执行裁定书(FBMCLI.C.93140305).pdf,https://www.pkulaw.com/pfnl/a6bdb3332ec0adc4c4092445b634424ddf9dd21d79f,引证码FBMCLI.C.93140305｜司法案例(单独管线)
575,pkulaw,案例,司法案例,肖萍刘明明与何平杨帆洛克希德（武汉）无人机科学研究院有限公司合同纠纷一案,,,,,,,否,pkulaw\raw_pdf\无人机司法案例pdf\无人机司法案例pdf\肖萍刘明明与何平杨帆洛克希德（武汉）无人机科学研究院有限公司合同纠纷一案(FBMCLI.C.407033255).pdf,https://www.pkulaw.com/pfnl/95b2ca8d4055fce1c9bf16cbc429768d2124c361eb32,引证码FBMCLI.C.407033255｜司法案例(单独管线)
576,pkulaw,案例,司法案例,肖萍刘明明与何平杨帆洛克希德（武汉）无人机科学研究院有限公司张鹏森合同纠纷一案,,,,,,,否,pkulaw\raw_pdf\无人机司法案例pdf\无人机司法案例pdf\肖萍刘明明与何平杨帆洛克希德（武汉）无人机科学研究院有限公司张鹏森合同纠纷一案(FBMCLI.C.405944530).pdf,https://www.pkulaw.com/pfnl/95b2ca8d4055fce1289f87fb76fc48dcd24409a94b52,引证码FBMCLI.C.405944530｜司法案例(单独管线)
577,pkulaw,案例,司法案例,胡晓敏、成都三足乌无人机科技有限公司劳动争议二审民事裁定书,,,,,,,否,pkulaw\raw_pdf\无人机司法案例pdf\无人机司法案例pdf\胡晓敏、成都三足乌无人机科技有限公司劳动争议二审民事裁定书(FBMCLI.C.62028630).pdf,https://www.pkulaw.com/pfnl/a25051f3312b07f33f59b8361bd144a64e0dc6d34c1c,引证码FBMCLI.C.62028630｜司法案例(单独管线)
578,pkulaw,案例,司法案例,胡晓敏与成都三足乌无人机科技有限公司劳动争议纠纷一案执行完毕通知书,,,,,,,否,pkulaw\raw_pdf\无人机司法案例pdf\无人机司法案例pdf\胡晓敏与成都三足乌无人机科技有限公司劳动争议纠纷一案执行完毕通知书(FBMCLI.C.62586400).pdf,https://www.pkulaw.com/pfnl/a25051f3312b07f38b752e45b7139dcc1361ed9e04a,引证码FBMCLI.C.62586400｜司法案例(单独管线)
579,pkulaw,案例,司法案例,舞钢市泽源发展投资有限公司与河南省豫飞防植保无人机有限公司租赁合同纠纷一审民事裁定书,,,,,,,否,pkulaw\raw_pdf\无人机司法案例pdf\无人机司法案例pdf\舞钢市泽源发展投资有限公司与河南省豫飞防植保无人机有限公司租赁合同纠纷一审民事裁定书(FBMCLI.C.313475470).pdf,https://www.pkulaw.com/pfnl/c05aeed05a57db0ad513774cabd431ab20a152eef3d,引证码FBMCLI.C.313475470｜司法案例(单独管线)
580,pkulaw,案例,司法案例,航天彩虹无人机股份有限公司、齐某某劳动争议一审民事其他文书,,,,,,,否,pkulaw\raw_pdf\无人机司法案例pdf\无人机司法案例pdf\航天彩虹无人机股份有限公司、齐某某劳动争议一审民事其他文书(FBMCLI.C.311077020).pdf,https://www.pkulaw.com/pfnl/c05aeed05a57db0a694ecbf90038b167aaaade053e3,引证码FBMCLI.C.311077020｜司法案例(单独管线)
581,pkulaw,案例,司法案例,航天彩虹无人机股份有限公司、齐某某劳动争议一审民事调解书,,,,,,,否,pkulaw\raw_pdf\无人机司法案例pdf\无人机司法案例pdf\航天彩虹无人机股份有限公司、齐某某劳动争议一审民事调解书(FBMCLI.C.121125680).pdf,https://www.pkulaw.com/pfnl/a6bdb3332ec0adc475c394e8f3c2fdf60637cf51ca9ee,引证码FBMCLI.C.121125680｜司法案例(单独管线)
582,pkulaw,案例,司法案例,航天彩虹无人机股份有限公司与依索(苏州)合成材料有限公司买卖合同纠纷执行裁定书,,,,,,,否,pkulaw\raw_pdf\无人机司法案例pdf\无人机司法案例pdf\航天彩虹无人机股份有限公司与依索(苏州)合成材料有限公司买卖合同纠纷执行裁定书(FBMCLI.C.112125092).pdf,https://www.pkulaw.com/pfnl/a6bdb3332ec0adc44dc1b89fe7a391f1a724c90433e,引证码FBMCLI.C.112125092｜司法案例(单独管线)
583,pkulaw,案例,司法案例,苏国泽与广东澄星无人机股份有限公司、陈加华民间借贷纠纷一审民事判决书,,,,,,,否,pkulaw\raw_pdf\无人机司法案例pdf\无人机司法案例pdf\苏国泽与广东澄星无人机股份有限公司、陈加华民间借贷纠纷一审民事判决书(FBMCLI.C.86545210).pdf,https://www.pkulaw.com/pfnl/a6bdb3332ec0adc41ed802f2e962179a0af17c7dd79f,引证码FBMCLI.C.86545210｜司法案例(单独管线)
584,pkulaw,案例,司法案例,茵德斯工业设计（宁波）有限公司与宁波派丽肯无人机有限公司委托合同纠纷一审民事裁定书,,,,,,,否,pkulaw\raw_pdf\无人机司法案例pdf\无人机司法案例pdf\茵德斯工业设计（宁波）有限公司与宁波派丽肯无人机有限公司委托合同纠纷一审民事裁定书(FBMCLI.C.115892872).pdf,https://www.pkulaw.com/pfnl/a6bdb3332ec0adc47af040c2d8ac2c1fc4075d6bb3d8,引证码FBMCLI.C.115892872｜司法案例(单独管线)
585,pkulaw,案例,司法案例,萝北县凤翔镇中盈无人机经销站、单衍君买卖合同纠纷民事二审民事判决书,,,,,,,否,pkulaw\raw_pdf\无人机司法案例pdf\无人机司法案例pdf\萝北县凤翔镇中盈无人机经销站、单衍君买卖合同纠纷民事二审民事判决书(FBMCLI.C.418944676).pdf,https://www.pkulaw.com/pfnl/95b2ca8d4055fce158577a2f67b29cb6a9f7e3a387a0,引证码FBMCLI.C.418944676｜司法案例(单独管线)
586,pkulaw,案例,司法案例,萝北县凤翔镇中盈无人机经销站与单某君买卖合同纠纷申请再审案,,,,,,,否,pkulaw\raw_pdf\无人机司法案例pdf\无人机司法案例pdf\萝北县凤翔镇中盈无人机经销站与单某君买卖合同纠纷申请再审案(FBMCLI.C.551895508).pdf,https://www.pkulaw.com/pfnl/08df102e7c10f206378c1e7f3b3ae942b9545347ba3c,引证码FBMCLI.C.551895508｜司法案例(单独管线)
587,pkulaw,案例,司法案例,葛继刚与吴春生、许昌鼎昂无人机科技有限公司股权转让纠纷一审民事判决书,,,,,,,否,pkulaw\raw_pdf\无人机司法案例pdf\无人机司法案例pdf\葛继刚与吴春生、许昌鼎昂无人机科技有限公司股权转让纠纷一审民事判决书(FBMCLI.C.523242208).pdf,https://www.pkulaw.com/pfnl/08df102e7c10f206ad330af75043c6231af0d728e8b8,引证码FBMCLI.C.523242208｜司法案例(单独管线)
588,pkulaw,案例,司法案例,蒋开平周华等与李建重庆乐禾无人机有限公司合同纠纷二审民事判决书,,,,,,,否,pkulaw\raw_pdf\无人机司法案例pdf\无人机司法案例pdf\蒋开平周华等与李建重庆乐禾无人机有限公司合同纠纷二审民事判决书(FBMCLI.C.313826683).pdf,https://www.pkulaw.com/pfnl/c05aeed05a57db0ac765006eeaaf4aaa6b726d4bd74,引证码FBMCLI.C.313826683｜有附件｜司法案例(单独管线)
589,pkulaw,案例,司法案例,蒙城县庄子进出口贸易有限公司、蒙城县黄赛无人机有限公司买卖合同纠纷一审民事裁定书,,,,,,,否,pkulaw\raw_pdf\无人机司法案例pdf\无人机司法案例pdf\蒙城县庄子进出口贸易有限公司、蒙城县黄赛无人机有限公司买卖合同纠纷一审民事裁定书(FBMCLI.C.318397881).pdf,https://www.pkulaw.com/pfnl/c05aeed05a57db0a02aa1a2742b0f6da050f30e197a,引证码FBMCLI.C.318397881｜司法案例(单独管线)
590,pkulaw,案例,司法案例,蒙城县庄子进出口贸易有限公司、蒙城县黄赛无人机有限公司等民间借贷纠纷民事一审民事判决书,,,,,,,否,pkulaw\raw_pdf\无人机司法案例pdf\无人机司法案例pdf\蒙城县庄子进出口贸易有限公司、蒙城县黄赛无人机有限公司等民间借贷纠纷民事一审民事判决书(FBMCLI.C.407864250).pdf,https://www.pkulaw.com/pfnl/95b2ca8d4055fce1d71daf3eb68ccbd6d5f7b3d29a20,引证码FBMCLI.C.407864250｜司法案例(单独管线)
591,pkulaw,案例,司法案例,蒙城县庄子进出口贸易有限公司与蒙城县黄赛无人机有限公司、广州黄赛航空科技有限公司买卖合同纠纷一审民事裁定书,,,,,,,否,pkulaw\raw_pdf\无人机司法案例pdf\无人机司法案例pdf\蒙城县庄子进出口贸易有限公司与蒙城县黄赛无人机有限公司、广州黄赛航空科技有限公司买卖合同纠纷一审民事裁定书(FBMCLI.C.318397797).pdf,https://www.pkulaw.com/pfnl/c05aeed05a57db0a255142f7fdc58b05e8f02fb02375,引证码FBMCLI.C.318397797｜司法案例(单独管线)
592,pkulaw,案例,司法案例,蒙城县黄赛无人机有限公司、广东黄赛航空科技有限公司等民间借贷纠纷民事二审民事判决书,,,,,,,否,pkulaw\raw_pdf\无人机司法案例pdf\无人机司法案例pdf\蒙城县黄赛无人机有限公司、广东黄赛航空科技有限公司等民间借贷纠纷民事二审民事判决书(FBMCLI.C.407648099).pdf,https://www.pkulaw.com/pfnl/95b2ca8d4055fce1a5629627a392db9edaff928ea865,引证码FBMCLI.C.407648099｜司法案例(单独管线)
593,pkulaw,案例,司法案例,蓝牛仔影像（北京）有限公司与武汉无人机之家信息技术有限公司著作权权属、侵权纠纷一审民事裁定书,,,,,,,否,pkulaw\raw_pdf\无人机司法案例pdf\无人机司法案例pdf\蓝牛仔影像（北京）有限公司与武汉无人机之家信息技术有限公司著作权权属、侵权纠纷一审民事裁定书(FBMCLI.C.89160649).pdf,https://www.pkulaw.com/pfnl/a6bdb3332ec0adc431306304b2835dcf7200b268d87,引证码FBMCLI.C.89160649｜司法案例(单独管线)
594,pkulaw,案例,司法案例,虎林市德盛农机有限公司、黑龙江慈航农用无人机科技有限公司买卖合同纠纷首次执行执行裁定书,,,,,,,否,pkulaw\raw_pdf\无人机司法案例pdf\无人机司法案例pdf\虎林市德盛农机有限公司、黑龙江慈航农用无人机科技有限公司买卖合同纠纷首次执行执行裁定书(FBMCLI.C.502713125).pdf,https://www.pkulaw.com/pfnl/08df102e7c10f2063f1c22437dbc47c888d784214819,引证码FBMCLI.C.502713125｜司法案例(单独管线)
595,pkulaw,案例,司法案例,虎林市德盛农机有限公司、黑龙江慈航农用无人机科技有限公司合同纠纷二审民事裁定书,,,,,,,否,pkulaw\raw_pdf\无人机司法案例pdf\无人机司法案例pdf\虎林市德盛农机有限公司、黑龙江慈航农用无人机科技有限公司合同纠纷二审民事裁定书(FBMCLI.C.322226456).pdf,https://www.pkulaw.com/pfnl/c05aeed05a57db0a127a2741657e66743e87f9ed6b8,引证码FBMCLI.C.322226456｜司法案例(单独管线)
596,pkulaw,案例,司法案例,虎林市极飞农业机械植保无人机、郑楠买卖合同纠纷二审民事判决书,,,,,,,否,pkulaw\raw_pdf\无人机司法案例pdf\无人机司法案例pdf\虎林市极飞农业机械植保无人机、郑楠买卖合同纠纷二审民事判决书(FBMCLI.C.322494217).pdf,https://www.pkulaw.com/pfnl/c05aeed05a57db0abfe31514bd8b8607a55ef140a18,引证码FBMCLI.C.322494217｜司法案例(单独管线)
597,pkulaw,案例,司法案例,虎林市极飞农业机械植保无人机与孙艳禹劳务合同纠纷,,,,,,,否,pkulaw\raw_pdf\无人机司法案例pdf\无人机司法案例pdf\虎林市极飞农业机械植保无人机与孙艳禹劳务合同纠纷(FBMCLI.C.112212256).pdf,https://www.pkulaw.com/pfnl/a6bdb3332ec0adc41905706d326c347ebda42f28842,引证码FBMCLI.C.112212256｜司法案例(单独管线)
598,pkulaw,案例,司法案例,虎林市极飞农业机械植保无人机劳务合同纠纷首次执行执行通知书,,,,,,,否,pkulaw\raw_pdf\无人机司法案例pdf\无人机司法案例pdf\虎林市极飞农业机械植保无人机劳务合同纠纷首次执行执行通知书(FBMCLI.C.418923019).pdf,https://www.pkulaw.com/pfnl/95b2ca8d4055fce1f3c3d943c99ddaff0521422bf7951,引证码FBMCLI.C.418923019｜司法案例(单独管线)
599,pkulaw,案例,司法案例,融通农业发展（武汉）有限责任公司、大荔县绿濛濛无人机植保专业合作社等租赁合同纠纷财产保全执行执行通知书,,,,,,,否,pkulaw\raw_pdf\无人机司法案例pdf\无人机司法案例pdf\融通农业发展（武汉）有限责任公司、大荔县绿濛濛无人机植保专业合作社等租赁合同纠纷财产保全执行执行通知书(FBMCLI.C.545730341).pdf,https://www.pkulaw.com/pfnl/08df102e7c10f2068d78bd4b391d6cbcb6100fca7bc3,引证码FBMCLI.C.545730341｜司法案例(单独管线)
600,pkulaw,案例,司法案例,衡水张丽物业服务有限公司与衡水钛灵盾无人机技术有限公司服务合同纠纷一审民事裁定书,,,,,,,否,pkulaw\raw_pdf\无人机司法案例pdf\无人机司法案例pdf\衡水张丽物业服务有限公司与衡水钛灵盾无人机技术有限公司服务合同纠纷一审民事裁定书(FBMCLI.C.119900200).pdf,https://www.pkulaw.com/pfnl/a6bdb3332ec0adc46ebc48cbb6b579041c23b9c27d0,引证码FBMCLI.C.119900200｜司法案例(单独管线)
601,pkulaw,案例,司法案例,衡水惠企融资担保有限公司与衡水钛灵盾无人机技术有限公司、上海钛灵盾无人机技术有限公司民间借贷纠纷一审民事判决书,,,,,,,否,pkulaw\raw_pdf\无人机司法案例pdf\无人机司法案例pdf\衡水惠企融资担保有限公司与衡水钛灵盾无人机技术有限公司、上海钛灵盾无人机技术有限公司民间借贷纠纷一审民事判决书(FBMCLI.C.314795364).pdf,https://www.pkulaw.com/pfnl/c05aeed05a57db0a2c918027a48c3e4f03a77d185c2,引证码FBMCLI.C.314795364｜司法案例(单独管线)
602,pkulaw,案例,司法案例,衡水钛灵盾无人机技术有限公司、上海钛灵盾无人机技术有限公司民间借贷纠纷二审民事裁定书,,,,,,,否,pkulaw\raw_pdf\无人机司法案例pdf\无人机司法案例pdf\衡水钛灵盾无人机技术有限公司、上海钛灵盾无人机技术有限公司民间借贷纠纷二审民事裁定书(FBMCLI.C.314786722).pdf,https://www.pkulaw.com/pfnl/c05aeed05a57db0a37886ddaa1ee5b7c69170ae2fdf,引证码FBMCLI.C.314786722｜司法案例(单独管线)
603,pkulaw,案例,司法案例,袁早丰、北航富羽无人机（深圳）有限公司劳动争议民事一审民事判决书,,,,,,,否,pkulaw\raw_pdf\无人机司法案例pdf\无人机司法案例pdf\袁早丰、北航富羽无人机（深圳）有限公司劳动争议民事一审民事判决书(FBMCLI.C.404277112).pdf,https://www.pkulaw.com/pfnl/95b2ca8d4055fce184900184cff587b4ddfa341916e0,引证码FBMCLI.C.404277112｜司法案例(单独管线)
604,pkulaw,案例,司法案例,西南无人机科技有限公司、泸州市江阳区佳誉机械厂承揽合同纠纷首次执行执行通知书,,,,,,,否,pkulaw\raw_pdf\无人机司法案例pdf\无人机司法案例pdf\西南无人机科技有限公司、泸州市江阳区佳誉机械厂承揽合同纠纷首次执行执行通知书(FBMCLI.C.417728617).pdf,https://www.pkulaw.com/pfnl/95b2ca8d4055fce12018873578287d4fa64872f23c75,引证码FBMCLI.C.417728617｜司法案例(单独管线)
605,pkulaw,案例,司法案例,西安天鸽无人机技术服务有限公司;中图智维数字科技(陕西)有限公司服务合同纠纷一审民事裁定书,,,,,,,否,pkulaw\raw_pdf\无人机司法案例pdf\无人机司法案例pdf\西安天鸽无人机技术服务有限公司;中图智维数字科技(陕西)有限公司服务合同纠纷一审民事裁定书(FBMCLI.C.578227261).pdf,https://www.pkulaw.com/pfnl/c7ed112b8012f816b4a9eac3c252468efa712c09e6a,引证码FBMCLI.C.578227261｜司法案例(单独管线)
606,pkulaw,案例,司法案例,西安天鸽无人机技术服务有限公司与河南爬山虎科技有限公司、朱配富服务合同纠纷一审民事调解书,,,,,,,否,pkulaw\raw_pdf\无人机司法案例pdf\无人机司法案例pdf\西安天鸽无人机技术服务有限公司与河南爬山虎科技有限公司、朱配富服务合同纠纷一审民事调解书(FBMCLI.C.552781713).pdf,https://www.pkulaw.com/pfnl/08df102e7c10f2063701c4b8d13462d166ee5cb23a4,引证码FBMCLI.C.552781713｜司法案例(单独管线)
607,pkulaw,案例,司法案例,西安方荣石化科技有限公司、陕西大秦无人机技术应用有限公司申请诉前财产保全非诉财产保全审查民事裁定书,,,,,,,否,pkulaw\raw_pdf\无人机司法案例pdf\无人机司法案例pdf\西安方荣石化科技有限公司、陕西大秦无人机技术应用有限公司申请诉前财产保全非诉财产保全审查民事裁定书(FBMCLI.C.502048469).pdf,https://www.pkulaw.com/pfnl/08df102e7c10f20691ee5301a85ed5f02d2edfc50bf5,引证码FBMCLI.C.502048469｜司法案例(单独管线)
608,pkulaw,案例,司法案例,西安某无人机技术服务有限公司;西安某科技有限公司合同纠纷一审民事裁定书,,,,,,,否,pkulaw\raw_pdf\无人机司法案例pdf\无人机司法案例pdf\西安某无人机技术服务有限公司;西安某科技有限公司合同纠纷一审民事裁定书(FBMCLI.C.576405347).pdf,https://www.pkulaw.com/pfnl/c7ed112b8012f8168f33faa9fca27892a6e360d3127b,引证码FBMCLI.C.576405347｜司法案例(单独管线)
609,pkulaw,案例,司法案例,西安爱生无人机技术有限公司、济南嘉禾瑞丰科技开发有限公司买卖合同纠纷民事一审民事裁定书,,,,,,,否,pkulaw\raw_pdf\无人机司法案例pdf\无人机司法案例pdf\西安爱生无人机技术有限公司、济南嘉禾瑞丰科技开发有限公司买卖合同纠纷民事一审民事裁定书(FBMCLI.C.405715113).pdf,https://www.pkulaw.com/pfnl/95b2ca8d4055fce1530c6844c8db1d53688c6d09146,引证码FBMCLI.C.405715113｜司法案例(单独管线)
610,pkulaw,案例,司法案例,西安爱生无人机技术有限公司与国家知识产权局其他一审行政判决书,,,,,,,否,pkulaw\raw_pdf\无人机司法案例pdf\无人机司法案例pdf\西安爱生无人机技术有限公司与国家知识产权局其他一审行政判决书(FBMCLI.C.96688177).pdf,https://www.pkulaw.com/pfnl/a6bdb3332ec0adc44a96f60ce31df7205e0409e83ca,引证码FBMCLI.C.96688177｜司法案例(单独管线)
611,pkulaw,案例,司法案例,许小东、成都睿翼无人机科技有限公司租赁合同纠纷再审审查与审判监督民事裁定书,,,,,,,否,pkulaw\raw_pdf\无人机司法案例pdf\无人机司法案例pdf\许小东、成都睿翼无人机科技有限公司租赁合同纠纷再审审查与审判监督民事裁定书(FBMCLI.C.105310655).pdf,https://www.pkulaw.com/pfnl/a6bdb3332ec0adc487d0f49a0aeb0308cc554b432d3,引证码FBMCLI.C.105310655｜司法案例(单独管线)
612,pkulaw,案例,司法案例,许小东、成都睿翼无人机科技有限公司租赁合同纠纷再审民事判决书,,,,,,,否,pkulaw\raw_pdf\无人机司法案例pdf\无人机司法案例pdf\许小东、成都睿翼无人机科技有限公司租赁合同纠纷再审民事判决书(FBMCLI.C.309671770).pdf,https://www.pkulaw.com/pfnl/c05aeed05a57db0a9a49328deeaf2ddcd16e1c4c7ed,引证码FBMCLI.C.309671770｜司法案例(单独管线)
613,pkulaw,案例,司法案例,谢秋红与虎林市极飞农业机械植保无人机买卖合同纠纷一审民事裁定书,,,,,,,否,pkulaw\raw_pdf\无人机司法案例pdf\无人机司法案例pdf\谢秋红与虎林市极飞农业机械植保无人机买卖合同纠纷一审民事裁定书(FBMCLI.C.118797737).pdf,https://www.pkulaw.com/pfnl/a6bdb3332ec0adc413d81b247b039fa66869ab4f764,引证码FBMCLI.C.118797737｜司法案例(单独管线)
614,pkulaw,案例,司法案例,谢秋红诉虎林市极飞农业植保无人机买卖合同纠纷一审民事裁定书,,,,,,,否,pkulaw\raw_pdf\无人机司法案例pdf\无人机司法案例pdf\谢秋红诉虎林市极飞农业植保无人机买卖合同纠纷一审民事裁定书(FBMCLI.C.312305196).pdf,https://www.pkulaw.com/pfnl/c05aeed05a57db0a67641387a8730e87ef36ab56d51,引证码FBMCLI.C.312305196｜司法案例(单独管线)
615,pkulaw,案例,司法案例,谭绍年、深圳智航无人机有限公司劳动争议执行实施类执行裁定书,,,,,,,否,pkulaw\raw_pdf\无人机司法案例pdf\无人机司法案例pdf\谭绍年、深圳智航无人机有限公司劳动争议执行实施类执行裁定书(FBMCLI.C.72886019).pdf,https://www.pkulaw.com/pfnl/a6bdb3332ec0adc49010f2b9dd4d5d5f99232688a61,引证码FBMCLI.C.72886019｜司法案例(单独管线)
616,pkulaw,案例,司法案例,谭绍年、深圳智航无人机有限公司劳动合同纠纷二审民事判决书,,,,,,,否,pkulaw\raw_pdf\无人机司法案例pdf\无人机司法案例pdf\谭绍年、深圳智航无人机有限公司劳动合同纠纷二审民事判决书(FBMCLI.C.69875962).pdf,https://www.pkulaw.com/pfnl/a6bdb3332ec0adc46ee8609e118c95bfa002aa4dbd6,引证码FBMCLI.C.69875962｜司法案例(单独管线)
617,pkulaw,案例,司法案例,谭绍年与深圳智航无人机有限公司劳动争议一审民事判决书,,,,,,,否,pkulaw\raw_pdf\无人机司法案例pdf\无人机司法案例pdf\谭绍年与深圳智航无人机有限公司劳动争议一审民事判决书(FBMCLI.C.69172360).pdf,https://www.pkulaw.com/pfnl/a6bdb3332ec0adc4dc045471f5eb4e8cd9a38112cf49,引证码FBMCLI.C.69172360｜司法案例(单独管线)
618,pkulaw,案例,司法案例,贵州航空职业技术学院与贵州博伟无人机科技有限公司合同纠纷一审民事裁定书,,,,,,,否,pkulaw\raw_pdf\无人机司法案例pdf\无人机司法案例pdf\贵州航空职业技术学院与贵州博伟无人机科技有限公司合同纠纷一审民事裁定书(FBMCLI.C.117105746).pdf,https://www.pkulaw.com/pfnl/a6bdb3332ec0adc4d605a6b0374d3ce69f67a5874ea,引证码FBMCLI.C.117105746｜司法案例(单独管线)
619,pkulaw,案例,司法案例,贺州市无人机航拍协会、北流市碧桂园房地产开发有限公司著作权权属纠纷民事一审民事裁定书,,,,,,,否,pkulaw\raw_pdf\无人机司法案例pdf\无人机司法案例pdf\贺州市无人机航拍协会、北流市碧桂园房地产开发有限公司著作权权属纠纷民事一审民事裁定书(FBMCLI.C.504365633).pdf,https://www.pkulaw.com/pfnl/08df102e7c10f206d82f84977ad4939eb5e8f3d9a091,引证码FBMCLI.C.504365633｜司法案例(单独管线)
620,pkulaw,案例,司法案例,贾倩倩、北航富羽无人机（深圳）有限公司劳动争议民事一审民事裁定书,,,,,,,否,pkulaw\raw_pdf\无人机司法案例pdf\无人机司法案例pdf\贾倩倩、北航富羽无人机（深圳）有限公司劳动争议民事一审民事裁定书(FBMCLI.C.405085210).pdf,https://www.pkulaw.com/pfnl/95b2ca8d4055fce1540bf6008de69d0f6a9679d2b52,引证码FBMCLI.C.405085210｜司法案例(单独管线)
621,pkulaw,案例,司法案例,赣州智航无人机有限公司、匡颖申请撤销仲裁裁决特别程序民事裁定书,,,,,,,否,pkulaw\raw_pdf\无人机司法案例pdf\无人机司法案例pdf\赣州智航无人机有限公司、匡颖申请撤销仲裁裁决特别程序民事裁定书(FBMCLI.C.108035044).pdf,https://www.pkulaw.com/pfnl/a6bdb3332ec0adc41a709961415465424cb5d55c68,引证码FBMCLI.C.108035044｜司法案例(单独管线)
622,pkulaw,案例,司法案例,赵某与富平县韦加无人机有限公司劳动合同纠纷一案,,,,,,,否,pkulaw\raw_pdf\无人机司法案例pdf\无人机司法案例pdf\赵某与富平县韦加无人机有限公司劳动合同纠纷一案(FBMCLI.C.109072876).pdf,https://www.pkulaw.com/pfnl/a6bdb3332ec0adc43591a0604e9fd88cfbae2113f8aa,引证码FBMCLI.C.109072876｜司法案例(单独管线)
623,pkulaw,案例,司法案例,赵烽、滁州鸿飞无人机科技有限公司等承揽合同纠纷民事一审民事判决书,,,,,,,否,pkulaw\raw_pdf\无人机司法案例pdf\无人机司法案例pdf\赵烽、滁州鸿飞无人机科技有限公司等承揽合同纠纷民事一审民事判决书(FBMCLI.C.502493248).pdf,https://www.pkulaw.com/pfnl/08df102e7c10f2061a3bbc14282970158685601b3b1,引证码FBMCLI.C.502493248｜司法案例(单独管线)
624,pkulaw,案例,司法案例,辽宁华翼无人机科技有限公司申请盘锦市兴隆台区农村经济局服务合同纠纷一案,,,,,,,否,pkulaw\raw_pdf\无人机司法案例pdf\无人机司法案例pdf\辽宁华翼无人机科技有限公司申请盘锦市兴隆台区农村经济局服务合同纠纷一案(FBMCLI.C.64996909).pdf,https://www.pkulaw.com/pfnl/a6bdb3332ec0adc45d3528c0b03cae87a58d9d5379,引证码FBMCLI.C.64996909｜司法案例(单独管线)
625,pkulaw,案例,司法案例,辽宁壮龙无人机科技有限公司买卖合同纠纷首次执行执行通知书,,,,,,,否,pkulaw\raw_pdf\无人机司法案例pdf\无人机司法案例pdf\辽宁壮龙无人机科技有限公司买卖合同纠纷首次执行执行通知书(FBMCLI.C.404579610).pdf,https://www.pkulaw.com/pfnl/95b2ca8d4055fce12ef037dbdbaf0eea19ee55fd70a1,引证码FBMCLI.C.404579610｜司法案例(单独管线)
626,pkulaw,案例,司法案例,辽宁壮龙无人机科技有限公司民事首次执行执行裁定书,,,,,,,否,pkulaw\raw_pdf\无人机司法案例pdf\无人机司法案例pdf\辽宁壮龙无人机科技有限公司民事首次执行执行裁定书(FBMCLI.C.418356428).pdf,https://www.pkulaw.com/pfnl/95b2ca8d4055fce103272a1ff59a21b1139f6c573577,引证码FBMCLI.C.418356428｜司法案例(单独管线)
627,pkulaw,案例,司法案例,辽宁泓锐智能科技工程有限公司与辽宁翼虹翔飞无人机科技有限公司买卖合同纠纷一审民事裁定书,,,,,,,否,pkulaw\raw_pdf\无人机司法案例pdf\无人机司法案例pdf\辽宁泓锐智能科技工程有限公司与辽宁翼虹翔飞无人机科技有限公司买卖合同纠纷一审民事裁定书(FBMCLI.C.503761246).pdf,https://www.pkulaw.com/pfnl/08df102e7c10f20612dee79cb6cfe6b11b81a2ef9b73,引证码FBMCLI.C.503761246｜司法案例(单独管线)
628,pkulaw,案例,司法案例,辽宁瑞翔通用航空有限公司、辽宁壮龙无人机科技有限公司服务合同纠纷民事一审民事裁定书,,,,,,,否,pkulaw\raw_pdf\无人机司法案例pdf\无人机司法案例pdf\辽宁瑞翔通用航空有限公司、辽宁壮龙无人机科技有限公司服务合同纠纷民事一审民事裁定书(FBMCLI.C.411173805).pdf,https://www.pkulaw.com/pfnl/95b2ca8d4055fce197f95ee984464a1bb3604d23c9e,引证码FBMCLI.C.411173805｜司法案例(单独管线)
629,pkulaw,案例,司法案例,辽宁鹏飞通用航空有限公司与辽宁壮龙无人机科技有限公司买卖合同纠纷,,,,,,,否,pkulaw\raw_pdf\无人机司法案例pdf\无人机司法案例pdf\辽宁鹏飞通用航空有限公司与辽宁壮龙无人机科技有限公司买卖合同纠纷(FBMCLI.C.313332509).pdf,https://www.pkulaw.com/pfnl/c05aeed05a57db0a560fc35936285a9c401d9d9fb07,引证码FBMCLI.C.313332509｜司法案例(单独管线)
630,pkulaw,案例,司法案例,逊克北方建筑投资有限公司、逊克翱龙无人机科技有限公司借款合同纠纷首次执行执行裁定书,,,,,,,否,pkulaw\raw_pdf\无人机司法案例pdf\无人机司法案例pdf\逊克北方建筑投资有限公司、逊克翱龙无人机科技有限公司借款合同纠纷首次执行执行裁定书(FBMCLI.C.555516536).pdf,https://www.pkulaw.com/pfnl/08df102e7c10f2065e9787871ab5cabc99a6d1f8fb2e,引证码FBMCLI.C.555516536｜司法案例(单独管线)
631,pkulaw,案例,司法案例,逊克县杜家图文工作室、逊克翱龙无人机科技有限公司承揽合同纠纷首次执行执行裁定书,,,,,,,否,pkulaw\raw_pdf\无人机司法案例pdf\无人机司法案例pdf\逊克县杜家图文工作室、逊克翱龙无人机科技有限公司承揽合同纠纷首次执行执行裁定书(FBMCLI.C.553269720).pdf,https://www.pkulaw.com/pfnl/08df102e7c10f206ca2b5d525e2076db07896401577,引证码FBMCLI.C.553269720｜司法案例(单独管线)
632,pkulaw,案例,司法案例,逊克翱龙无人机科技有限公司、张亮亮劳务合同纠纷二审民事判决书,,,,,,,否,pkulaw\raw_pdf\无人机司法案例pdf\无人机司法案例pdf\逊克翱龙无人机科技有限公司、张亮亮劳务合同纠纷二审民事判决书(FBMCLI.C.304973715).pdf,https://www.pkulaw.com/pfnl/c05aeed05a57db0a2610b937b7bf1235a1b342ebadf,引证码FBMCLI.C.304973715｜司法案例(单独管线)
633,pkulaw,案例,司法案例,逊克翱龙无人机科技有限公司、杨兴武劳务合同纠纷二审民事判决书,,,,,,,否,pkulaw\raw_pdf\无人机司法案例pdf\无人机司法案例pdf\逊克翱龙无人机科技有限公司、杨兴武劳务合同纠纷二审民事判决书(FBMCLI.C.304973713).pdf,https://www.pkulaw.com/pfnl/c05aeed05a57db0a551d70e313375b7600116b4b6d,引证码FBMCLI.C.304973713｜司法案例(单独管线)
634,pkulaw,案例,司法案例,逊克翱龙无人机科技有限公司、梁伟劳务合同纠纷二审民事判决书,,,,,,,否,pkulaw\raw_pdf\无人机司法案例pdf\无人机司法案例pdf\逊克翱龙无人机科技有限公司、梁伟劳务合同纠纷二审民事判决书(FBMCLI.C.304973704).pdf,https://www.pkulaw.com/pfnl/c05aeed05a57db0a7ea733ec18d15009eeab69d318,引证码FBMCLI.C.304973704｜司法案例(单独管线)
635,pkulaw,案例,司法案例,邱会宁与汉来无人机学院（深圳）有限公司著作权权属、侵权纠纷一审民事裁定书,,,,,,,否,pkulaw\raw_pdf\无人机司法案例pdf\无人机司法案例pdf\邱会宁与汉来无人机学院（深圳）有限公司著作权权属、侵权纠纷一审民事裁定书(FBMCLI.C.409762008).pdf,https://www.pkulaw.com/pfnl/95b2ca8d4055fce1e100db45494757e99def90b5d30,引证码FBMCLI.C.409762008｜司法案例(单独管线)
636,pkulaw,案例,司法案例,邹俭利、山东东行无人机有限公司买卖合同纠纷执行实施类执行裁定书,,,,,,,否,pkulaw\raw_pdf\无人机司法案例pdf\无人机司法案例pdf\邹俭利、山东东行无人机有限公司买卖合同纠纷执行实施类执行裁定书(FBMCLI.C.99224557).pdf,https://www.pkulaw.com/pfnl/a6bdb3332ec0adc439e1c02e96ab16c87f737468785,引证码FBMCLI.C.99224557｜司法案例(单独管线)
637,pkulaw,案例,司法案例,邹俭利与山东东行无人机有限公司合同纠纷一审民事判决书,,,,,,,否,pkulaw\raw_pdf\无人机司法案例pdf\无人机司法案例pdf\邹俭利与山东东行无人机有限公司合同纠纷一审民事判决书(FBMCLI.C.84461848).pdf,https://www.pkulaw.com/pfnl/a6bdb3332ec0adc4cf878bbcaf6e65c147af2a483c76,引证码FBMCLI.C.84461848｜司法案例(单独管线)
638,pkulaw,案例,司法案例,邹某某与青岛某某无人机科技有限公司、夏某某服务合同纠纷一审民事裁定书,,,,,,,否,pkulaw\raw_pdf\无人机司法案例pdf\无人机司法案例pdf\邹某某与青岛某某无人机科技有限公司、夏某某服务合同纠纷一审民事裁定书(FBMCLI.C.54850823).pdf,https://www.pkulaw.com/pfnl/a25051f3312b07f3f2b0fdb937f8d6ba901141b9b09d,引证码FBMCLI.C.54850823｜司法案例(单独管线)
639,pkulaw,案例,司法案例,郏一博;杜才中;商丘豫商睢飞无人机科技腾讯公司上蔡县分公司教育培训合同纠纷一审民事裁定书,,,,,,,否,pkulaw\raw_pdf\无人机司法案例pdf\无人机司法案例pdf\郏一博;杜才中;商丘豫商睢飞无人机科技腾讯公司上蔡县分公司教育培训合同纠纷一审民事裁定书(FBMCLI.C.576572777).pdf,https://www.pkulaw.com/pfnl/c7ed112b8012f8167bf725db799dc963bd01d8bab3d,引证码FBMCLI.C.576572777｜司法案例(单独管线)
640,pkulaw,案例,司法案例,郑岩与南阳天之鹰无人机科技有限公司、王佑科买卖合同纠纷一审民事裁定书,,,,,,,否,pkulaw\raw_pdf\无人机司法案例pdf\无人机司法案例pdf\郑岩与南阳天之鹰无人机科技有限公司、王佑科买卖合同纠纷一审民事裁定书(FBMCLI.C.86575599).pdf,https://www.pkulaw.com/pfnl/a6bdb3332ec0adc4844b0894cfccbfdeebcb4264df95,引证码FBMCLI.C.86575599｜司法案例(单独管线)
641,pkulaw,案例,司法案例,郝传龙与密山市鸿诚无人机销售中心买卖合同纠纷上诉案,,,,,,,否,pkulaw\raw_pdf\无人机司法案例pdf\无人机司法案例pdf\郝传龙与密山市鸿诚无人机销售中心买卖合同纠纷上诉案(FBMCLI.C.502762239).pdf,https://www.pkulaw.com/pfnl/08df102e7c10f20611a33f857853c142fc8ca3a15677,引证码FBMCLI.C.502762239｜司法案例(单独管线)
642,pkulaw,案例,司法案例,"重庆兰某无人机技术有限公司与李某,王某委托合同纠纷执行裁定书",,,,,,,否,"pkulaw\raw_pdf\无人机司法案例pdf\无人机司法案例pdf\重庆兰某无人机技术有限公司与李某,王某委托合同纠纷执行裁定书(FBMCLI.C.550201404).pdf",https://www.pkulaw.com/pfnl/08df102e7c10f2063a7dd651c3736c00d5e0f0df1d26,引证码FBMCLI.C.550201404｜司法案例(单独管线)
643,pkulaw,案例,司法案例,重庆某无人机科技有限公司与某航空科技有限公司买卖合同纠纷一审民事裁定书,,,,,,,否,pkulaw\raw_pdf\无人机司法案例pdf\无人机司法案例pdf\重庆某无人机科技有限公司与某航空科技有限公司买卖合同纠纷一审民事裁定书(FBMCLI.C.560570505).pdf,https://www.pkulaw.com/pfnl/08df102e7c10f206abe568ffa3593f94d24cf8146f260f,引证码FBMCLI.C.560570505｜司法案例(单独管线)
644,pkulaw,案例,司法案例,重庆某某无人机技术有限公司与李某，王某委托合同纠纷执行裁定书,,,,,,,否,pkulaw\raw_pdf\无人机司法案例pdf\无人机司法案例pdf\重庆某某无人机技术有限公司与李某，王某委托合同纠纷执行裁定书(FBMCLI.C.556323141).pdf,https://www.pkulaw.com/pfnl/08df102e7c10f2065d1b931bb9f4ae5609f0b2b46e38,引证码FBMCLI.C.556323141｜司法案例(单独管线)
645,pkulaw,案例,司法案例,钱可峰与洛克希德（武汉）无人机科学研究院有限公司劳动争议执行裁定书,,,,,,,否,pkulaw\raw_pdf\无人机司法案例pdf\无人机司法案例pdf\钱可峰与洛克希德（武汉）无人机科学研究院有限公司劳动争议执行裁定书(FBMCLI.C.62422219).pdf,https://www.pkulaw.com/pfnl/a25051f3312b07f38d0d8ad2324c00f8a6784ecf8754,引证码FBMCLI.C.62422219｜司法案例(单独管线)
646,pkulaw,案例,司法案例,长沙无源定位工程技术研究院与湖南中斯航迹无人机科技有限公司等民间借贷纠纷民事裁定书,,,,,,,否,pkulaw\raw_pdf\无人机司法案例pdf\无人机司法案例pdf\长沙无源定位工程技术研究院与湖南中斯航迹无人机科技有限公司等民间借贷纠纷民事裁定书(FBMCLI.C.102863735).pdf,https://www.pkulaw.com/pfnl/a6bdb3332ec0adc43d482aae8890a90cf6bcf71a588,引证码FBMCLI.C.102863735｜司法案例(单独管线)
647,pkulaw,案例,司法案例,长甲无人机科技（上海）有限公司与重庆麦高广告有限公司服务合同纠纷一审民事裁定书,,,,,,,否,pkulaw\raw_pdf\无人机司法案例pdf\无人机司法案例pdf\长甲无人机科技（上海）有限公司与重庆麦高广告有限公司服务合同纠纷一审民事裁定书(FBMCLI.C.503292875).pdf,https://www.pkulaw.com/pfnl/08df102e7c10f20608c069713bce3de57ea5c59af7e5,引证码FBMCLI.C.503292875｜司法案例(单独管线)
648,pkulaw,案例,司法案例,陀荣鑫、深圳智航无人机有限公司劳动争议执行实施类执行裁定书,,,,,,,否,pkulaw\raw_pdf\无人机司法案例pdf\无人机司法案例pdf\陀荣鑫、深圳智航无人机有限公司劳动争议执行实施类执行裁定书(FBMCLI.C.120763842).pdf,https://www.pkulaw.com/pfnl/a6bdb3332ec0adc44d2e595c092fe6ec5bda99bf6da,引证码FBMCLI.C.120763842｜司法案例(单独管线)
649,pkulaw,案例,司法案例,陈伟珍、北航富羽无人机（深圳）有限公司劳动争议首次执行执行裁定书,,,,,,,否,pkulaw\raw_pdf\无人机司法案例pdf\无人机司法案例pdf\陈伟珍、北航富羽无人机（深圳）有限公司劳动争议首次执行执行裁定书(FBMCLI.C.501237721).pdf,https://www.pkulaw.com/pfnl/08df102e7c10f2069d9b75b3a4daa8eb6d33a0b85ab,引证码FBMCLI.C.501237721｜司法案例(单独管线)
650,pkulaw,案例,司法案例,陈振宇、深圳中科大智航空技术有限公司、深圳华越无人机技术有限公司其他案由执行实施类执行裁定书,,,,,,,否,pkulaw\raw_pdf\无人机司法案例pdf\无人机司法案例pdf\陈振宇、深圳中科大智航空技术有限公司、深圳华越无人机技术有限公司其他案由执行实施类执行裁定书(FBMCLI.C.72903954).pdf,https://www.pkulaw.com/pfnl/a6bdb3332ec0adc4c1b4651d5c19167b549435f6860,引证码FBMCLI.C.72903954｜司法案例(单独管线)
651,pkulaw,案例,司法案例,陈文敏与广东澄星无人机股份有限公司、陈加华民间借贷纠纷一审民事判决书,,,,,,,否,pkulaw\raw_pdf\无人机司法案例pdf\无人机司法案例pdf\陈文敏与广东澄星无人机股份有限公司、陈加华民间借贷纠纷一审民事判决书(FBMCLI.C.86548799).pdf,https://www.pkulaw.com/pfnl/a6bdb3332ec0adc4a445aaf8c6a4bd40c8eb5d78c4c,引证码FBMCLI.C.86548799｜司法案例(单独管线)
652,pkulaw,案例,司法案例,陈明非与辽宁大壮无人机科技有限公司追索劳动报酬纠纷二审裁定书,,,,,,,否,pkulaw\raw_pdf\无人机司法案例pdf\无人机司法案例pdf\陈明非与辽宁大壮无人机科技有限公司追索劳动报酬纠纷二审裁定书(FBMCLI.C.502923320).pdf,https://www.pkulaw.com/pfnl/08df102e7c10f2066d1dcd8663a67b44b2ec9161530,引证码FBMCLI.C.502923320｜司法案例(单独管线)
653,pkulaw,案例,司法案例,陈某与圆圆公司网络购物合同纠纷案——无人机撞树枝丢失商家要赔吗， 法院：未遵守飞行安全指引 物损符合免责声明条款,,,,,,,否,pkulaw\raw_pdf\无人机司法案例pdf\无人机司法案例pdf\陈某与圆圆公司网络购物合同纠纷案——无人机撞树枝丢失商家要赔吗， 法院：未遵守飞行安全指引 物损符合免责声明条款(FBMCLI.C.545823012).pdf,https://www.pkulaw.com/pfnl/08df102e7c10f206f1d2b019be3c192d756b55be271,引证码FBMCLI.C.545823012｜司法案例(单独管线)
654,pkulaw,案例,司法案例,陈海丹与广东澄星无人机股份有限公司买卖合同纠纷一审民事判决书,,,,,,,否,pkulaw\raw_pdf\无人机司法案例pdf\无人机司法案例pdf\陈海丹与广东澄星无人机股份有限公司买卖合同纠纷一审民事判决书(FBMCLI.C.74316647).pdf,https://www.pkulaw.com/pfnl/a6bdb3332ec0adc4c0118c7d1263b231fa2d0b591c5,引证码FBMCLI.C.74316647｜司法案例(单独管线)
655,pkulaw,案例,司法案例,陈申与洛克希勒（武汉）无人机科学研究院有限公司劳动争议执行裁定书,,,,,,,否,pkulaw\raw_pdf\无人机司法案例pdf\无人机司法案例pdf\陈申与洛克希勒（武汉）无人机科学研究院有限公司劳动争议执行裁定书(FBMCLI.C.61217663).pdf,https://www.pkulaw.com/pfnl/a25051f3312b07f3e34380868c253d394146bfaefcd5,引证码FBMCLI.C.61217663｜司法案例(单独管线)
656,pkulaw,案例,司法案例,陈荣荣与洛克希德（武汉）无人机科学研究院有限公司租赁合同纠纷执行裁定书,,,,,,,否,pkulaw\raw_pdf\无人机司法案例pdf\无人机司法案例pdf\陈荣荣与洛克希德（武汉）无人机科学研究院有限公司租赁合同纠纷执行裁定书(FBMCLI.C.62726026).pdf,https://www.pkulaw.com/pfnl/a25051f3312b07f318e934d828d65c7269c24439e84,引证码FBMCLI.C.62726026｜司法案例(单独管线)
657,pkulaw,案例,司法案例,陈辉晶、深圳智航无人机有限公司劳动争议执行实施类执行裁定书,,,,,,,否,pkulaw\raw_pdf\无人机司法案例pdf\无人机司法案例pdf\陈辉晶、深圳智航无人机有限公司劳动争议执行实施类执行裁定书(FBMCLI.C.92533595).pdf,https://www.pkulaw.com/pfnl/a6bdb3332ec0adc4e522ab22af70b043518640d48d3,引证码FBMCLI.C.92533595｜司法案例(单独管线)
658,pkulaw,案例,司法案例,陈魁、四川天宇智航无人机科技有限公司劳动争议执行实施类执行裁定书,,,,,,,否,pkulaw\raw_pdf\无人机司法案例pdf\无人机司法案例pdf\陈魁、四川天宇智航无人机科技有限公司劳动争议执行实施类执行裁定书(FBMCLI.C.319874644).pdf,https://www.pkulaw.com/pfnl/c05aeed05a57db0abd383bfc07cf115b760b0eb19f39,引证码FBMCLI.C.319874644｜司法案例(单独管线)
659,pkulaw,案例,司法案例,陈魁、四川天宇智航无人机科技有限公司劳动争议首次执行执行裁定书,,,,,,,否,pkulaw\raw_pdf\无人机司法案例pdf\无人机司法案例pdf\陈魁、四川天宇智航无人机科技有限公司劳动争议首次执行执行裁定书(FBMCLI.C.408072271).pdf,https://www.pkulaw.com/pfnl/95b2ca8d4055fce1bd9fb0e5bc19de895d74bd7c5cae,引证码FBMCLI.C.408072271｜司法案例(单独管线)
660,pkulaw,案例,司法案例,陕西某某安全科技有限公司;庆阳市某某某无人机科技服务有限公司服务合同纠纷一审民事判决书,,,,,,,否,pkulaw\raw_pdf\无人机司法案例pdf\无人机司法案例pdf\陕西某某安全科技有限公司;庆阳市某某某无人机科技服务有限公司服务合同纠纷一审民事判决书(FBMCLI.C.576594535).pdf,https://www.pkulaw.com/pfnl/c7ed112b8012f816c4690aee813613b17c25e15d9bf,引证码FBMCLI.C.576594535｜司法案例(单独管线)
661,pkulaw,案例,司法案例,陕西省高级人民法院发布10件服务保障新质生产力发展典型案例之二：中某飞机公司诉西安某电子科技公司侵害计算机软件著作权纠...,,,,,,,否,pkulaw\raw_pdf\无人机司法案例pdf\无人机司法案例pdf\陕西省高级人民法院发布10件服务保障新质生产力发展典型案例之二：中某飞机公司诉西安某电子科技公司侵害计算机软件著作权纠...(FBMCLI.C.576200134).pdf,https://www.pkulaw.com/pfnl/c7ed112b8012f816b03f614deff55c7be25f14e43e3d,引证码FBMCLI.C.576200134｜司法案例(单独管线)
662,pkulaw,案例,司法案例,雷莫电子（上海）有限公司与北京韦加无人机科技股份有限公司买卖合同纠纷民事裁定书,,,,,,,否,pkulaw\raw_pdf\无人机司法案例pdf\无人机司法案例pdf\雷莫电子（上海）有限公司与北京韦加无人机科技股份有限公司买卖合同纠纷民事裁定书(FBMCLI.C.78195323).pdf,https://www.pkulaw.com/pfnl/a6bdb3332ec0adc4c45a95aa86bb3b2f18bca182030,引证码FBMCLI.C.78195323｜司法案例(单独管线)
663,pkulaw,案例,司法案例,雷莫电子（上海）有限公司与北京韦加无人机科技股份有限公司买卖合同纠纷民事调解书,,,,,,,否,pkulaw\raw_pdf\无人机司法案例pdf\无人机司法案例pdf\雷莫电子（上海）有限公司与北京韦加无人机科技股份有限公司买卖合同纠纷民事调解书(FBMCLI.C.78144748).pdf,https://www.pkulaw.com/pfnl/a6bdb3332ec0adc47be9f0ffc932141b9f47b91a3ad1,引证码FBMCLI.C.78144748｜司法案例(单独管线)
664,pkulaw,案例,司法案例,霍城县金裕农种植专业合作社与新疆猎鹰无人机科技有限公司合同、无因管理、不当得利执行实施类执行裁定书,,,,,,,否,pkulaw\raw_pdf\无人机司法案例pdf\无人机司法案例pdf\霍城县金裕农种植专业合作社与新疆猎鹰无人机科技有限公司合同、无因管理、不当得利执行实施类执行裁定书(FBMCLI.C.87522145).pdf,https://www.pkulaw.com/pfnl/a6bdb3332ec0adc4dd4d7e33efeb301ee5bb85b0ece,引证码FBMCLI.C.87522145｜司法案例(单独管线)
665,pkulaw,案例,司法案例,青岛宏远志际无人机科技有限公司;孙凤超;李天宇;闫晓梅;袁珍珍劳动争议执行实施执行裁定书,,,,,,,否,pkulaw\raw_pdf\无人机司法案例pdf\无人机司法案例pdf\青岛宏远志际无人机科技有限公司;孙凤超;李天宇;闫晓梅;袁珍珍劳动争议执行实施执行裁定书(FBMCLI.C.569758942).pdf,https://www.pkulaw.com/pfnl/c7ed112b8012f8162b97581975b53eedcaca24c5f8e,引证码FBMCLI.C.569758942｜司法案例(单独管线)
666,pkulaw,案例,司法案例,青海云天无人机科技有限公司与文秀兰房屋租赁合同纠纷一审民事裁定书,,,,,,,否,pkulaw\raw_pdf\无人机司法案例pdf\无人机司法案例pdf\青海云天无人机科技有限公司与文秀兰房屋租赁合同纠纷一审民事裁定书(FBMCLI.C.312981150).pdf,https://www.pkulaw.com/pfnl/c05aeed05a57db0a150e2c1eec76c982d64354b81af,引证码FBMCLI.C.312981150｜司法案例(单独管线)
667,pkulaw,案例,司法案例,青海超脑信息科技有限公司诉武汉智能鸟无人机有限公司买卖合同纠纷案,,,,,,,否,pkulaw\raw_pdf\无人机司法案例pdf\无人机司法案例pdf\青海超脑信息科技有限公司诉武汉智能鸟无人机有限公司买卖合同纠纷案(FBMCLI.C.51796769).pdf,https://www.pkulaw.com/pfnl/a25051f3312b07f35f62db65363fbdd18f95a230cd71,引证码FBMCLI.C.51796769｜司法案例(单独管线)
668,pkulaw,案例,司法案例,青海超脑信息科技有限责任公司与武汉智能鸟无人机有限公司一般买卖合同纠纷一审民事裁定书,,,,,,,否,pkulaw\raw_pdf\无人机司法案例pdf\无人机司法案例pdf\青海超脑信息科技有限责任公司与武汉智能鸟无人机有限公司一般买卖合同纠纷一审民事裁定书(FBMCLI.C.60226459).pdf,https://www.pkulaw.com/pfnl/a25051f3312b07f3e76092c3e9d14906ec9b25cc728,引证码FBMCLI.C.60226459｜司法案例(单独管线)
669,pkulaw,案例,司法案例,韩国飞;淄博飞控智循无人机科技有限公司修理合同纠纷一审民事判决书,,,,,,,否,pkulaw\raw_pdf\无人机司法案例pdf\无人机司法案例pdf\韩国飞;淄博飞控智循无人机科技有限公司修理合同纠纷一审民事判决书(FBMCLI.C.573797593).pdf,https://www.pkulaw.com/pfnl/c7ed112b8012f816c3dab86061ca9ff3d93c920c1a12,引证码FBMCLI.C.573797593｜司法案例(单独管线)
670,pkulaw,案例,司法案例,首欣（北京）科技有限公司与北京韦加无人机科技股份有限公司买卖合同纠纷二审民事判决书,,,,,,,否,pkulaw\raw_pdf\无人机司法案例pdf\无人机司法案例pdf\首欣（北京）科技有限公司与北京韦加无人机科技股份有限公司买卖合同纠纷二审民事判决书(FBMCLI.C.89287796).pdf,https://www.pkulaw.com/pfnl/a6bdb3332ec0adc415927e941cd5fb4aaa732c0cd3fa,引证码FBMCLI.C.89287796｜司法案例(单独管线)
671,pkulaw,案例,司法案例,马宇航、西安通飞无人机服务有限公司劳动争议首次执行执行通知书,,,,,,,否,pkulaw\raw_pdf\无人机司法案例pdf\无人机司法案例pdf\马宇航、西安通飞无人机服务有限公司劳动争议首次执行执行通知书(FBMCLI.C.430214943).pdf,https://www.pkulaw.com/pfnl/95b2ca8d4055fce123148cc7fb5a4d4f699c2e03213e,引证码FBMCLI.C.430214943｜司法案例(单独管线)
672,pkulaw,案例,司法案例,马立旗、湖北小黄鸟无人机科技有限公司劳务合同纠纷执行实施类执行裁定书,,,,,,,否,pkulaw\raw_pdf\无人机司法案例pdf\无人机司法案例pdf\马立旗、湖北小黄鸟无人机科技有限公司劳务合同纠纷执行实施类执行裁定书(FBMCLI.C.101521307).pdf,https://www.pkulaw.com/pfnl/a6bdb3332ec0adc41e3e300069e7f7a9bf9f0e315eac,引证码FBMCLI.C.101521307｜司法案例(单独管线)
673,pkulaw,案例,司法案例,马立旗与湖北小黄鸟无人机科技有限公司劳务合同纠纷一审民事判决书,,,,,,,否,pkulaw\raw_pdf\无人机司法案例pdf\无人机司法案例pdf\马立旗与湖北小黄鸟无人机科技有限公司劳务合同纠纷一审民事判决书(FBMCLI.C.76779003).pdf,https://www.pkulaw.com/pfnl/a6bdb3332ec0adc4d5e732aeaa7f2e7de66bf56cc9ad,引证码FBMCLI.C.76779003｜司法案例(单独管线)
674,pkulaw,案例,司法案例,高某、刘某提供侵入计算机信息系统程序案——提供破解无人机限制服务 法院：构成提供侵入计算机信息系统程序罪,,,,,,,否,pkulaw\raw_pdf\无人机司法案例pdf\无人机司法案例pdf\高某、刘某提供侵入计算机信息系统程序案——提供破解无人机限制服务 法院：构成提供侵入计算机信息系统程序罪(FBMCLI.C.545541514).pdf,https://www.pkulaw.com/pfnl/08df102e7c10f2061527c45e968b6471b46a4cbec8c,引证码FBMCLI.C.545541514｜司法案例(单独管线)
675,pkulaw,案例,司法案例,高某等提供侵入、非法控制计算机信息系统程序、工具案——涉民用无人机类犯罪案件的风险防控及裁判规则,,,,,,,否,pkulaw\raw_pdf\无人机司法案例pdf\无人机司法案例pdf\高某等提供侵入、非法控制计算机信息系统程序、工具案——涉民用无人机类犯罪案件的风险防控及裁判规则(FBMCLI.C.565916023).pdf,https://www.pkulaw.com/pfnl/c7ed112b8012f816abc43b33fdbb1764aa376da315f8,引证码FBMCLI.C.565916023｜司法案例(单独管线)
676,pkulaw,案例,司法案例,黄凌霄与德奥无人机运营服务有限公司劳动争议执行裁定书,,,,,,,否,pkulaw\raw_pdf\无人机司法案例pdf\无人机司法案例pdf\黄凌霄与德奥无人机运营服务有限公司劳动争议执行裁定书(FBMCLI.C.92979052).pdf,https://www.pkulaw.com/pfnl/a6bdb3332ec0adc4fd0e521285b7357ad1036cd0d49,引证码FBMCLI.C.92979052｜司法案例(单独管线)
677,pkulaw,案例,司法案例,"黄添诚与曾艳,程锁,深圳市飞客无人机科技有限公司合同纠纷一审民事调解书",,,,,,,否,"pkulaw\raw_pdf\无人机司法案例pdf\无人机司法案例pdf\黄添诚与曾艳,程锁,深圳市飞客无人机科技有限公司合同纠纷一审民事调解书(FBMCLI.C.108127847).pdf",https://www.pkulaw.com/pfnl/a6bdb3332ec0adc4f7ca92d8c0ae4dd047d16416855,引证码FBMCLI.C.108127847｜司法案例(单独管线)
678,pkulaw,案例,司法案例,黄茶花与新疆辽飞无人机科技有限公司劳动争议仲裁裁决案执行裁定书,,,,,,,否,pkulaw\raw_pdf\无人机司法案例pdf\无人机司法案例pdf\黄茶花与新疆辽飞无人机科技有限公司劳动争议仲裁裁决案执行裁定书(FBMCLI.C.121070648).pdf,https://www.pkulaw.com/pfnl/a6bdb3332ec0adc4ca1188f4925ee46556ebeffca742,引证码FBMCLI.C.121070648｜司法案例(单独管线)
679,pkulaw,案例,司法案例,"黄赛,蒙城县庄子进出口贸易有限公司,蒙城县黄赛无人机有限公司,广东黄赛航空科技有限公司执行实施类执行通知书",,,,,,,否,"pkulaw\raw_pdf\无人机司法案例pdf\无人机司法案例pdf\黄赛,蒙城县庄子进出口贸易有限公司,蒙城县黄赛无人机有限公司,广东黄赛航空科技有限公司执行实施类执行通知书(FBMCLI.C.314403770).pdf",https://www.pkulaw.com/pfnl/c05aeed05a57db0aa95b417c16cca8e4c563c0b50b0,引证码FBMCLI.C.314403770｜司法案例(单独管线)
680,pkulaw,案例,司法案例,"黄赛,蒙城县庄子进出口贸易有限公司,蒙城县黄赛无人机有限公司,广州黄赛航空科技有限公司执行实施类执行通知书",,,,,,,否,"pkulaw\raw_pdf\无人机司法案例pdf\无人机司法案例pdf\黄赛,蒙城县庄子进出口贸易有限公司,蒙城县黄赛无人机有限公司,广州黄赛航空科技有限公司执行实施类执行通知书(FBMCLI.C.311377205).pdf",https://www.pkulaw.com/pfnl/c05aeed05a57db0a6b76ba955f7d502a6f0d05bd681,引证码FBMCLI.C.311377205｜司法案例(单独管线)
681,pkulaw,案例,司法案例,黄邦杰;青岛骁龙无人机科技有限公司买卖合同纠纷一审民事裁定书,,,,,,,否,pkulaw\raw_pdf\无人机司法案例pdf\无人机司法案例pdf\黄邦杰;青岛骁龙无人机科技有限公司买卖合同纠纷一审民事裁定书(FBMCLI.C.569196666).pdf,https://www.pkulaw.com/pfnl/c7ed112b8012f81667fd4b85c626d913ffb8dd4fd5a8,引证码FBMCLI.C.569196666｜司法案例(单独管线)
682,pkulaw,案例,司法案例,黎华英与桂林精纳无人机科技有限公司劳动争议一审民事判决书,,,,,,,否,pkulaw\raw_pdf\无人机司法案例pdf\无人机司法案例pdf\黎华英与桂林精纳无人机科技有限公司劳动争议一审民事判决书(FBMCLI.C.314312509).pdf,https://www.pkulaw.com/pfnl/c05aeed05a57db0abbbadaf85f6f5b67db14f7fbde62f,引证码FBMCLI.C.314312509｜司法案例(单独管线)
683,pkulaw,案例,司法案例,黎文斌、全球鹰（深圳）无人机有限公司劳动争议执行实施类执行裁定书,,,,,,,否,pkulaw\raw_pdf\无人机司法案例pdf\无人机司法案例pdf\黎文斌、全球鹰（深圳）无人机有限公司劳动争议执行实施类执行裁定书(FBMCLI.C.307978165).pdf,https://www.pkulaw.com/pfnl/c05aeed05a57db0a350d377cf3ee1915a5bfc354443,引证码FBMCLI.C.307978165｜司法案例(单独管线)
684,pkulaw,案例,司法案例,黎文斌与全球鹰（深圳）无人机有限公司服务合同纠纷一审查封、冻结、扣押财产通知书,,,,,,,否,pkulaw\raw_pdf\无人机司法案例pdf\无人机司法案例pdf\黎文斌与全球鹰（深圳）无人机有限公司服务合同纠纷一审查封、冻结、扣押财产通知书(FBMCLI.C.115784588).pdf,https://www.pkulaw.com/pfnl/a6bdb3332ec0adc406a3b307a3bad7865d8af9ae9cd,引证码FBMCLI.C.115784588｜司法案例(单独管线)
685,pkulaw,案例,司法案例,黎某斌与某鹰（深圳）无人机有限公司劳动合同纠纷一审民事判决书,,,,,,,否,pkulaw\raw_pdf\无人机司法案例pdf\无人机司法案例pdf\黎某斌与某鹰（深圳）无人机有限公司劳动合同纠纷一审民事判决书(FBMCLI.C.105194039).pdf,https://www.pkulaw.com/pfnl/a6bdb3332ec0adc4ae5ce32e20cdc00a0fdffaec78e2,引证码FBMCLI.C.105194039｜司法案例(单独管线)
686,pkulaw,案例,司法案例,黎某某与ｘｘ（深圳）无人机有限公司服务合同纠纷一审民事裁定书,,,,,,,否,pkulaw\raw_pdf\无人机司法案例pdf\无人机司法案例pdf\黎某某与ｘｘ（深圳）无人机有限公司服务合同纠纷一审民事裁定书(FBMCLI.C.115721470).pdf,https://www.pkulaw.com/pfnl/a6bdb3332ec0adc4ef3e88957deeb6d49cedff507841,引证码FBMCLI.C.115721470｜司法案例(单独管线)
687,pkulaw,案例,司法案例,黑龙江慈航农用无人机科技有限公司、杨威申请撤销仲裁裁决特别程序民事裁定书,,,,,,,否,pkulaw\raw_pdf\无人机司法案例pdf\无人机司法案例pdf\黑龙江慈航农用无人机科技有限公司、杨威申请撤销仲裁裁决特别程序民事裁定书(FBMCLI.C.311494642).pdf,https://www.pkulaw.com/pfnl/c05aeed05a57db0a148c00098e5de0b0b7dd953809,引证码FBMCLI.C.311494642｜司法案例(单独管线)
688,pkulaw,案例,司法案例,黑龙江慈航农用无人机科技有限公司、虎林市德盛农机有限公司合同纠纷民事二审民事判决书,,,,,,,否,pkulaw\raw_pdf\无人机司法案例pdf\无人机司法案例pdf\黑龙江慈航农用无人机科技有限公司、虎林市德盛农机有限公司合同纠纷民事二审民事判决书(FBMCLI.C.410486864).pdf,https://www.pkulaw.com/pfnl/95b2ca8d4055fce17bc3a2726d7226248ace8761097,引证码FBMCLI.C.410486864｜司法案例(单独管线)
689,pkulaw,案例,司法案例,黑龙江慈航农用无人机科技有限公司、那忠斌劳动争议首次执行执行通知书,,,,,,,否,pkulaw\raw_pdf\无人机司法案例pdf\无人机司法案例pdf\黑龙江慈航农用无人机科技有限公司、那忠斌劳动争议首次执行执行通知书(FBMCLI.C.405242768).pdf,https://www.pkulaw.com/pfnl/95b2ca8d4055fce137076d75b404d2d9cb5e44d4206,引证码FBMCLI.C.405242768｜司法案例(单独管线)
690,pkulaw,案例,司法案例,黑龙江慈航农用无人机科技有限公司、那忠斌申请撤销仲裁裁决特别程序民事裁定书,,,,,,,否,pkulaw\raw_pdf\无人机司法案例pdf\无人机司法案例pdf\黑龙江慈航农用无人机科技有限公司、那忠斌申请撤销仲裁裁决特别程序民事裁定书(FBMCLI.C.311494676).pdf,https://www.pkulaw.com/pfnl/c05aeed05a57db0a7af8aeb4369df89e962c4f205658,引证码FBMCLI.C.311494676｜司法案例(单独管线)
691,pkulaw,案例,司法案例,黑龙江省坤升市政工程有限公司萝北分公司;桦川县瑞飞无人机销售店租赁合同纠纷一审民事裁定书,,,,,,,否,pkulaw\raw_pdf\无人机司法案例pdf\无人机司法案例pdf\黑龙江省坤升市政工程有限公司萝北分公司;桦川县瑞飞无人机销售店租赁合同纠纷一审民事裁定书(FBMCLI.C.575595316).pdf,https://www.pkulaw.com/pfnl/c7ed112b8012f816969ad49d2d2a57e97c1a216bf27,引证码FBMCLI.C.575595316｜司法案例(单独管线)
692,pkulaw,案例,司法案例,黑龙江省牡丹江农垦龙辰植保无人机销售有限公司、孙凯申请支付令申请支付令审查民事令,,,,,,,否,pkulaw\raw_pdf\无人机司法案例pdf\无人机司法案例pdf\黑龙江省牡丹江农垦龙辰植保无人机销售有限公司、孙凯申请支付令申请支付令审查民事令(FBMCLI.C.419042631).pdf,https://www.pkulaw.com/pfnl/95b2ca8d4055fce16cb8aba8ea452d3a504d97c5581,引证码FBMCLI.C.419042631｜司法案例(单独管线)
693,pkulaw,案例,司法案例,齐维维与辽宁大壮无人机科技有限公司劳动争议一审民事裁定书,,,,,,,否,pkulaw\raw_pdf\无人机司法案例pdf\无人机司法案例pdf\齐维维与辽宁大壮无人机科技有限公司劳动争议一审民事裁定书(FBMCLI.C.503978555).pdf,https://www.pkulaw.com/pfnl/08df102e7c10f206e38cead1156eab8ffba0e9d73fe30,引证码FBMCLI.C.503978555｜司法案例(单独管线)
