序号,来源,类型,效力层级,标题,发布机关,文号,发布日期,施行日期,时效性/现行版本,适用范围,是否已入库,文件路径,来源URL,备注
1,dikongjie,地方法规,地方性法规,苏州市低空经济促进条例,江苏苏州,,2025-08-06,,有效,,否,raw\dikongjie_html\7845.html,https://dikongjie.com/7845.html,"[已入库(重复)] 库中已有,跳过用旧版｜56条"
2,dikongjie,地方规范性文件,规范性文件,秋季主要粮油作物植保无人飞机“一喷多促”技术指导意见,全国农技中心,,2025-07-25,,有效,,否,raw\dikongjie_html\7695.html,https://dikongjie.com/7695.html,"[建议剔除] 农技指导意见,非法规｜无第X条(按段chunk)"
3,dikongjie,地方规范性文件,地方规范性文件,苏州市低空经济系统标准体系建设指南,江苏苏州,,2024-11-20,,有效,,否,raw\dikongjie_html\4286.html,https://dikongjie.com/4286.html,"[建议剔除] 标准体系建设规划,非规范条文｜无第X条(按段chunk)"
4,dikongjie,地方规范性文件,地方政府规章/规范性文件,热门旅游国家，无人机飞行规定详解,地方,,2024-09-28,,有效,,否,raw\dikongjie_html\766.html,https://dikongjie.com/766.html,"[建议剔除] 科普资讯文,非法规｜无第X条(按段chunk)"
5,dikongjie,地方法规,地方性法规,深圳经济特区低空经济产业促进条例,深圳人大,,2024-01-25,,有效,,否,raw\dikongjie_html\128.html,https://dikongjie.com/128.html,"[已入库(重复)] 库中已有,跳过用旧版｜61条"
6,pkulaw,法规,地方工作文件,2025年度枣庄市发展和改革委员会关于对市十七届人大五次会议第16号代表建议的办理答复(关于加快发展枣庄低空经济的建议),枣庄市发展和改革委员会,,2025-05-28,2025-05-28,现行有效,,否,pkulaw\raw_pdf\低空经济\低空经济\2025年度枣庄市发展和改革委员会关于对市十七届人大五次会议第16号代表建议的办理答复(关于加快发展枣庄低空经济的建议)(FBMCLI.14.9469124).pdf,https://www.pkulaw.com/lar/9357a2ff1188398693f3c51df7bcf083bdfb.html,引证码FBMCLI.14.9469124｜未知位阶/无条文:地方工作文件
7,pkulaw,法规,地方工作文件,2025年度枣庄市发展和改革委员会关于对市十七届人大五次会议第85号代表建议的办理答复(关于推进枣庄市低空经济高质量发展的建议),枣庄市发展和改革委员会,,2025-05-28,2025-05-28,现行有效,,否,pkulaw\raw_pdf\低空经济\低空经济\2025年度枣庄市发展和改革委员会关于对市十七届人大五次会议第85号代表建议的办理答复(关于推进枣庄市低空经济高质量发展的建议)(FBMCLI.14.9469113).pdf,https://www.pkulaw.com/lar/4361892da7b45fa832f4f1266e826bd6bdfb.html,引证码FBMCLI.14.9469113｜未知位阶/无条文:地方工作文件
8,pkulaw,法规,地方工作文件,2025年度枣庄市发展和改革委员会关于对市政协十一届四次会议第114038号提案答复的函(关于抢抓“机遇之窗”推动低空经济高质...,枣庄市发展和改革委员会,,2025-09-28,2025-09-28,现行有效,,否,pkulaw\raw_pdf\低空经济\低空经济\2025年度枣庄市发展和改革委员会关于对市政协十一届四次会议第114038号提案答复的函(关于抢抓“机遇之窗”推动低空经济高质...(FBMCLI.14.9469686).pdf,https://www.pkulaw.com/lar/44d3ac18926dbb4d96727d59138377febdfb.html,引证码FBMCLI.14.9469686｜未知位阶/无条文:地方工作文件
9,pkulaw,法规,地方工作文件,2025年度枣庄市发展和改革委员会关于对市政协十一届四次会议第114089号提案答复的函(关于低空经济未来可期强市引擎助力飞天...,枣庄市发展和改革委员会,,2025-09-28,2025-09-28,现行有效,,否,pkulaw\raw_pdf\低空经济\低空经济\2025年度枣庄市发展和改革委员会关于对市政协十一届四次会议第114089号提案答复的函(关于低空经济未来可期强市引擎助力飞天...(FBMCLI.14.9469682).pdf,https://www.pkulaw.com/lar/54d3e8135d3db3b3fd988ba176b218e0bdfb.html,引证码FBMCLI.14.9469682｜未知位阶/无条文:地方工作文件
10,pkulaw,法规,地方工作文件,2025年度枣庄市发展和改革委员会关于对市政协十一届四次会议第114266号提案答复的函(关于加快布局我市“低空经济”的建议),枣庄市发展和改革委员会,,2025-09-28,2025-09-28,现行有效,,否,pkulaw\raw_pdf\低空经济\低空经济\2025年度枣庄市发展和改革委员会关于对市政协十一届四次会议第114266号提案答复的函(关于加快布局我市“低空经济”的建议)(FBMCLI.14.9469676).pdf,https://www.pkulaw.com/lar/1fafd5561cd22c25806ca3a564280926bdfb.html,引证码FBMCLI.14.9469676｜未知位阶/无条文:地方工作文件
11,pkulaw,法规,地方工作文件,2025年度枣庄市工业和信息化局关于对市政协十一届四次会议第114266号提案(关于加快布局我市“低空经济”的建议)的答复,枣庄市工业和信息化局,,2025-09-30,2025-09-30,现行有效,,否,pkulaw\raw_pdf\低空经济\低空经济\2025年度枣庄市工业和信息化局关于对市政协十一届四次会议第114266号提案(关于加快布局我市“低空经济”的建议)的答复(FBMCLI.14.9336697).pdf,https://www.pkulaw.com/lar/afb2ffe08fc2bcb567b7d06f135118f3bdfb.html,引证码FBMCLI.14.9336697｜未知位阶/无条文:地方工作文件
12,pkulaw,法规,地方工作文件,2026年度枣庄市人力资源和社会保障局关于市十七届人大六次会议第125号代表建议的答复(关于进一步完善全市低空经济产业扶持政...,枣庄市人力资源和社会保障局,,2026-05-22,2026-05-22,现行有效,,否,pkulaw\raw_pdf\低空经济\低空经济\2026年度枣庄市人力资源和社会保障局关于市十七届人大六次会议第125号代表建议的答复(关于进一步完善全市低空经济产业扶持政...(FBMCLI.14.9979070).pdf,https://www.pkulaw.com/lar/838ecd5228d5c6e8983b8091681466aebdfb.html,引证码FBMCLI.14.9979070｜未知位阶/无条文:地方工作文件
13,pkulaw,法规,设区的市地方性法规,《苏州市低空经济促进条例(草案)》征求意见公告,苏州市人大(含常委会),,2025-03-12,,,,否,pkulaw\raw_pdf\低空经济\低空经济\《苏州市低空经济促进条例(草案)》征求意见公告(FBMCLI.DL.42136).pdf,https://www.pkulaw.com/protocol/dadc8e7002ba4b53c0ee9c7d787d4c0bbdfb.htm,引证码FBMCLI.DL.42136｜有附件｜未知位阶/无条文:设区的市地方性法规
14,pkulaw,法规,,《重庆市推动低空经济高质量发展若干政策措施》政策解读,,,,,,,否,pkulaw\raw_pdf\低空经济\低空经济\《重庆市推动低空经济高质量发展若干政策措施》政策解读(FBMCLI.N.135224).pdf,https://www.pkulaw.com/news/e04728f596d3cc5ebdfb.html,引证码FBMCLI.N.135224｜未知位阶/无条文:空
15,pkulaw,法规,地方工作文件,上海市人力资源和社会保障局关于举办新质生产力赋能低空经济发展高级研修项目的通知,上海市人力资源和社会保障局,沪人社专〔2025〕107号,2025-04-22,2025-04-22,现行有效,,否,pkulaw\raw_pdf\低空经济\低空经济\上海市人力资源和社会保障局关于举办新质生产力赋能低空经济发展高级研修项目的通知(FBMCLI.14.8716599).pdf,https://www.pkulaw.com/lar/399cf5029734cab571090f3facf0cb16bdfb.html,引证码FBMCLI.14.8716599｜有附件｜未知位阶/无条文:地方工作文件
16,pkulaw,法规,地方工作文件,上海市人民政府办公厅关于印发《上海市低空经济产业高质量发展行动方案(2024―2027年)》的通知,上海市人民政府,沪府办发〔2024〕13号,2024-07-25,2024-07-25,现行有效,,否,pkulaw\raw_pdf\低空经济\低空经济\上海市人民政府办公厅关于印发《上海市低空经济产业高质量发展行动方案(2024―2027年)》的通知(FBMCLI.14.7708258).pdf,https://www.pkulaw.com/lar/6118e068e481bf360ecb16cfc9a3163fbdfb.html,引证码FBMCLI.14.7708258｜未知位阶/无条文:地方工作文件
17,pkulaw,法规,地方工作文件,上海市嘉定区人民政府办公室关于印发《嘉定区推动低空经济产业高质量发展行动方案》的通知,上海市嘉定区人民政府,嘉府办发〔2024〕27号,2024-12-20,2024-12-20,现行有效,,否,pkulaw\raw_pdf\低空经济\低空经济\上海市嘉定区人民政府办公室关于印发《嘉定区推动低空经济产业高质量发展行动方案》的通知(FBMCLI.14.8452124).pdf,https://www.pkulaw.com/lar/c53ad190b74b1775272763f811a3ac9abdfb.html,引证码FBMCLI.14.8452124｜未知位阶/无条文:地方工作文件
18,pkulaw,法规,地方工作文件,上海市市场监督管理局关于同意上海市低空经济标准化技术委员会组建方案的批复,上海市市场监督管理局,沪市监标准〔2026〕153号,2026-07-15,2026-07-15,现行有效,,否,pkulaw\raw_pdf\低空经济\低空经济\上海市市场监督管理局关于同意上海市低空经济标准化技术委员会组建方案的批复(FBMCLI.14.10124111).pdf,https://www.pkulaw.com/lar/b7353cd0965d1953a6676ba089f92554bdfb.html,引证码FBMCLI.14.10124111｜行政事务性通知(非规范文本)
19,pkulaw,法规,地方工作文件,上海市杨浦区人民政府关于印发《杨浦区促进低空经济发展的若干措施(试行)》的通知,上海市杨浦区人民政府,杨府发〔2024〕10号,2024-10-24,2024-10-24,现行有效,,否,pkulaw\raw_pdf\低空经济\低空经济\上海市杨浦区人民政府关于印发《杨浦区促进低空经济发展的若干措施(试行)》的通知(FBMCLI.14.7917686).pdf,https://www.pkulaw.com/lar/13bd8bde26a5c26181f63b6445ac2273bdfb.html,引证码FBMCLI.14.7917686｜未知位阶/无条文:地方工作文件
20,pkulaw,法规,地方工作文件,上海市经济信息化委关于征集上海市低空经济产业重点项目的通知,上海市经济和信息化委员会,沪经信装〔2024〕388号,2024-09-06,2024-09-06,现行有效,,否,pkulaw\raw_pdf\低空经济\低空经济\上海市经济信息化委关于征集上海市低空经济产业重点项目的通知(FBMCLI.14.7788613).pdf,https://www.pkulaw.com/lar/2c374f17d6a286f859e24a1995722c6bbdfb.html,引证码FBMCLI.14.7788613｜有附件｜行政事务性通知(非规范文本)
21,pkulaw,法规,地方规范性文件,上海市经济和信息化委员会、上海虹桥国际中央商务区管理委员会、上海市浦东新区人民政府、上海市长宁区人民政府、上海市闵行...,上海市经济和信息化委员会 上海虹桥商务区管理委员会 上海市浦东新区人民政府 上海市长宁区,沪经信装〔2025〕893号,2025-12-26,2025-12-26,现行有效,,否,pkulaw\raw_pdf\低空经济\低空经济\上海市经济和信息化委员会、上海虹桥国际中央商务区管理委员会、上海市浦东新区人民政府、上海市长宁区人民政府、上海市闵行...(FBMCLI.12.9599240).pdf,https://www.pkulaw.com/lar/373d287cfec1f164af6a964c52dfd8d4bdfb.html,引证码FBMCLI.12.9599240｜规范性文件但非结构化(通知/公告)
22,pkulaw,法规,地方工作文件,上海市青浦区人民政府办公室关于印发《青浦区低空经济产业高质量发展行动方案(2024—2027年》的通知,上海市青浦区人民政府,青府办发〔2024〕31号,2024-12-31,2024-12-31,现行有效,,否,pkulaw\raw_pdf\低空经济\低空经济\上海市青浦区人民政府办公室关于印发《青浦区低空经济产业高质量发展行动方案(2024—2027年》的通知(FBMCLI.14.8468575).pdf,https://www.pkulaw.com/lar/578501e61d1cb4753c85f95d9ccdd32cbdfb.html,引证码FBMCLI.14.8468575｜未知位阶/无条文:地方工作文件
23,pkulaw,法规,地方工作文件,东莞市人民政府办公室关于印发《东莞市推动低空经济高质量发展实施方案(2024―2026年)》的通知,东莞市人民政府,东府办〔2024〕16号,2024-07-24,2024-07-24,现行有效,,否,pkulaw\raw_pdf\低空经济\低空经济\东莞市人民政府办公室关于印发《东莞市推动低空经济高质量发展实施方案(2024―2026年)》的通知(FBMCLI.14.7726745).pdf,https://www.pkulaw.com/lar/40143399bf30f6b0ed34f67b256afb32bdfb.html,引证码FBMCLI.14.7726745｜未知位阶/无条文:地方工作文件
24,pkulaw,法规,行业规定,中国互联网协会关于招募低空经济领域合作伙伴的通知,中国互联网协会,,2025-06-06,2025-06-06,现行有效,,否,pkulaw\raw_pdf\低空经济\低空经济\中国互联网协会关于招募低空经济领域合作伙伴的通知(FBMCLI.6.5297934).pdf,https://www.pkulaw.com/chl/6fe5925432bef1d7bdfb.html,引证码FBMCLI.6.5297934｜有附件｜规范性文件但非结构化(通知/公告)
25,pkulaw,法规,地方工作文件,中山市人民政府关于印发《中山市低空经济高质量发展行动方案(2026―2028年)》的通知,中山市人民政府,中府〔2026〕114号,2026-07-14,2026-07-14,现行有效,,否,pkulaw\raw_pdf\低空经济\低空经济\中山市人民政府关于印发《中山市低空经济高质量发展行动方案(2026―2028年)》的通知(FBMCLI.14.10115551).pdf,https://www.pkulaw.com/lar/cb4197c4a63b210a4b26a2b20f3b93e9bdfb.html,引证码FBMCLI.14.10115551｜未知位阶/无条文:地方工作文件
26,pkulaw,法规,地方工作文件,中山市人民政府办公室关于印发中山市低空经济高质量发展行动方案(2024―2027年)的通知,中山市人民政府,中府办〔2024〕22号,2024-07-01,2024-07-01,现行有效,,否,pkulaw\raw_pdf\低空经济\低空经济\中山市人民政府办公室关于印发中山市低空经济高质量发展行动方案(2024―2027年)的通知(FBMCLI.14.7669501).pdf,https://www.pkulaw.com/lar/f41e79327636c0e3152df22035a1082bbdfb.html,引证码FBMCLI.14.7669501｜未知位阶/无条文:地方工作文件
27,pkulaw,法规,地方工作文件,中山市推动低空经济高质量发展工作专班办公室关于发布《中山市低空场景供需清单(第一批)》的通知,中山市发展和改革局,中发改高技〔2026〕20号,2026-01-13,2026-01-13,现行有效,,否,pkulaw\raw_pdf\低空经济\低空经济\中山市推动低空经济高质量发展工作专班办公室关于发布《中山市低空场景供需清单(第一批)》的通知(FBMCLI.14.9612386).pdf,https://www.pkulaw.com/lar/0892ab7c9ee060feb3014c00c73b160dbdfb.html,引证码FBMCLI.14.9612386｜有附件｜未知位阶/无条文:地方工作文件
28,pkulaw,法规,地方工作文件,中山市推动低空经济高质量发展工作专班办公室关于发布《中山市低空场景供需清单(第二批)》的通知,中山市发展和改革局,中发改高技函〔2026〕792号,2026-07-03,2026-07-03,现行有效,,否,pkulaw\raw_pdf\低空经济\低空经济\中山市推动低空经济高质量发展工作专班办公室关于发布《中山市低空场景供需清单(第二批)》的通知(FBMCLI.14.10100907).pdf,https://www.pkulaw.com/lar/a057f2fdf069489ff1caa6bf540bbd44bdfb.html,引证码FBMCLI.14.10100907｜有附件｜未知位阶/无条文:地方工作文件
29,pkulaw,法规,地方工作文件,九江市人民政府办公室关于印发《九江市促进低空经济加快发展的若干政策措施》的通知,九江市人民政府,九府办发〔2024〕18号,2024-08-01,2024-08-01,现行有效,,否,pkulaw\raw_pdf\低空经济\低空经济\九江市人民政府办公室关于印发《九江市促进低空经济加快发展的若干政策措施》的通知(FBMCLI.14.7942707).pdf,https://www.pkulaw.com/lar/9e5345526fe74afa5aa8fa1c7a188479bdfb.html,引证码FBMCLI.14.7942707｜未知位阶/无条文:地方工作文件
30,pkulaw,法规,地方规范性文件,云南省人民政府办公厅关于印发《云南省支持低空经济健康发展的若干措施》的通知,云南省人民政府,云政办发〔2025〕36号,2025-08-03,2025-08-03,现行有效,,否,pkulaw\raw_pdf\低空经济\低空经济\云南省人民政府办公厅关于印发《云南省支持低空经济健康发展的若干措施》的通知(FBMCLI.12.9076810).pdf,https://www.pkulaw.com/lar/6fab847e2b3a16c160146eff53c748dcbdfb.html,引证码FBMCLI.12.9076810｜规范性文件但非结构化(通知/公告)
31,pkulaw,法规,地方工作文件,云南省人民政府办公厅关于印发《云南省有序拓展低空经济应用场景实施方案》的通知,云南省人民政府,云政办函〔2026〕37号,2026-06-08,2026-06-08,现行有效,,否,pkulaw\raw_pdf\低空经济\低空经济\云南省人民政府办公厅关于印发《云南省有序拓展低空经济应用场景实施方案》的通知(FBMCLI.14.10024157).pdf,https://www.pkulaw.com/lar/dea4b17aa402364366752c2868407896bdfb.html,引证码FBMCLI.14.10024157｜未知位阶/无条文:地方工作文件
32,pkulaw,法规,,京津冀低空经济产业联盟在津成立,,,,,,,否,pkulaw\raw_pdf\低空经济\低空经济\京津冀低空经济产业联盟在津成立(FBMCLI.N.130324).pdf,https://www.pkulaw.com/news/7785bcb2c835763dbdfb.html,引证码FBMCLI.N.130324｜未知位阶/无条文:空
33,pkulaw,法规,地方工作文件,仪征市人民政府关于印发《仪征市低空经济高质量发展行动方案》的通知,仪征市人民政府,仪政发〔2024〕40号,2024-07-29,2024-07-29,现行有效,,否,pkulaw\raw_pdf\低空经济\低空经济\仪征市人民政府关于印发《仪征市低空经济高质量发展行动方案》的通知(FBMCLI.14.8572770).pdf,https://www.pkulaw.com/lar/9b85f1a8067eda45ae1682f97d7e274ebdfb.html,引证码FBMCLI.14.8572770｜未知位阶/无条文:地方工作文件
34,pkulaw,法规,部门工作文件,体育总局航管中心关于促进低空经济发展的若干意见,国家体育总局,航管字〔2024〕241号,2024-07-08,2024-07-08,现行有效,,否,pkulaw\raw_pdf\低空经济\低空经济\体育总局航管中心关于促进低空经济发展的若干意见(FBMCLI.4.5227038).pdf,https://www.pkulaw.com/chl/3161f6a304c1543dbdfb.html,引证码FBMCLI.4.5227038｜部门工作文件(通知/名单)
35,pkulaw,法规,地方工作文件,佛山市人民政府办公室关于印发佛山市推动低空经济高质量发展实施方案(2024—2026年)的通知,佛山市人民政府,佛府办函〔2024〕89号,2024-08-13,2024-08-13,现行有效,,否,pkulaw\raw_pdf\低空经济\低空经济\佛山市人民政府办公室关于印发佛山市推动低空经济高质量发展实施方案(2024—2026年)的通知(FBMCLI.14.7720281).pdf,https://www.pkulaw.com/lar/881d4a924254130e176fb8cd67e7d216bdfb.html,引证码FBMCLI.14.7720281｜未知位阶/无条文:地方工作文件
36,pkulaw,法规,地方工作文件,佛山市禅城区人民政府办公室关于印发禅城区低空经济高质量发展实施方案的通知,佛山市禅城区人民政府,,2024-10-31,2024-10-31,现行有效,,否,pkulaw\raw_pdf\低空经济\低空经济\佛山市禅城区人民政府办公室关于印发禅城区低空经济高质量发展实施方案的通知(FBMCLI.14.8041259).pdf,https://www.pkulaw.com/lar/bbc0eb847d8deed71355c8ed0294ff8fbdfb.html,引证码FBMCLI.14.8041259｜有附件｜未知位阶/无条文:地方工作文件
37,pkulaw,法规,地方工作文件,关于《桐乡市支持低空经济高质量发展的若干措施》的通知,桐乡市人民政府,,2024-11-18,2024-12-20,现行有效,,否,pkulaw\raw_pdf\低空经济\低空经济\关于《桐乡市支持低空经济高质量发展的若干措施》的通知(FBMCLI.14.9280328).pdf,https://www.pkulaw.com/lar/005e8f61b88cb5258071062270c9dbb6bdfb.html,引证码FBMCLI.14.9280328｜未知位阶/无条文:地方工作文件
38,pkulaw,法规,地方工作文件,兴安盟行政公署办公室关于印发《兴安盟低空经济高质量发展三年行动方案(2025—2027年)》的通知,兴安盟行政公署,兴署办字〔2025〕15号,2025-07-21,2025-07-21,现行有效,,否,pkulaw\raw_pdf\低空经济\低空经济\兴安盟行政公署办公室关于印发《兴安盟低空经济高质量发展三年行动方案(2025—2027年)》的通知(FBMCLI.14.9169890).pdf,https://www.pkulaw.com/lar/69536511cbe4c747638902a744aee7a3bdfb.html,引证码FBMCLI.14.9169890｜有附件｜未知位阶/无条文:地方工作文件
39,pkulaw,法规,地方工作文件,内蒙古自治区人民政府办公厅关于印发自治区低空经济高质量发展实施方案(2024—2027年)的通知,内蒙古自治区人民政府,内政办发〔2024〕38号,2024-09-12,2024-09-12,现行有效,,否,pkulaw\raw_pdf\低空经济\低空经济\内蒙古自治区人民政府办公厅关于印发自治区低空经济高质量发展实施方案(2024—2027年)的通知(FBMCLI.14.7798727).pdf,https://www.pkulaw.com/lar/a99119b1034f2e4a11fe9311dddd1e1dbdfb.html,引证码FBMCLI.14.7798727｜有附件｜未知位阶/无条文:地方工作文件
40,pkulaw,法规,地方工作文件,北京市经济和信息化局关于征求《北京市促进低空经济产业高质量发展行动方案(2024―2027年)(征求意见稿)》意见建议的通知,北京市经济和信息化局,,2024-05-15,,,,否,pkulaw\raw_pdf\低空经济\低空经济\北京市经济和信息化局关于征求《北京市促进低空经济产业高质量发展行动方案(2024―2027年)(征求意见稿)》意见建议的通知(FBMCLI.DL.32812).pdf,https://www.pkulaw.com/protocol/5215308ce1048abb5b5af30e447fabf2bdfb.html,引证码FBMCLI.DL.32812｜有附件｜未知位阶/无条文:地方工作文件
41,pkulaw,法规,地方工作文件,北京市经济和信息化局等四部门关于印发《北京市促进低空经济产业高质量发展行动方案(2024-2027年)》的通知,北京市经济和信息化局 北京市发展和改革委员会 北京市科学技术委员会 北京市中关村科技园区,京经信发〔2024〕54号,2024-09-30,2024-09-30,废止或失效,,否,pkulaw\raw_pdf\低空经济\低空经济\北京市经济和信息化局等四部门关于印发《北京市促进低空经济产业高质量发展行动方案(2024-2027年)》的通知(FBMCLI.14.7830620).pdf,https://www.pkulaw.com/lar/bb591c13f478c3b577412250371dded1bdfb.html,引证码FBMCLI.14.7830620｜未知位阶/无条文:地方工作文件
42,pkulaw,法规,地方工作文件,区政府办公室关于印发锡山区低空经济高质量发展三年行动方案(2025―2027年)的通知,无锡市锡山区人民政府,锡府办〔2025〕28号,2025-07-14,2025-07-14,现行有效,,否,pkulaw\raw_pdf\低空经济\低空经济\区政府办公室关于印发锡山区低空经济高质量发展三年行动方案(2025―2027年)的通知(FBMCLI.14.9052032).pdf,https://www.pkulaw.com/lar/053cf5da8ff96617c50421419c2fa0e5bdfb.html,引证码FBMCLI.14.9052032｜有附件｜未知位阶/无条文:地方工作文件
43,pkulaw,法规,地方工作文件,十堰市人民政府关于印发《十堰市低空经济高质量发展实施方案(2024－2026年)》的通知,十堰市人民政府,十政办发〔2024〕17号,2024-05-21,2024-05-21,现行有效,,否,pkulaw\raw_pdf\低空经济\低空经济\十堰市人民政府关于印发《十堰市低空经济高质量发展实施方案(2024－2026年)》的通知(FBMCLI.14.7568702).pdf,https://www.pkulaw.com/lar/9ed81d433dc2f4a9a9912c880cafbbb4bdfb.html,引证码FBMCLI.14.7568702｜有附件｜未知位阶/无条文:地方工作文件
44,pkulaw,法规,地方工作文件,十堰市人民政府办公室关于印发十堰市低空经济基础设施建设三年行动方案(2024―2026年)的通知,十堰市人民政府,十政办函〔2024〕37号,2024-08-29,2024-08-29,现行有效,,否,pkulaw\raw_pdf\低空经济\低空经济\十堰市人民政府办公室关于印发十堰市低空经济基础设施建设三年行动方案(2024―2026年)的通知(FBMCLI.14.7789275).pdf,https://www.pkulaw.com/lar/6a7191df1e408a6f12f3221bcdef11cbbdfb.html,引证码FBMCLI.14.7789275｜有附件｜未知位阶/无条文:地方工作文件
45,pkulaw,法规,地方规范性文件,南京市政府办公厅关于印发南京市促进低空经济高质量发展实施方案(2024—2026年)的通知,南京市人民政府,宁政办发〔2024〕25号,2024-05-13,2024-05-13,现行有效,,否,pkulaw\raw_pdf\低空经济\低空经济\南京市政府办公厅关于印发南京市促进低空经济高质量发展实施方案(2024—2026年)的通知(FBMCLI.12.7484114).pdf,https://www.pkulaw.com/lar/cc880a54531e7448e45565e09c80a5f0bdfb.html,引证码FBMCLI.12.7484114｜规范性文件但非结构化(通知/公告)
46,pkulaw,法规,地方工作文件,南京市科学技术局关于征集低空经济领域科技成果的通知,南京市科学技术局,,2026-04-09,2026-04-09,现行有效,,否,pkulaw\raw_pdf\低空经济\低空经济\南京市科学技术局关于征集低空经济领域科技成果的通知(FBMCLI.14.9872631).pdf,https://www.pkulaw.com/lar/70d6b2e835643b021a55cb79f46ad8d2bdfb.html,引证码FBMCLI.14.9872631｜有附件｜行政事务性通知(非规范文本)
47,pkulaw,法规,地方规范性文件,南充市人民政府关于印发《关于支持低空经济高质量发展的若干政策措施》的通知,南充市人民政府,南府规〔2024〕4号,2024-10-30,2025-01-01,现行有效,,否,pkulaw\raw_pdf\低空经济\低空经济\南充市人民政府关于印发《关于支持低空经济高质量发展的若干政策措施》的通知(FBMCLI.12.7921301).pdf,https://www.pkulaw.com/lar/d0d137d7c41f6deb89e60fff20761fcbbdfb.html,引证码FBMCLI.12.7921301｜规范性文件但非结构化(通知/公告)
48,pkulaw,法规,地方工作文件,南充市人民政府关于印发《南充市低空经济中长期发展规划(2024—2035)》的通知,南充市人民政府,南府发〔2024〕13号,2024-10-30,2024-10-30,现行有效,,否,pkulaw\raw_pdf\低空经济\低空经济\南充市人民政府关于印发《南充市低空经济中长期发展规划(2024—2035)》的通知(FBMCLI.14.7921305).pdf,https://www.pkulaw.com/lar/8fe0775a7cec6540ade8ee1e55145713bdfb.html,引证码FBMCLI.14.7921305｜有附件｜未知位阶/无条文:地方工作文件
49,pkulaw,法规,地方规范性文件,南宁市人民政府关于印发南宁市支持低空经济高质量发展若干措施(试行)的通知,南宁市人民政府,南府规〔2025〕7号,2025-04-25,2025-04-25,现行有效,,否,pkulaw\raw_pdf\低空经济\低空经济\南宁市人民政府关于印发南宁市支持低空经济高质量发展若干措施(试行)的通知(FBMCLI.12.8728434).pdf,https://www.pkulaw.com/lar/08a4eacfb695d4d4fb5f4d8cee5664a6bdfb.html,引证码FBMCLI.12.8728434｜规范性文件但非结构化(通知/公告)
50,pkulaw,法规,地方工作文件,南通市政府办公室关于印发南通市低空经济高质量发展行动方案(2024—2027年)的通知,南通市人民政府,通政办发〔2024〕32号,2024-10-10,2024-10-10,现行有效,,否,pkulaw\raw_pdf\低空经济\低空经济\南通市政府办公室关于印发南通市低空经济高质量发展行动方案(2024—2027年)的通知(FBMCLI.14.7842025).pdf,https://www.pkulaw.com/lar/92d26207c4b12da647580ce404c46f1bbdfb.html,引证码FBMCLI.14.7842025｜未知位阶/无条文:地方工作文件
51,pkulaw,法规,地方规范性文件,合肥市人民代表大会常务委员会关于促进低空经济发展的决定,合肥市人大(含常委会),,2024-10-25,2024-10-25,现行有效,,否,pkulaw\raw_pdf\低空经济\低空经济\合肥市人民代表大会常务委员会关于促进低空经济发展的决定(FBMCLI.12.9212068).pdf,https://www.pkulaw.com/lar/a4c32d12e7c11d45bdc64ecccda73b98bdfb.html,引证码FBMCLI.12.9212068｜规范性文件但非结构化(通知/公告)
52,pkulaw,法规,地方规范性文件,合肥市人民政府办公室关于印发合肥市支持低空经济发展若干政策的通知,合肥市人民政府,合政办秘〔2024〕19号,2024-06-20,2024-06-20,废止或失效,,否,pkulaw\raw_pdf\低空经济\低空经济\合肥市人民政府办公室关于印发合肥市支持低空经济发展若干政策的通知(FBMCLI.12.7655329).pdf,https://www.pkulaw.com/lar/b7d53434743880e2c70397cfa9864dcabdfb.html,引证码FBMCLI.12.7655329｜规范性文件但非结构化(通知/公告)
53,pkulaw,法规,地方工作文件,启东市政府办公室关于印发启东市低空经济高质量发展三年行动计划(2025—2027年)的通知,启东市人民政府,启政办发〔2024〕45号,2024-12-16,2024-12-16,现行有效,,否,pkulaw\raw_pdf\低空经济\低空经济\启东市政府办公室关于印发启东市低空经济高质量发展三年行动计划(2025—2027年)的通知(FBMCLI.14.8473431).pdf,https://www.pkulaw.com/lar/01362f5db4d8a00cda39e2024483dbc6bdfb.html,引证码FBMCLI.14.8473431｜有附件｜未知位阶/无条文:地方工作文件
54,pkulaw,法规,地方工作文件,呼伦贝尔市人民政府办公室关于印发低空经济发展实施方案(2025—2027年)的通知,呼伦贝尔市人民政府,呼政办发〔2025〕16号,2025-06-27,2025-06-27,现行有效,,否,pkulaw\raw_pdf\低空经济\低空经济\呼伦贝尔市人民政府办公室关于印发低空经济发展实施方案(2025—2027年)的通知(FBMCLI.14.8909357).pdf,https://www.pkulaw.com/lar/bd5ab0ec0645da3d4f8192dd36f78971bdfb.html,引证码FBMCLI.14.8909357｜未知位阶/无条文:地方工作文件
55,pkulaw,法规,地方工作文件,呼和浩特市工业和信息化局关于对呼和浩特市政协十四届四次会议第0338号提案《关于加速首府低空经济发展的提案(流水号2261、22...,呼和浩特市工业和信息化局,,2025-08-19,2025-08-19,现行有效,,否,pkulaw\raw_pdf\低空经济\低空经济\呼和浩特市工业和信息化局关于对呼和浩特市政协十四届四次会议第0338号提案《关于加速首府低空经济发展的提案(流水号2261、22...(FBMCLI.14.9325915).pdf,https://www.pkulaw.com/lar/033e3d71eeae9205e242d05c5f7c43c8bdfb.html,引证码FBMCLI.14.9325915｜未知位阶/无条文:地方工作文件
56,pkulaw,法规,地方工作文件,呼和浩特市工业和信息化局关于对呼和浩特市第十六届人民代表大会第四次会议第213号建议《关于推动低空经济发展的建议》的答复,呼和浩特市工业和信息化局,,2025-05-19,2025-05-19,现行有效,,否,pkulaw\raw_pdf\低空经济\低空经济\呼和浩特市工业和信息化局关于对呼和浩特市第十六届人民代表大会第四次会议第213号建议《关于推动低空经济发展的建议》的答复(FBMCLI.14.8742356).pdf,https://www.pkulaw.com/lar/11404c13f52f64542106ad4f2aaed302bdfb.html,引证码FBMCLI.14.8742356｜未知位阶/无条文:地方工作文件
57,pkulaw,法规,地方工作文件,呼和浩特市工业和信息化局关于对呼和浩特市第十六届人民代表大会第四次会议第220号建议《关于呼和浩特市低空经济发展的建议...,呼和浩特市工业和信息化局,,2025-05-19,2025-05-19,现行有效,,否,pkulaw\raw_pdf\低空经济\低空经济\呼和浩特市工业和信息化局关于对呼和浩特市第十六届人民代表大会第四次会议第220号建议《关于呼和浩特市低空经济发展的建议...(FBMCLI.14.8742472).pdf,https://www.pkulaw.com/lar/8a470e408bfc7e0c93185056a5ccbfc2bdfb.html,引证码FBMCLI.14.8742472｜未知位阶/无条文:地方工作文件
58,pkulaw,法规,地方工作文件,呼和浩特市科学技术局转发关于发布2026年内蒙古自治区科技重大专项氢能、低空经济、人工智能 领域(第一批)项目申报指南的通知,呼和浩特市科学技术局,,2026-03-16,2026-03-16,现行有效,,否,pkulaw\raw_pdf\低空经济\低空经济\呼和浩特市科学技术局转发关于发布2026年内蒙古自治区科技重大专项氢能、低空经济、人工智能 领域(第一批)项目申报指南的通知(FBMCLI.14.9914298).pdf,https://www.pkulaw.com/lar/9b7887808c6ca6e21fc6fd95c0d24a91bdfb.html,引证码FBMCLI.14.9914298｜有附件｜未知位阶/无条文:地方工作文件
59,pkulaw,法规,地方规范性文件,嘉兴市人民政府办公室关于印发嘉兴市推动低空经济高质量发展实施方案(2024—2027年)的通知,嘉兴市人民政府,嘉政办发〔2024〕23号,2024-09-06,2024-09-06,现行有效,,否,pkulaw\raw_pdf\低空经济\低空经济\嘉兴市人民政府办公室关于印发嘉兴市推动低空经济高质量发展实施方案(2024—2027年)的通知(FBMCLI.12.8742725).pdf,https://www.pkulaw.com/lar/0cc228c1322f9b91fa7e7e07a48b6fe2bdfb.html,引证码FBMCLI.12.8742725｜规范性文件但非结构化(通知/公告)
60,pkulaw,法规,地方工作文件,四川省农业农村厅关于加快农业领域低空经济发展的通知,四川省农业农村厅,川农发〔2025〕11号,2025-04-18,2025-04-18,现行有效,,否,pkulaw\raw_pdf\低空经济\低空经济\四川省农业农村厅关于加快农业领域低空经济发展的通知(FBMCLI.14.8712215).pdf,https://www.pkulaw.com/lar/20b2ec269bcb8a8d3baba1f70295f2a0bdfb.html,引证码FBMCLI.14.8712215｜未知位阶/无条文:地方工作文件
61,pkulaw,法规,地方工作文件,四川省科学技术厅关于征集人工智能、低空经济、软件和信息服务、新型显示领域科技攻关需求综合解决方案的通知,四川省科学技术厅,,2025-06-11,2025-06-11,现行有效,,否,pkulaw\raw_pdf\低空经济\低空经济\四川省科学技术厅关于征集人工智能、低空经济、软件和信息服务、新型显示领域科技攻关需求综合解决方案的通知(FBMCLI.14.8794458).pdf,https://www.pkulaw.com/lar/f5ffd85145007064adeb41a21e889ae6bdfb.html,引证码FBMCLI.14.8794458｜有附件｜行政事务性通知(非规范文本)
62,pkulaw,法规,,四川若干举措支持低空经济“腾飞” 首批11个试点已通过评估,,,,,,,否,pkulaw\raw_pdf\低空经济\低空经济\四川若干举措支持低空经济“腾飞” 首批11个试点已通过评估(FBMCLI.N.132635).pdf,https://www.pkulaw.com/news/bd12cb865198bddcbdfb.html,引证码FBMCLI.N.132635｜未知位阶/无条文:空
63,pkulaw,法规,,国家发展改革委低空司、国家统计局设管司有关负责人就《低空经济及其核心产业统计分类（试行）》答记者问,,,,,,,否,pkulaw\raw_pdf\低空经济\低空经济\国家发展改革委低空司、国家统计局设管司有关负责人就《低空经济及其核心产业统计分类（试行）》答记者问(FBMCLI.N.135354).pdf,https://www.pkulaw.com/news/321b668a135d2b32bdfb.html,引证码FBMCLI.N.135354｜行政事务性通知(非规范文本)
64,pkulaw,法规,部门规范性文件,国家发展改革委关于印发《低空经济及其核心产业统计分类(试行)》的通知,国家发展和改革委员会(含原国家发展计划委员会、原国家计划委员会),发改低空〔2025〕1676号,2025-12-22,2025-12-22,现行有效,,否,pkulaw\raw_pdf\低空经济\低空经济\国家发展改革委关于印发《低空经济及其核心产业统计分类(试行)》的通知(FBMCLI.4.5332915).pdf,https://www.pkulaw.com/chl/586fd1209022b887bdfb.html,引证码FBMCLI.4.5332915｜有附件｜规范性文件但非结构化(通知/公告)
65,pkulaw,法规,,国家发改委：积极稳妥推动低空经济发展意义重大、前景光明,,,,,,,否,pkulaw\raw_pdf\低空经济\低空经济\国家发改委：积极稳妥推动低空经济发展意义重大、前景光明(FBMCLI.N.129333).pdf,https://www.pkulaw.com/news/cfb60b4564643311bdfb.html,引证码FBMCLI.N.129333｜未知位阶/无条文:空
66,pkulaw,法规,地方工作文件,国家金融监督管理总局广东监管局、中国人民银行广东省分行、广东证监局、国家金融监督管理总局深圳监管局、中国人民银行深圳...,国家金融监督管理总局广东监管局 中国人民银行广东分行 中国证券监督管理委员会广东监管局,粤金发〔2025〕47号,2025-12-15,2025-12-15,现行有效,,否,pkulaw\raw_pdf\低空经济\低空经济\国家金融监督管理总局广东监管局、中国人民银行广东省分行、广东证监局、国家金融监督管理总局深圳监管局、中国人民银行深圳...(FBMCLI.14.9607270).pdf,https://www.pkulaw.com/lar/10a42370ba121c241eef3236eb788e21bdfb.html,引证码FBMCLI.14.9607270｜未知位阶/无条文:地方工作文件
67,pkulaw,法规,地方工作文件,大连市人民政府办公厅关于印发大连市低空经济高质量发展行动方案(2024―2026年)的通知,大连市人民政府,大政办发〔2024〕40号,2024-12-06,2024-12-06,现行有效,,否,pkulaw\raw_pdf\低空经济\低空经济\大连市人民政府办公厅关于印发大连市低空经济高质量发展行动方案(2024―2026年)的通知(FBMCLI.14.8189637).pdf,https://www.pkulaw.com/lar/dc50e1a97869d94f070dfa353c3c99fdbdfb.html,引证码FBMCLI.14.8189637｜未知位阶/无条文:地方工作文件
68,pkulaw,法规,地方工作文件,天津市宁河区低空经济高质量发展行动方案(2024—2026年),天津市宁河区人民政府,津宁河政发〔2024〕5号,2024-05-17,2024-05-17,现行有效,,否,pkulaw\raw_pdf\低空经济\低空经济\天津市宁河区低空经济高质量发展行动方案(2024—2026年)(FBMCLI.14.9150093).pdf,https://www.pkulaw.com/lar/038f5977da4a8663caa6c6a59ab02edcbdfb.html,引证码FBMCLI.14.9150093｜未知位阶/无条文:地方工作文件
69,pkulaw,法规,地方工作文件,太原市人民政府办公室关于印发太原市低空经济高质量发展行动方案(2025—2027年)的通知,太原市人民政府,并政办发〔2025〕17号,2025-11-12,2025-11-12,现行有效,,否,pkulaw\raw_pdf\低空经济\低空经济\太原市人民政府办公室关于印发太原市低空经济高质量发展行动方案(2025—2027年)的通知(FBMCLI.14.9470990).pdf,https://www.pkulaw.com/lar/0e8c9252361a3d6e33258bed5bc65e5fbdfb.html,引证码FBMCLI.14.9470990｜未知位阶/无条文:地方工作文件
70,pkulaw,法规,地方工作文件,宁波市人民政府办公厅关于印发宁波市低空经济高质量发展实施方案(2025—2027年)的通知,宁波市人民政府,甬政办发〔2025〕29号,2025-07-21,2025-07-21,现行有效,,否,pkulaw\raw_pdf\低空经济\低空经济\宁波市人民政府办公厅关于印发宁波市低空经济高质量发展实施方案(2025—2027年)的通知(FBMCLI.14.9054220).pdf,https://www.pkulaw.com/lar/fb7a5516b3e21036a3c8231109c74cfabdfb.html,引证码FBMCLI.14.9054220｜未知位阶/无条文:地方工作文件
71,pkulaw,法规,地方工作文件,宁波市农业农村局关于印发《2025年宁波市农业农村领域低空经济发展工作要点》的通知,宁波市农业农村局,甬农发〔2025〕113号,2025-09-01,2025-09-01,现行有效,,否,pkulaw\raw_pdf\低空经济\低空经济\宁波市农业农村局关于印发《2025年宁波市农业农村领域低空经济发展工作要点》的通知(FBMCLI.14.9158809).pdf,https://www.pkulaw.com/lar/ae4e090dfaea23373acc393757d852fbbdfb.html,引证码FBMCLI.14.9158809｜未知位阶/无条文:地方工作文件
72,pkulaw,法规,地方工作文件,宁波市科学技术局关于转发《浙江省交通厅浙江省科技厅关于组织申报低空经济重大专项2026年度项目的通知》的通知,宁波市科学技术局,,2025-06-24,2025-06-24,现行有效,,否,pkulaw\raw_pdf\低空经济\低空经济\宁波市科学技术局关于转发《浙江省交通厅浙江省科技厅关于组织申报低空经济重大专项2026年度项目的通知》的通知(FBMCLI.14.8808661).pdf,https://www.pkulaw.com/lar/40c02517d6bd3296efa023eb60b1f9a9bdfb.html,引证码FBMCLI.14.8808661｜有附件｜未知位阶/无条文:地方工作文件
73,pkulaw,法规,地方工作文件,安徽省发展改革委关于印发安徽省加快培育发展低空经济实施方案(2024—2027年)及若干措施的通知,安徽省发展和改革委员会,皖发改高技〔2024〕160号,2024-04-01,2024-01-01,现行有效,,否,pkulaw\raw_pdf\低空经济\低空经济\安徽省发展改革委关于印发安徽省加快培育发展低空经济实施方案(2024—2027年)及若干措施的通知(FBMCLI.14.7444823).pdf,https://www.pkulaw.com/lar/1748774a22be316319f642ae72536899bdfb.html,引证码FBMCLI.14.7444823｜有附件｜未知位阶/无条文:地方工作文件
74,pkulaw,法规,地方工作文件,安徽省发展改革委关于面向全国公开征集低空经济应用场景能力清单的公告,安徽省发展和改革委员会,,2024-08-01,2024-08-01,现行有效,,否,pkulaw\raw_pdf\低空经济\低空经济\安徽省发展改革委关于面向全国公开征集低空经济应用场景能力清单的公告(FBMCLI.14.7695957).pdf,https://www.pkulaw.com/lar/d34973d851fbc924020de17ef0f51dc3bdfb.html,引证码FBMCLI.14.7695957｜有附件｜行政事务性通知(非规范文本)
75,pkulaw,法规,地方规范性文件,安阳市人民代表大会常务委员会关于促进低空经济高质量发展的决定,安阳市人大(含常委会),,2025-06-26,2025-06-26,现行有效,,否,pkulaw\raw_pdf\低空经济\低空经济\安阳市人民代表大会常务委员会关于促进低空经济高质量发展的决定(FBMCLI.12.9220590).pdf,https://www.pkulaw.com/lar/329624459b02ec7d4cfa0af2d9489d77bdfb.html,引证码FBMCLI.12.9220590｜规范性文件但非结构化(通知/公告)
76,pkulaw,法规,地方工作文件,安阳市人民政府办公室关于印发安阳市促进低空经济高质量发展行动方案(2025-2027年)的通知,安阳市人民政府,安政办〔2025〕4号,2025-04-09,2025-04-09,现行有效,,否,pkulaw\raw_pdf\低空经济\低空经济\安阳市人民政府办公室关于印发安阳市促进低空经济高质量发展行动方案(2025-2027年)的通知(FBMCLI.14.8726132).pdf,https://www.pkulaw.com/lar/32207dcbe58a160918dcbb750b2b676abdfb.html,引证码FBMCLI.14.8726132｜未知位阶/无条文:地方工作文件
77,pkulaw,法规,地方工作文件,山东省人民政府办公厅关于印发《山东省低空经济高质量发展三年行动方案(2025—2027年)》的通知,山东省人民政府,鲁政办发〔2024〕9号,2024-11-02,2024-11-02,现行有效,,否,pkulaw\raw_pdf\低空经济\低空经济\山东省人民政府办公厅关于印发《山东省低空经济高质量发展三年行动方案(2025—2027年)》的通知(FBMCLI.14.8191999).pdf,https://www.pkulaw.com/lar/049c52f98b54f99bcf548bbfb2355de1bdfb.html,引证码FBMCLI.14.8191999｜未知位阶/无条文:地方工作文件
78,pkulaw,法规,地方工作文件,山东省科学技术厅、中共山东省委组织部、中共山东省委金融委员会办公室、山东省发展和改革委员会、山东省教育厅、山东省工业...,山东省科学技术厅 中共山东省委组织部 中共山东省委金融委员会办公室 山东省发展和改革委员,鲁科字〔2024〕135号,2024-12-06,2024-12-06,现行有效,,否,pkulaw\raw_pdf\低空经济\低空经济\山东省科学技术厅、中共山东省委组织部、中共山东省委金融委员会办公室、山东省发展和改革委员会、山东省教育厅、山东省工业...(FBMCLI.14.8369731).pdf,https://www.pkulaw.com/lar/6e87bcf550497b376dcd3fe5ae7ca802bdfb.html,引证码FBMCLI.14.8369731｜未知位阶/无条文:地方工作文件
79,pkulaw,法规,地方工作文件,山西省人民政府办公厅关于印发山西省加快低空经济发展和通航示范省建设若干措施的通知,山西省人民政府,晋政办发〔2024〕25号,2024-05-16,2024-01-01,现行有效,,否,pkulaw\raw_pdf\低空经济\低空经济\山西省人民政府办公厅关于印发山西省加快低空经济发展和通航示范省建设若干措施的通知(FBMCLI.14.7495574).pdf,https://www.pkulaw.com/lar/360856a20de72cddf33309b65271a719bdfb.html,引证码FBMCLI.14.7495574｜未知位阶/无条文:地方工作文件
80,pkulaw,法规,地方工作文件,山西省市场监督管理局关于专项征集低空经济和通用航空领域省级地方标准项目的通知,山西省市场监督管理局,,2024-08-01,2024-08-01,现行有效,,否,pkulaw\raw_pdf\低空经济\低空经济\山西省市场监督管理局关于专项征集低空经济和通用航空领域省级地方标准项目的通知(FBMCLI.14.7698432).pdf,https://www.pkulaw.com/lar/e46ab99829cdee1acac61bd1a338c398bdfb.html,引证码FBMCLI.14.7698432｜有附件｜行政事务性通知(非规范文本)
81,pkulaw,法规,地方工作文件,嵊泗县人民政府办公室关于印发嵊泗县低空经济发展三年行动计划(2025—2027年)的通知,嵊泗县人民政府,嵊政办发〔2025〕18号,2025-04-29,2025-04-29,现行有效,,否,pkulaw\raw_pdf\低空经济\低空经济\嵊泗县人民政府办公室关于印发嵊泗县低空经济发展三年行动计划(2025—2027年)的通知(FBMCLI.14.8745106).pdf,https://www.pkulaw.com/lar/17f67ae4049d0802e815c90f6bf81fa0bdfb.html,引证码FBMCLI.14.8745106｜未知位阶/无条文:地方工作文件
82,pkulaw,法规,地方工作文件,常州市政府办公室关于印发《常州市低空经济高质量发展三年行动方案(2024—2026年)》的通知,常州市人民政府,常政办发〔2024〕31号,2024-07-11,2024-07-11,现行有效,,否,pkulaw\raw_pdf\低空经济\低空经济\常州市政府办公室关于印发《常州市低空经济高质量发展三年行动方案(2024—2026年)》的通知(FBMCLI.14.7722531).pdf,https://www.pkulaw.com/lar/c1be4212b56895ab2a39df5f1cbe6fd8bdfb.html,引证码FBMCLI.14.7722531｜未知位阶/无条文:地方工作文件
83,pkulaw,法规,,广东低空金融“十二条”赋能行业低空经济发展,,,,,,,否,pkulaw\raw_pdf\低空经济\低空经济\广东低空金融“十二条”赋能行业低空经济发展(FBMCLI.N.135388).pdf,https://www.pkulaw.com/news/c0674cc625773507bdfb.html,引证码FBMCLI.N.135388｜未知位阶/无条文:空
84,pkulaw,法规,,广东支持低空经济高质量发展措施出台,,,,,,,否,pkulaw\raw_pdf\低空经济\低空经济\广东支持低空经济高质量发展措施出台(FBMCLI.N.134921).pdf,https://www.pkulaw.com/news/117ae1e8422c2092bdfb.html,引证码FBMCLI.N.134921｜未知位阶/无条文:空
85,pkulaw,法规,地方工作文件,广东省人民代表大会常务委员会关于批准《广州市低空经济发展条例》的决定,广东省人大(含常委会),,2025-01-12,2025-01-12,现行有效,,否,pkulaw\raw_pdf\低空经济\低空经济\广东省人民代表大会常务委员会关于批准《广州市低空经济发展条例》的决定(FBMCLI.14.8464407).pdf,https://www.pkulaw.com/lar/7ffdc0df46ed699a7fc8449fc55d624bbdfb.html,引证码FBMCLI.14.8464407｜未知位阶/无条文:地方工作文件
86,pkulaw,法规,地方规范性文件,广东省人民政府办公厅关于印发《广东省支持低空经济高质量发展若干措施》的通知,广东省人民政府,粤办函〔2025〕268号,2025-10-13,2025-10-13,现行有效,,否,pkulaw\raw_pdf\低空经济\低空经济\广东省人民政府办公厅关于印发《广东省支持低空经济高质量发展若干措施》的通知(FBMCLI.12.9290917).pdf,https://www.pkulaw.com/lar/b98beb6aaa43fbef4889f1d9c643e628bdfb.html,引证码FBMCLI.12.9290917｜规范性文件但非结构化(通知/公告)
87,pkulaw,法规,地方工作文件,广东省人民政府办公厅关于印发广东省推动低空经济高质量发展行动方案(2024—2026年)的通知,广东省人民政府,粤府办〔2024〕6号,2024-05-21,2024-05-21,现行有效,,否,pkulaw\raw_pdf\低空经济\低空经济\广东省人民政府办公厅关于印发广东省推动低空经济高质量发展行动方案(2024—2026年)的通知(FBMCLI.14.7492635).pdf,https://www.pkulaw.com/lar/845fdb8817184e787a7b0aca9875ab69bdfb.html,引证码FBMCLI.14.7492635｜未知位阶/无条文:地方工作文件
88,pkulaw,法规,地方工作文件,广东省人民政府办公厅关于成立广东省推动低空经济高质量发展工作专班的通知,广东省人民政府,粤办函〔2024〕95号,2024-05-30,2024-05-30,现行有效,,否,pkulaw\raw_pdf\低空经济\低空经济\广东省人民政府办公厅关于成立广东省推动低空经济高质量发展工作专班的通知(FBMCLI.14.7551408).pdf,https://www.pkulaw.com/lar/bef95ade60d49985046c02504d630fdfbdfb.html,引证码FBMCLI.14.7551408｜未知位阶/无条文:地方工作文件
89,pkulaw,法规,地方工作文件,广东省律师协会关于公布第十二届广东省律师协会低空经济法律专业委员会人员名单的通知,广东省律师协会,,2025-09-30,2025-09-30,现行有效,,否,pkulaw\raw_pdf\低空经济\低空经济\广东省律师协会关于公布第十二届广东省律师协会低空经济法律专业委员会人员名单的通知(FBMCLI.14.9535494).pdf,https://www.pkulaw.com/lar/52946d9afa9cd68e8193d307d47ecfcfbdfb.html,引证码FBMCLI.14.9535494｜有附件｜行政事务性通知(非规范文本)
90,pkulaw,法规,地方工作文件,广东省政务服务和数据管理局关于印发《广东省数据赋能低空经济高质量发展实施方案》的通知,广东省政务服务数据管理局,,2025-07-23,2025-07-23,现行有效,,否,pkulaw\raw_pdf\低空经济\低空经济\广东省政务服务和数据管理局关于印发《广东省数据赋能低空经济高质量发展实施方案》的通知(FBMCLI.14.9059759).pdf,https://www.pkulaw.com/lar/ae15b6cb3a655e51012f60a4500ab00abdfb.html,引证码FBMCLI.14.9059759｜未知位阶/无条文:地方工作文件
91,pkulaw,法规,地方工作文件,广州市人民政府办公厅关于印发广州市低空经济发展实施方案的通知,广州市人民政府,穗府办〔2024〕12号,2024-05-29,2024-05-29,现行有效,,否,pkulaw\raw_pdf\低空经济\低空经济\广州市人民政府办公厅关于印发广州市低空经济发展实施方案的通知(FBMCLI.14.7545128).pdf,https://www.pkulaw.com/lar/bcefac23c695fb3ef59f7ee3c52bdf51bdfb.html,引证码FBMCLI.14.7545128｜未知位阶/无条文:地方工作文件
92,pkulaw,法规,地方工作文件,广州市人民政府办公厅关于印发广州市推动低空经济高质量发展若干措施的通知,广州市人民政府,穗府办函〔2024〕47号,2024-07-03,2024-07-03,现行有效,,否,pkulaw\raw_pdf\低空经济\低空经济\广州市人民政府办公厅关于印发广州市推动低空经济高质量发展若干措施的通知(FBMCLI.14.7645687).pdf,https://www.pkulaw.com/lar/40d17fdf60e695a17c3dbf2b2e750c12bdfb.html,引证码FBMCLI.14.7645687｜未知位阶/无条文:地方工作文件
93,pkulaw,法规,地方规范性文件,广州市发展和改革委员会关于征集《广州市低空经济发展条例》意见和建议的公告,广州市发展和改革委员会,,2024-07-29,2024-07-29,现行有效,,否,pkulaw\raw_pdf\低空经济\低空经济\广州市发展和改革委员会关于征集《广州市低空经济发展条例》意见和建议的公告(FBMCLI.12.7691121).pdf,https://www.pkulaw.com/lar/1d9ddd39f01114798acacf9dcfc9e926bdfb.html,引证码FBMCLI.12.7691121｜行政事务性通知(非规范文本)
94,pkulaw,法规,地方工作文件,广州市花都区人民政府办公室关于印发花都区促进低空经济高质量发展若干措施的通知,广州市人民政府,花府办规〔2024〕3号,2024-10-28,2024-10-28,现行有效,,否,pkulaw\raw_pdf\低空经济\低空经济\广州市花都区人民政府办公室关于印发花都区促进低空经济高质量发展若干措施的通知(FBMCLI.14.7920696).pdf,https://www.pkulaw.com/lar/0acad63a8f0ca013bacef3c0937797ebbdfb.html,引证码FBMCLI.14.7920696｜未知位阶/无条文:地方工作文件
95,pkulaw,法规,地方工作文件,广西壮族自治区人民政府办公厅关于印发《广西低空经济高质量发展行动方案(2024—2026年)》的通知,广西壮族自治区人民政府,桂政办发〔2024〕52号,2024-09-29,2024-09-29,现行有效,,否,pkulaw\raw_pdf\低空经济\低空经济\广西壮族自治区人民政府办公厅关于印发《广西低空经济高质量发展行动方案(2024—2026年)》的通知(FBMCLI.14.7833237).pdf,https://www.pkulaw.com/lar/be74bc03479bfd2a1d800e4e29b36626bdfb.html,引证码FBMCLI.14.7833237｜未知位阶/无条文:地方工作文件
96,pkulaw,法规,地方工作文件,廊坊市发展和改革委员会关于印发《廊坊市低空经济赋能产业高质量发展行动方案(2024―2027年)》(试行)的通知,廊坊市发展和改革委员会,,2024-12-16,2024-12-16,现行有效,,否,pkulaw\raw_pdf\低空经济\低空经济\廊坊市发展和改革委员会关于印发《廊坊市低空经济赋能产业高质量发展行动方案(2024―2027年)》(试行)的通知(FBMCLI.14.8602119).pdf,https://www.pkulaw.com/lar/4e067afa304835ecaf272b975a924c7dbdfb.html,引证码FBMCLI.14.8602119｜有附件｜未知位阶/无条文:地方工作文件
97,pkulaw,法规,地方工作文件,建湖县人民政府关于同意高新区低空经济产业园东片区等2个片区控制性详细规划的批复,建湖县人民政府,建政复〔2024〕14号,2024-05-21,2024-05-21,现行有效,,否,pkulaw\raw_pdf\低空经济\低空经济\建湖县人民政府关于同意高新区低空经济产业园东片区等2个片区控制性详细规划的批复(FBMCLI.14.8018892).pdf,https://www.pkulaw.com/lar/80dc51b8171903370c5cd17398b551b1bdfb.html,引证码FBMCLI.14.8018892｜有附件｜行政事务性通知(非规范文本)
98,pkulaw,法规,地方工作文件,开平市人民政府办公室关于印发开平市低空经济产业发展规划的通知,开平市人民政府,开府办〔2024〕33号,2024-09-06,2024-09-06,现行有效,,否,pkulaw\raw_pdf\低空经济\低空经济\开平市人民政府办公室关于印发开平市低空经济产业发展规划的通知(FBMCLI.14.8373614).pdf,https://www.pkulaw.com/lar/d13eddee617257ef02b041e783346b25bdfb.html,引证码FBMCLI.14.8373614｜有附件｜未知位阶/无条文:地方工作文件
99,pkulaw,法规,地方工作文件,张家港市政府办公室关于印发张家港市低空经济高质量发展三年行动计划(2024—2026年)的通知,张家港市人民政府,张政办〔2024〕67号,2024-11-30,2024-11-30,现行有效,,否,pkulaw\raw_pdf\低空经济\低空经济\张家港市政府办公室关于印发张家港市低空经济高质量发展三年行动计划(2024—2026年)的通知(FBMCLI.14.8191819).pdf,https://www.pkulaw.com/lar/acb385d9322c5fcd922078140896d396bdfb.html,引证码FBMCLI.14.8191819｜未知位阶/无条文:地方工作文件
100,pkulaw,法规,地方工作文件,徐州市政府办公室关于印发徐州市加快推动低空经济高质量发展实施方案的通知,徐州市人民政府,徐政办发〔2024〕27号,2024-07-22,2024-07-22,现行有效,,否,pkulaw\raw_pdf\低空经济\低空经济\徐州市政府办公室关于印发徐州市加快推动低空经济高质量发展实施方案的通知(FBMCLI.14.7705111).pdf,https://www.pkulaw.com/lar/373be87687124229d4f4d07d0899f1f9bdfb.html,引证码FBMCLI.14.7705111｜有附件｜未知位阶/无条文:地方工作文件
101,pkulaw,法规,地方工作文件,德清县人民政府办公室关于印发德清县低空经济高质量发展行动方案(2024—2027年)的通知,德清县人民政府,德政办发〔2024〕58号,2024-12-18,2024-12-18,现行有效,,否,pkulaw\raw_pdf\低空经济\低空经济\德清县人民政府办公室关于印发德清县低空经济高质量发展行动方案(2024—2027年)的通知(FBMCLI.14.8374714).pdf,https://www.pkulaw.com/lar/77dcb7402a1420d344286ec0cec341a0bdfb.html,引证码FBMCLI.14.8374714｜有附件｜未知位阶/无条文:地方工作文件
102,pkulaw,法规,地方工作文件,恩施州人民政府办公室关于印发恩施州促进低空经济发展实施方案(2025—2027年)的通知,恩施土家族苗族自治州人民政府,恩施州政办发〔2025〕9号,2025-04-07,2025-04-07,现行有效,,否,pkulaw\raw_pdf\低空经济\低空经济\恩施州人民政府办公室关于印发恩施州促进低空经济发展实施方案(2025—2027年)的通知(FBMCLI.14.8727818).pdf,https://www.pkulaw.com/lar/f0712fcc6536ba9032bb669538bc3c60bdfb.html,引证码FBMCLI.14.8727818｜未知位阶/无条文:地方工作文件
103,pkulaw,法规,地方工作文件,惠东县人民政府办公室关于成立惠东县推动低空经济高质量发展工作专班的通知,惠东县人民政府,惠东府办函〔2024〕372号,2024-08-19,2024-08-19,现行有效,,否,pkulaw\raw_pdf\低空经济\低空经济\惠东县人民政府办公室关于成立惠东县推动低空经济高质量发展工作专班的通知(FBMCLI.14.7809747).pdf,https://www.pkulaw.com/lar/3932e5aa1f04f93ac5d1a86964c75e30bdfb.html,引证码FBMCLI.14.7809747｜未知位阶/无条文:地方工作文件
104,pkulaw,法规,地方工作文件,惠州市人民政府办公室关于印发惠州市推动低空经济高质量发展行动方案(2024―2026年)的通知,惠州市人民政府,惠府办〔2024〕11号,2024-05-23,2024-05-23,现行有效,,否,pkulaw\raw_pdf\低空经济\低空经济\惠州市人民政府办公室关于印发惠州市推动低空经济高质量发展行动方案(2024―2026年)的通知(FBMCLI.14.7496607).pdf,https://www.pkulaw.com/lar/eb3f328190950f748b9d299bd3dc0510bdfb.html,引证码FBMCLI.14.7496607｜未知位阶/无条文:地方工作文件
105,pkulaw,法规,地方工作文件,惠州市人民政府办公室关于成立惠州市推动低空经济高质量发展工作专班的通知,惠州市人民政府,惠府办函〔2024〕49号,2024-06-17,2024-06-17,现行有效,,否,pkulaw\raw_pdf\低空经济\低空经济\惠州市人民政府办公室关于成立惠州市推动低空经济高质量发展工作专班的通知(FBMCLI.14.7563528).pdf,https://www.pkulaw.com/lar/6f24cdf5fd75a4ada18aa062bad17852bdfb.html,引证码FBMCLI.14.7563528｜未知位阶/无条文:地方工作文件
106,pkulaw,法规,地方规范性文件,成都市发展和改革委员会等7部门关于印发《成都市加快提升低空飞行能力培育低空经济市场的若干政策措施》的通知,成都市发展和改革委员会 中共成都市委军民融合发展委员会办公室 成都市地方金融监督管理局,成发改基础规〔2025〕167号,2025-06-17,2025-07-16,现行有效,,否,pkulaw\raw_pdf\低空经济\低空经济\成都市发展和改革委员会等7部门关于印发《成都市加快提升低空飞行能力培育低空经济市场的若干政策措施》的通知(FBMCLI.12.8812259).pdf,https://www.pkulaw.com/lar/dda89be2b5d5cf9755462826b2a1a8e2bdfb.html,引证码FBMCLI.12.8812259｜规范性文件但非结构化(通知/公告)
107,pkulaw,法规,地方工作文件,扬州市低空经济高质量发展工作专班关于明确扬州市低空经济高质量发展工作专班职责分工的通知,扬州市发展和改革委员会,,2024-11-25,2024-11-25,现行有效,,否,pkulaw\raw_pdf\低空经济\低空经济\扬州市低空经济高质量发展工作专班关于明确扬州市低空经济高质量发展工作专班职责分工的通知(FBMCLI.14.8993454).pdf,https://www.pkulaw.com/lar/209a79f929c5a49c00b845536d127c1dbdfb.html,引证码FBMCLI.14.8993454｜未知位阶/无条文:地方工作文件
108,pkulaw,法规,地方工作文件,无锡市人民政府办公室关于印发无锡市低空经济高质量发展三年行动方案(2024—2026年)的通知,无锡市人民政府,锡政办发〔2024〕17号,2024-04-02,2024-04-02,现行有效,,否,pkulaw\raw_pdf\低空经济\低空经济\无锡市人民政府办公室关于印发无锡市低空经济高质量发展三年行动方案(2024—2026年)的通知(FBMCLI.14.7459931).pdf,https://www.pkulaw.com/lar/64a9c0892b54f853d3c1b468bfc00b9abdfb.html,引证码FBMCLI.14.7459931｜有附件｜未知位阶/无条文:地方工作文件
109,pkulaw,法规,地方规范性文件,无锡市政府办公室关于印发无锡市支持低空经济高质量发展若干政策措施的通知,无锡市人民政府,锡政办规〔2024〕5号,2024-10-23,2024-12-01,现行有效,,否,pkulaw\raw_pdf\低空经济\低空经济\无锡市政府办公室关于印发无锡市支持低空经济高质量发展若干政策措施的通知(FBMCLI.12.7930650).pdf,https://www.pkulaw.com/lar/4c386357de85163df7bed93ee497c61dbdfb.html,引证码FBMCLI.12.7930650｜规范性文件但非结构化(通知/公告)
110,pkulaw,法规,地方工作文件,无锡市梁溪区政府关于印发梁溪区低空经济高质量发展三年行动计划(2024—2026年)的通知,无锡市梁溪区人民政府,梁政发〔2024〕68号,2024-11-19,2024-11-19,现行有效,,否,pkulaw\raw_pdf\低空经济\低空经济\无锡市梁溪区政府关于印发梁溪区低空经济高质量发展三年行动计划(2024—2026年)的通知(FBMCLI.14.8368950).pdf,https://www.pkulaw.com/lar/fdfd23d2e2425f8608fbe6b547b94a39bdfb.html,引证码FBMCLI.14.8368950｜有附件｜未知位阶/无条文:地方工作文件
111,pkulaw,法规,地方工作文件,晋中市人民政府办公室关于印发晋中市支持低空经济发展若干措施的通知,晋中市人民政府,市政办发〔2024〕27号,2024-09-14,2024-10-14,现行有效,,否,pkulaw\raw_pdf\低空经济\低空经济\晋中市人民政府办公室关于印发晋中市支持低空经济发展若干措施的通知(FBMCLI.14.7840796).pdf,https://www.pkulaw.com/lar/71da4c439b51abf0b2c1036f9d214677bdfb.html,引证码FBMCLI.14.7840796｜未知位阶/无条文:地方工作文件
112,pkulaw,法规,地方工作文件,晋城市人民政府办公室关于成立晋城市低空经济和通用航空产业发展工作专班的通知,晋城市人民政府,晋市政办函〔2024〕32号,2024-11-20,2024-11-20,现行有效,,否,pkulaw\raw_pdf\低空经济\低空经济\晋城市人民政府办公室关于成立晋城市低空经济和通用航空产业发展工作专班的通知(FBMCLI.14.8787235).pdf,https://www.pkulaw.com/lar/ecc636426fb59d051cb35967172da1f8bdfb.html,引证码FBMCLI.14.8787235｜未知位阶/无条文:地方工作文件
113,pkulaw,法规,地方工作文件,朝阳市人民政府办公室关于印发朝阳市低空经济高质量发展行动方案(2025—2027年)的通知,朝阳市人民政府,朝政办发〔2025〕3号,2025-02-16,2025-02-16,现行有效,,否,pkulaw\raw_pdf\低空经济\低空经济\朝阳市人民政府办公室关于印发朝阳市低空经济高质量发展行动方案(2025—2027年)的通知(FBMCLI.14.8582154).pdf,https://www.pkulaw.com/lar/0e5bad4ababeeafdb99de5af3d91c37dbdfb.html,引证码FBMCLI.14.8582154｜有附件｜未知位阶/无条文:地方工作文件
114,pkulaw,法规,,杭州出台政策支持低空经济产业高质量发展,,,,,,,否,pkulaw\raw_pdf\低空经济\低空经济\杭州出台政策支持低空经济产业高质量发展(FBMCLI.N.131055).pdf,https://www.pkulaw.com/news/fc576a62c6818f4cbdfb.html,引证码FBMCLI.N.131055｜未知位阶/无条文:空
115,pkulaw,法规,地方工作文件,杭州市临安区人民政府办公室关于印发《临安区低空经济高质量发展实施方案(2024—2027年)》的通知,杭州市临安区人民政府,临政办〔2025〕4号,2025-01-21,2025-02-21,现行有效,,否,pkulaw\raw_pdf\低空经济\低空经济\杭州市临安区人民政府办公室关于印发《临安区低空经济高质量发展实施方案(2024—2027年)》的通知(FBMCLI.14.8474979).pdf,https://www.pkulaw.com/lar/c1adacb80fdebea9db94ad6b399f4e26bdfb.html,引证码FBMCLI.14.8474979｜未知位阶/无条文:地方工作文件
116,pkulaw,法规,地方工作文件,杭州市临平区人民政府办公室关于印发《临平区低空经济高质量发展实施方案(2024—2027年)》的通知,杭州市临平区人民政府,临平政办〔2025〕9号,2025-03-09,2025-04-12,现行有效,,否,pkulaw\raw_pdf\低空经济\低空经济\杭州市临平区人民政府办公室关于印发《临平区低空经济高质量发展实施方案(2024—2027年)》的通知(FBMCLI.14.8629017).pdf,https://www.pkulaw.com/lar/c8c36192193cffb6c8491c462e1ef278bdfb.html,引证码FBMCLI.14.8629017｜未知位阶/无条文:地方工作文件
117,pkulaw,法规,地方工作文件,杭州市人民政府办公厅关于印发杭州市低空经济高质量发展实施方案(2024—2027年)的通知,杭州市人民政府,杭政办函〔2024〕35号,2024-06-27,2024-07-28,现行有效,,否,pkulaw\raw_pdf\低空经济\低空经济\杭州市人民政府办公厅关于印发杭州市低空经济高质量发展实施方案(2024—2027年)的通知(FBMCLI.14.7612443).pdf,https://www.pkulaw.com/lar/6e2ef516231e9dd32af6543a8ef362b5bdfb.html,引证码FBMCLI.14.7612443｜未知位阶/无条文:地方工作文件
118,pkulaw,法规,地方工作文件,杭州市发改委关于《杭州市低空经济产业高质量发展路径研究》采购结果的公告,杭州市发展和改革委员会,,,2024,现行有效,,否,pkulaw\raw_pdf\低空经济\低空经济\杭州市发改委关于《杭州市低空经济产业高质量发展路径研究》采购结果的公告(FBMCLI.14.7648406).pdf,https://www.pkulaw.com/lar/f2ecd42fbd1df04f6fc7a482b5491dffbdfb.html,引证码FBMCLI.14.7648406｜未知位阶/无条文:地方工作文件
119,pkulaw,法规,地方工作文件,杭州市富阳区人民政府办公室关于印发杭州市富阳区打造“山居飞廊”品牌推动低空经济高质量发展行动方案(2025—2027年)的通知,杭州市富阳区人民政府,,2025-11-10,2025-12-20,现行有效,,否,pkulaw\raw_pdf\低空经济\低空经济\杭州市富阳区人民政府办公室关于印发杭州市富阳区打造“山居飞廊”品牌推动低空经济高质量发展行动方案(2025—2027年)的通知(FBMCLI.14.9465743).pdf,https://www.pkulaw.com/lar/ea1bef0e0fe0ca36ccbb2426691f2b48bdfb.html,引证码FBMCLI.14.9465743｜有附件｜未知位阶/无条文:地方工作文件
120,pkulaw,法规,地方工作文件,杭州市科学技术局、杭州市交通运输局关于组织申报低空经济省重大科技专项2026年度项目的通知,杭州市科学技术局 杭州市交通运输局(原杭州市交通管理局),,2025-06-23,2025-06-23,现行有效,,否,pkulaw\raw_pdf\低空经济\低空经济\杭州市科学技术局、杭州市交通运输局关于组织申报低空经济省重大科技专项2026年度项目的通知(FBMCLI.14.8806036).pdf,https://www.pkulaw.com/lar/888bccca3fbdfd50d2dd1e487055285bbdfb.html,引证码FBMCLI.14.8806036｜有附件｜未知位阶/无条文:地方工作文件
121,pkulaw,法规,地方工作文件,杭州市财政局、杭州市交通运输局印发《杭州市支持低空经济高质量发展的若干措施》的通知,杭州市财政局 杭州市交通运输局(原杭州市交通管理局),杭财建〔2024〕7号,2024-09-06,2024-10-08,现行有效,,否,pkulaw\raw_pdf\低空经济\低空经济\杭州市财政局、杭州市交通运输局印发《杭州市支持低空经济高质量发展的若干措施》的通知(FBMCLI.14.7787913).pdf,https://www.pkulaw.com/lar/6b790860bf3c358883c1c840efa9d2d6bdfb.html,引证码FBMCLI.14.7787913｜未知位阶/无条文:地方工作文件
122,pkulaw,法规,地方工作文件,枣庄市人民政府办公室关于印发枣庄市低空经济高质量发展三年行动方案(2025—2027年)的通知,枣庄市人民政府,枣政办发〔2024〕8号,2024-12-16,2024-12-16,现行有效,,否,pkulaw\raw_pdf\低空经济\低空经济\枣庄市人民政府办公室关于印发枣庄市低空经济高质量发展三年行动方案(2025—2027年)的通知(FBMCLI.14.8474264).pdf,https://www.pkulaw.com/lar/5352a19f5fc6e460c26cfe9f6991f6babdfb.html,引证码FBMCLI.14.8474264｜未知位阶/无条文:地方工作文件
123,pkulaw,法规,地方工作文件,桂林市人民政府办公室关于印发桂林市低空经济高质量发展实施方案(2025—2027年)的通知,桂林市人民政府,市政办〔2025〕8号,2025-05-03,2025-05-03,现行有效,,否,pkulaw\raw_pdf\低空经济\低空经济\桂林市人民政府办公室关于印发桂林市低空经济高质量发展实施方案(2025—2027年)的通知(FBMCLI.14.9145708).pdf,https://www.pkulaw.com/lar/ae3b80502a62459e771cc32445e618d4bdfb.html,引证码FBMCLI.14.9145708｜未知位阶/无条文:地方工作文件
124,pkulaw,法规,地方工作文件,桐乡市交通运输局、桐乡市财政局关于《桐乡市支持低空经济高质量发展的若干措施》的通知,桐乡市交通运输局 桐乡市财政局,桐交〔2024〕57号,2024-11-18,2024-12-20,现行有效,,否,pkulaw\raw_pdf\低空经济\低空经济\桐乡市交通运输局、桐乡市财政局关于《桐乡市支持低空经济高质量发展的若干措施》的通知(FBMCLI.14.8680377).pdf,https://www.pkulaw.com/lar/0bdd9d5a268a7385d56a85bdefb5ae33bdfb.html,引证码FBMCLI.14.8680377｜未知位阶/无条文:地方工作文件
125,pkulaw,法规,地方工作文件,桐乡市人民政府办公室关于印发桐乡市推动低空经济高质量发展实施方案(2024—2027年)的通知,桐乡市人民政府,桐政办发〔2024〕35号,2024-11-01,2024-11-01,现行有效,,否,pkulaw\raw_pdf\低空经济\低空经济\桐乡市人民政府办公室关于印发桐乡市推动低空经济高质量发展实施方案(2024—2027年)的通知(FBMCLI.14.8220072).pdf,https://www.pkulaw.com/lar/d0f1fe4656ae0da70f64b414c5777c7cbdfb.html,引证码FBMCLI.14.8220072｜未知位阶/无条文:地方工作文件
126,pkulaw,法规,地方工作文件,武汉市人民政府关于印发武汉市支持低空经济高质量发展若干措施的通知,武汉市人民政府,武政规〔2024〕8号,2024-05-22,2024-06-28,现行有效,,否,pkulaw\raw_pdf\低空经济\低空经济\武汉市人民政府关于印发武汉市支持低空经济高质量发展若干措施的通知(FBMCLI.14.7551328).pdf,https://www.pkulaw.com/lar/20cff038c2db6191c0e6429ae78bb395bdfb.html,引证码FBMCLI.14.7551328｜未知位阶/无条文:地方工作文件
127,pkulaw,法规,地方工作文件,汕头市发展和改革局关于发布《汕头市低空经济应用场景推广清单(2025年版)》的通知,汕头市发展和改革局,汕市发改函〔2025〕356号,2025-05-26,2025-05-26,现行有效,,否,pkulaw\raw_pdf\低空经济\低空经济\汕头市发展和改革局关于发布《汕头市低空经济应用场景推广清单(2025年版)》的通知(FBMCLI.14.8931796).pdf,https://www.pkulaw.com/lar/3b75f1a59b71d54966f81a984589a162bdfb.html,引证码FBMCLI.14.8931796｜有附件｜未知位阶/无条文:地方工作文件
128,pkulaw,法规,地方工作文件,江宁区低空经济高质量发展行动方案(2024—2026年),南京市江宁区人民政府,,2024-12-30,2024-12-30,现行有效,,否,pkulaw\raw_pdf\低空经济\低空经济\江宁区低空经济高质量发展行动方案(2024—2026年)(FBMCLI.14.8612899).pdf,https://www.pkulaw.com/lar/69ebf05f791a24094cef2929536e5e94bdfb.html,引证码FBMCLI.14.8612899｜未知位阶/无条文:地方工作文件
129,pkulaw,法规,,江苏两部门数据共享服务低空经济高质量发展,,,,,,,否,pkulaw\raw_pdf\低空经济\低空经济\江苏两部门数据共享服务低空经济高质量发展(FBMCLI.N.136255).pdf,https://www.pkulaw.com/news/ee54da1c12a8eccabdfb.html,引证码FBMCLI.N.136255｜未知位阶/无条文:空
130,pkulaw,法规,地方工作文件,江苏省人力资源和社会保障厅关于举办2025年“低空经济创新发展与产业实践”高级研修班的通知,江苏省人力资源和社会保障厅,,2025-04-17,2025-04-17,现行有效,,否,pkulaw\raw_pdf\低空经济\低空经济\江苏省人力资源和社会保障厅关于举办2025年“低空经济创新发展与产业实践”高级研修班的通知(FBMCLI.14.8715751).pdf,https://www.pkulaw.com/lar/91f745345c1a926d1afa0df7b620de0fbdfb.html,引证码FBMCLI.14.8715751｜有附件｜未知位阶/无条文:地方工作文件
131,pkulaw,法规,地方工作文件,江苏省农业农村厅关于印发《关于促进农业农村领域低空经济发展的若干措施》的通知,江苏省农业农村厅,苏农机〔2026〕3号,2026-01-13,2026-01-13,现行有效,,否,pkulaw\raw_pdf\低空经济\低空经济\江苏省农业农村厅关于印发《关于促进农业农村领域低空经济发展的若干措施》的通知(FBMCLI.14.9771161).pdf,https://www.pkulaw.com/lar/2cf24a87b18209383d0da7953e98933abdfb.html,引证码FBMCLI.14.9771161｜未知位阶/无条文:地方工作文件
132,pkulaw,法规,地方工作文件,江西省人力资源和社会保障厅关于举办“低空经济发展与无人系统技术”高级研修班的通知,江西省人力资源和社会保障厅,,2025-09-11,2025-09-11,现行有效,,否,pkulaw\raw_pdf\低空经济\低空经济\江西省人力资源和社会保障厅关于举办“低空经济发展与无人系统技术”高级研修班的通知(FBMCLI.14.9239541).pdf,https://www.pkulaw.com/lar/2fa63c2fdf9cd07b9dabe443c3ce3f21bdfb.html,引证码FBMCLI.14.9239541｜有附件｜未知位阶/无条文:地方工作文件
133,pkulaw,法规,地方工作文件,江西省气象局关于征集低空经济气象服务典型案例的公告,江西省气象局,,2025-11-28,2025-11-28,现行有效,,否,pkulaw\raw_pdf\低空经济\低空经济\江西省气象局关于征集低空经济气象服务典型案例的公告(FBMCLI.14.9478181).pdf,https://www.pkulaw.com/lar/9cc6d0ea4fbb272ef9c5d6b0bf668476bdfb.html,引证码FBMCLI.14.9478181｜有附件｜行政事务性通知(非规范文本)
134,pkulaw,法规,地方工作文件,江门市人民政府关于印发江门市低空经济发展规划(2025―2030年)的通知,江门市人民政府,江府〔2025〕11号,2025-09-10,2025-09-10,现行有效,,否,pkulaw\raw_pdf\低空经济\低空经济\江门市人民政府关于印发江门市低空经济发展规划(2025―2030年)的通知(FBMCLI.14.9181291).pdf,https://www.pkulaw.com/lar/714e6e9ddaeb8875edc91e36c88792e1bdfb.html,引证码FBMCLI.14.9181291｜有附件｜未知位阶/无条文:地方工作文件
135,pkulaw,法规,地方规范性文件,沈阳市工业和信息化局关于印发《沈阳市促进低空经济高质量发展若干政策措施》的通知,沈阳市工业和信息化局(原沈阳市经济和信息化委员会),沈工信发〔2024〕84号,2024-09-27,2024-10-27,现行有效,,否,pkulaw\raw_pdf\低空经济\低空经济\沈阳市工业和信息化局关于印发《沈阳市促进低空经济高质量发展若干政策措施》的通知(FBMCLI.12.7837176).pdf,https://www.pkulaw.com/lar/49295931868f7e3b6a945d8aa016480dbdfb.html,引证码FBMCLI.12.7837176｜规范性文件但非结构化(通知/公告)
136,pkulaw,法规,地方工作文件,沧州市人民政府办公室关于印发沧州市推动低空经济高质量发展若干措施的通知,沧州市人民政府,沧政办字〔2025〕1号,2025-01-19,2025-01-19,现行有效,,否,pkulaw\raw_pdf\低空经济\低空经济\沧州市人民政府办公室关于印发沧州市推动低空经济高质量发展若干措施的通知(FBMCLI.14.8464360).pdf,https://www.pkulaw.com/lar/d8069d7abd743c752339e581d87783e5bdfb.html,引证码FBMCLI.14.8464360｜未知位阶/无条文:地方工作文件
137,pkulaw,法规,地方工作文件,河北省发展和改革委员会关于公布河北省低空经济应用场景需求清单和产业供给能力清单的公告,河北省发展和改革委员会,,2026-05-22,2026-05-22,现行有效,,否,pkulaw\raw_pdf\低空经济\低空经济\河北省发展和改革委员会关于公布河北省低空经济应用场景需求清单和产业供给能力清单的公告(FBMCLI.14.9968962).pdf,https://www.pkulaw.com/lar/6acd2d0d3fe995ac0b7d3ab2d9cf24c0bdfb.html,引证码FBMCLI.14.9968962｜有附件｜未知位阶/无条文:地方工作文件
138,pkulaw,法规,地方工作文件,河北省科学技术厅、河北省发展和改革委员会、河北省交通运输厅关于征集低空经济创新应用场景的通知,河北省科学技术厅 河北省发展和改革委员会 河北省交通运输厅,冀科成市〔2024〕15号,2024-08-21,2024-08-21,现行有效,,否,pkulaw\raw_pdf\低空经济\低空经济\河北省科学技术厅、河北省发展和改革委员会、河北省交通运输厅关于征集低空经济创新应用场景的通知(FBMCLI.14.8651961).pdf,https://www.pkulaw.com/lar/256cf61a5ce17fa35686d3fef5e7e409bdfb.html,引证码FBMCLI.14.8651961｜行政事务性通知(非规范文本)
139,pkulaw,法规,地方工作文件,河北省科学技术厅关于举办2024年河北省场景创新大赛(低空经济领域)的通知,河北省科学技术厅,冀科成市函〔2024〕29号,2024-08-22,2024-08-22,现行有效,,否,pkulaw\raw_pdf\低空经济\低空经济\河北省科学技术厅关于举办2024年河北省场景创新大赛(低空经济领域)的通知(FBMCLI.14.8652018).pdf,https://www.pkulaw.com/lar/c06409786800abe8f6cfe39deed8b58ebdfb.html,引证码FBMCLI.14.8652018｜未知位阶/无条文:地方工作文件
140,pkulaw,法规,地方工作文件,河北省科学技术厅关于举办河北省低空经济创新应用场景发布会暨场景创新大赛(低空经济领域)颁奖仪式的通知,河北省科学技术厅,,2024-09-19,2024-09-19,现行有效,,否,pkulaw\raw_pdf\低空经济\低空经济\河北省科学技术厅关于举办河北省低空经济创新应用场景发布会暨场景创新大赛(低空经济领域)颁奖仪式的通知(FBMCLI.14.7802427).pdf,https://www.pkulaw.com/lar/4e334e2ab396373fc6cd12aaf446e56bbdfb.html,引证码FBMCLI.14.7802427｜有附件｜未知位阶/无条文:地方工作文件
141,pkulaw,法规,地方工作文件,河北省科学技术厅关于发布2024年第二批创新应用场景清单(低空经济)的通知,河北省科学技术厅,冀科成市函〔2024〕35号,2024-09-30,2024-09-30,现行有效,,否,pkulaw\raw_pdf\低空经济\低空经济\河北省科学技术厅关于发布2024年第二批创新应用场景清单(低空经济)的通知(FBMCLI.14.8652059).pdf,https://www.pkulaw.com/lar/dc9b093f33cf517501d915a2c18d0966bdfb.html,引证码FBMCLI.14.8652059｜有附件｜未知位阶/无条文:地方工作文件
142,pkulaw,法规,地方规范性文件,河北雄安新区党工委管委会党政办公室印发《关于支持低空经济产业发展的若干措施》的通知,河北雄安新区党工委管委会,雄安政办字〔2024〕26号,2024-08-01,2024-08-01,现行有效,,否,pkulaw\raw_pdf\低空经济\低空经济\河北雄安新区党工委管委会党政办公室印发《关于支持低空经济产业发展的若干措施》的通知(FBMCLI.12.9280563).pdf,https://www.pkulaw.com/lar/ace54a7f316a20b58b08e6b8fc1996fcbdfb.html,引证码FBMCLI.12.9280563｜规范性文件但非结构化(通知/公告)
143,pkulaw,法规,地方工作文件,河南省人民政府办公厅关于印发促进全省低空经济高质量发展实施方案(2024—2027年)的通知,河南省人民政府,豫政办〔2024〕33号,2024-07-05,2024-07-05,现行有效,,否,pkulaw\raw_pdf\低空经济\低空经济\河南省人民政府办公厅关于印发促进全省低空经济高质量发展实施方案(2024—2027年)的通知(FBMCLI.14.7703335).pdf,https://www.pkulaw.com/lar/c05fcb954cddea767d0dc99ee3066157bdfb.html,引证码FBMCLI.14.7703335｜未知位阶/无条文:地方工作文件
144,pkulaw,法规,地方工作文件,河池市人民政府办公室关于印发河池市低空经济高质量发展三年行动方案(2024—2026年)的通知,河池市人民政府,河政办发〔2025〕2号,2025-01-07,2025-01-07,现行有效,,否,pkulaw\raw_pdf\低空经济\低空经济\河池市人民政府办公室关于印发河池市低空经济高质量发展三年行动方案(2024—2026年)的通知(FBMCLI.14.8620567).pdf,https://www.pkulaw.com/lar/4d23ff5b8250d16e225f4c45a76c68fdbdfb.html,引证码FBMCLI.14.8620567｜有附件｜未知位阶/无条文:地方工作文件
145,pkulaw,法规,地方工作文件,河池市金城江区人民政府办公室关于印发河池市金城江区低空经济高质量发展三年行动方案2024—2026年的通知,河池市金城江区人民政府,金政办发〔2025〕4号,2025-03-24,2025-03-24,现行有效,,否,pkulaw\raw_pdf\低空经济\低空经济\河池市金城江区人民政府办公室关于印发河池市金城江区低空经济高质量发展三年行动方案2024—2026年的通知(FBMCLI.14.8704118).pdf,https://www.pkulaw.com/lar/f04471cc7442ba612cc5880f1ce9503abdfb.html,引证码FBMCLI.14.8704118｜未知位阶/无条文:地方工作文件
146,pkulaw,法规,地方工作文件,河源市人民政府办公室关于成立河源市推动低空经济高质量发展工作专班的通知,河源市人民政府,河府办函〔2025〕28号,2025-03-24,2025-03-24,现行有效,,否,pkulaw\raw_pdf\低空经济\低空经济\河源市人民政府办公室关于成立河源市推动低空经济高质量发展工作专班的通知(FBMCLI.14.8707526).pdf,https://www.pkulaw.com/lar/41cbf86cc997d2db89ac5518477311ffbdfb.html,引证码FBMCLI.14.8707526｜未知位阶/无条文:地方工作文件
147,pkulaw,法规,地方工作文件,济南市人民政府办公厅关于印发济南市低空经济高质量发展实施方案的通知,济南市人民政府,济政办字〔2024〕31号,2024-10-25,2024-10-25,现行有效,,否,pkulaw\raw_pdf\低空经济\低空经济\济南市人民政府办公厅关于印发济南市低空经济高质量发展实施方案的通知(FBMCLI.14.8967389).pdf,https://www.pkulaw.com/lar/a32ac87d21f1cf3ad9bfe2117a44a1cbbdfb.html,引证码FBMCLI.14.8967389｜未知位阶/无条文:地方工作文件
148,pkulaw,法规,,浙江低空经济从“尝鲜”走向“常用”,,,,,,,否,pkulaw\raw_pdf\低空经济\低空经济\浙江低空经济从“尝鲜”走向“常用”(FBMCLI.N.136648).pdf,https://www.pkulaw.com/news/839511d39296fe82bdfb.html,引证码FBMCLI.N.136648｜未知位阶/无条文:空
149,pkulaw,法规,地方工作文件,浙江省交通运输厅、浙江省科学技术厅关于组织申报低空经济重大科技专项2026年度项目的通知,浙江省交通运输厅 浙江省科学技术厅,浙交函〔2025〕61号,2025-06-11,2025-06-11,现行有效,,否,pkulaw\raw_pdf\低空经济\低空经济\浙江省交通运输厅、浙江省科学技术厅关于组织申报低空经济重大科技专项2026年度项目的通知(FBMCLI.14.8801590).pdf,https://www.pkulaw.com/lar/e50524d8788600b63bb84baa320e5e46bdfb.html,引证码FBMCLI.14.8801590｜未知位阶/无条文:地方工作文件
150,pkulaw,法规,地方规范性文件,浙江省交通运输厅关于公布低空经济重大科技专项专家组名单及工作细则的通知,浙江省交通运输厅,,2025-11-03,2025-11-03,现行有效,,否,pkulaw\raw_pdf\低空经济\低空经济\浙江省交通运输厅关于公布低空经济重大科技专项专家组名单及工作细则的通知(FBMCLI.12.9471260).pdf,https://www.pkulaw.com/lar/d231bbdbc0655be7bcb5dfe9b05047e7bdfb.html,引证码FBMCLI.12.9471260｜有附件｜行政事务性通知(非规范文本)
151,pkulaw,法规,地方工作文件,浙江省人民政府关于高水平建设民航强省打造低空经济发展高地的若干意见,浙江省人民政府,浙政发〔2024〕20号,2024-07-09,2024-07-09,现行有效,,否,pkulaw\raw_pdf\低空经济\低空经济\浙江省人民政府关于高水平建设民航强省打造低空经济发展高地的若干意见(FBMCLI.14.7700439).pdf,https://www.pkulaw.com/lar/9b658d64898e14df37d41cfe19c89c96bdfb.html,引证码FBMCLI.14.7700439｜有附件｜未知位阶/无条文:地方工作文件
152,pkulaw,法规,地方工作文件,浙江省科学技术厅等5部门关于组织申报2027年度第一批省“尖兵”“领雁”科技计划项目(“文化 科技”、低空经济、深海智能装...,浙江省科学技术厅 中共浙江省委宣传部 浙江省交通运输厅 浙江省海洋经济发展厅 浙江省人民,,2026-07-10,2026-07-10,现行有效,,否,pkulaw\raw_pdf\低空经济\低空经济\浙江省科学技术厅等5部门关于组织申报2027年度第一批省“尖兵”“领雁”科技计划项目(“文化 科技”、低空经济、深海智能装...(FBMCLI.14.10115582).pdf,https://www.pkulaw.com/lar/c2248f427316bfa279060fb9a76f83b3bdfb.html,引证码FBMCLI.14.10115582｜未知位阶/无条文:地方工作文件
153,pkulaw,法规,地方工作文件,浙江省自然资源厅关于支持民航强省低空经济发展加强自然资源要素保障的通知,浙江省自然资源厅,浙自然资规〔2024〕12号,2024-10-08,2024-11-11,现行有效,,否,pkulaw\raw_pdf\低空经济\低空经济\浙江省自然资源厅关于支持民航强省低空经济发展加强自然资源要素保障的通知(FBMCLI.14.7833560).pdf,https://www.pkulaw.com/lar/bb417aebb1677442fccf249385419a7dbdfb.html,引证码FBMCLI.14.7833560｜未知位阶/无条文:地方工作文件
154,pkulaw,法规,地方工作文件,海南省发展和改革委员会、中共海南省委军民融合发展委员会办公室、海南省交通运输厅、海南省工业和信息化厅、海南省国有资产...,海南省发展和改革委员会 中共海南省委军民融合发展委员会 海南省交通运输厅 海南省工业和信,琼发改基础〔2024〕921号,2024-09-03,2024-09-03,现行有效,,否,pkulaw\raw_pdf\低空经济\低空经济\海南省发展和改革委员会、中共海南省委军民融合发展委员会办公室、海南省交通运输厅、海南省工业和信息化厅、海南省国有资产...(FBMCLI.14.7833784).pdf,https://www.pkulaw.com/lar/f486c36eade662c42c3facb3319c6c15bdfb.html,引证码FBMCLI.14.7833784｜有附件｜未知位阶/无条文:地方工作文件
155,pkulaw,法规,地方工作文件,海口市低空经济发展三年行动计划(2024年―2026年),海口市发展和改革委员会,,,2024,现行有效,,否,pkulaw\raw_pdf\低空经济\低空经济\海口市低空经济发展三年行动计划(2024年―2026年)(FBMCLI.14.8431040).pdf,https://www.pkulaw.com/lar/c8f18c0f431439684d75f71ba9b699babdfb.html,引证码FBMCLI.14.8431040｜有附件｜未知位阶/无条文:地方工作文件
156,pkulaw,法规,地方工作文件,海口市发展和改革委员会关于开展海口市低空经济发展规划研究项目的询价公告,海口市发展和改革委员会,,2024-08-02,2024-08-02,现行有效,,否,pkulaw\raw_pdf\低空经济\低空经济\海口市发展和改革委员会关于开展海口市低空经济发展规划研究项目的询价公告(FBMCLI.14.7696031).pdf,https://www.pkulaw.com/lar/54b942c7f9c632ea5b236c830ad969d4bdfb.html,引证码FBMCLI.14.7696031｜未知位阶/无条文:地方工作文件
157,pkulaw,法规,地方工作文件,海宁市人民政府办公室关于印发《海宁市推动低空经济高质量发展实施方案(2024—2027年)》的通知,海宁市人民政府,海政办发〔2024〕66号,2024-11-06,2024-11-06,现行有效,,否,pkulaw\raw_pdf\低空经济\低空经济\海宁市人民政府办公室关于印发《海宁市推动低空经济高质量发展实施方案(2024—2027年)》的通知(FBMCLI.14.8219839).pdf,https://www.pkulaw.com/lar/baaff96901d840224fca5e7aefef95abbdfb.html,引证码FBMCLI.14.8219839｜未知位阶/无条文:地方工作文件
158,pkulaw,法规,地方工作文件,海州区人民政府办公室关于印发《海州区低空经济高质量发展实施方案(2025―2027年)》的通知,连云港市海州区人民政府,,2025-05-06,2025-05-06,现行有效,,否,pkulaw\raw_pdf\低空经济\低空经济\海州区人民政府办公室关于印发《海州区低空经济高质量发展实施方案(2025―2027年)》的通知(FBMCLI.14.9162917).pdf,https://www.pkulaw.com/lar/8ba04f4f4f9e3fe90067fd80935bea19bdfb.html,引证码FBMCLI.14.9162917｜未知位阶/无条文:地方工作文件
159,pkulaw,法规,地方工作文件,淮安市政府办公室关于印发淮安市加快推动低空经济高质量发展实施方案的通知,淮安市人民政府,淮政办发〔2025〕11号,2025-07-22,2025-07-22,现行有效,,否,pkulaw\raw_pdf\低空经济\低空经济\淮安市政府办公室关于印发淮安市加快推动低空经济高质量发展实施方案的通知(FBMCLI.14.9055715).pdf,https://www.pkulaw.com/lar/e3f6305d73d31e4e72772dadf2ef1ecfbdfb.html,引证码FBMCLI.14.9055715｜未知位阶/无条文:地方工作文件
160,pkulaw,法规,地方工作文件,深圳市交通运输局、深圳市工业和信息化局、深圳市发展改革委、深圳市科技创新委、深圳市财政局、深圳市国资委、深圳市地方金...,深圳市交通运输局 深圳市工业和信息化局 深圳市发展和改革委员会 深圳市科技创新委员会 深,深交〔2023〕534号,2023-12-08,2023-12-08,现行有效,,否,pkulaw\raw_pdf\低空经济\低空经济\深圳市交通运输局、深圳市工业和信息化局、深圳市发展改革委、深圳市科技创新委、深圳市财政局、深圳市国资委、深圳市地方金...(FBMCLI.14.7324829).pdf,https://www.pkulaw.com/lar/967bc994c7cc73f301e81b428af5ea60bdfb.html,引证码FBMCLI.14.7324829｜未知位阶/无条文:地方工作文件
161,pkulaw,法规,地方工作文件,深圳市交通运输局关于开展2025年深圳市低空经济领域资助申报工作的通告,深圳市交通运输局,,2025-12-29,2025-12-29,现行有效,,否,pkulaw\raw_pdf\低空经济\低空经济\深圳市交通运输局关于开展2025年深圳市低空经济领域资助申报工作的通告(FBMCLI.14.9590395).pdf,https://www.pkulaw.com/lar/838092a8151ba1b0b1eeac60af473e10bdfb.html,引证码FBMCLI.14.9590395｜有附件｜未知位阶/无条文:地方工作文件
162,pkulaw,法规,地方规范性文件,深圳市光明区发展和改革局关于印发《深圳市光明区促进低空经济高质量发展若干措施》的通知,深圳市光明区发展和改革局,深光发改规〔2025〕2号,2025-12-27,2026-01-09,现行有效,,否,pkulaw\raw_pdf\低空经济\低空经济\深圳市光明区发展和改革局关于印发《深圳市光明区促进低空经济高质量发展若干措施》的通知(FBMCLI.12.9596023).pdf,https://www.pkulaw.com/lar/a49aa56a705065403530ad36fa313cc3bdfb.html,引证码FBMCLI.12.9596023｜规范性文件但非结构化(通知/公告)
163,pkulaw,法规,地方工作文件,深圳市光明区发展和改革局关于开展低空经济领域专业交流活动申报备案工作的通知,深圳市光明区发展和改革局,,2026-01-19,2026-01-19,现行有效,,否,pkulaw\raw_pdf\低空经济\低空经济\深圳市光明区发展和改革局关于开展低空经济领域专业交流活动申报备案工作的通知(FBMCLI.14.9634795).pdf,https://www.pkulaw.com/lar/1c58cab00d26cc785769516e1556a969bdfb.html,引证码FBMCLI.14.9634795｜未知位阶/无条文:地方工作文件
164,pkulaw,法规,地方工作文件,深圳市发展和改革委员会关于深圳市低空经济产业发展“十五五”规划课题项目公开招标的公告,深圳市发展和改革委员会,,2025-12-05,2025-12-05,现行有效,,否,pkulaw\raw_pdf\低空经济\低空经济\深圳市发展和改革委员会关于深圳市低空经济产业发展“十五五”规划课题项目公开招标的公告(FBMCLI.14.9485786).pdf,https://www.pkulaw.com/lar/5ce433d177f2420c0bb10000a961a00cbdfb.html,引证码FBMCLI.14.9485786｜有附件｜未知位阶/无条文:地方工作文件
165,pkulaw,法规,地方工作文件,深圳市大鹏新区综合办公室关于印发《深圳市大鹏新区关于促进低空经济产业高质量发展的若干措施》的通知,深圳市大鹏新区综合办公室,深鹏办规〔2025〕1号,2025-03-20,2025-04-01,现行有效,,否,pkulaw\raw_pdf\低空经济\低空经济\深圳市大鹏新区综合办公室关于印发《深圳市大鹏新区关于促进低空经济产业高质量发展的若干措施》的通知(FBMCLI.14.8632713).pdf,https://www.pkulaw.com/lar/5d30b57b684a89dd868802140116998ebdfb.html,引证码FBMCLI.14.8632713｜有附件｜未知位阶/无条文:地方工作文件
166,pkulaw,法规,地方工作文件,深圳市工业和信息化局关于发布2024年战略性新兴产业扶持计划(工业母机、智能机器人、低空经济、精密仪器、海洋装备、轨道交...,深圳市工业和信息化局,,2023-11-09,2023-11-09,现行有效,,否,pkulaw\raw_pdf\低空经济\低空经济\深圳市工业和信息化局关于发布2024年战略性新兴产业扶持计划(工业母机、智能机器人、低空经济、精密仪器、海洋装备、轨道交...(FBMCLI.14.7254221).pdf,https://www.pkulaw.com/lar/605a04e123a3f02df6317cfbd9ed2226bdfb.html,引证码FBMCLI.14.7254221｜有附件｜未知位阶/无条文:地方工作文件
167,pkulaw,法规,地方工作文件,深圳市工业和信息化局关于开展第二批先锋应用优秀案例和解决方案(低空经济领域)征集工作的通知,深圳市工业和信息化局,,2024-06-12,2024-06-12,现行有效,,否,pkulaw\raw_pdf\低空经济\低空经济\深圳市工业和信息化局关于开展第二批先锋应用优秀案例和解决方案(低空经济领域)征集工作的通知(FBMCLI.14.7557668).pdf,https://www.pkulaw.com/lar/aaabaa86adc3f9cf90c675e696ff268ebdfb.html,引证码FBMCLI.14.7557668｜有附件｜行政事务性通知(非规范文本)
168,pkulaw,法规,地方工作文件,深圳市市场监督管理局、深圳市交通运输局关于发布《深圳市低空经济标准体系建设指南10》的通知,深圳市市场监督管理局 深圳市交通运输局,,2024-12-25,2024-12-25,现行有效,,否,pkulaw\raw_pdf\低空经济\低空经济\深圳市市场监督管理局、深圳市交通运输局关于发布《深圳市低空经济标准体系建设指南10》的通知(FBMCLI.14.8381409).pdf,https://www.pkulaw.com/lar/d5b4ac7e3cc351239a542697c1ecc5e0bdfb.html,引证码FBMCLI.14.8381409｜有附件｜未知位阶/无条文:地方工作文件
169,pkulaw,法规,地方工作文件,深圳市市场监督管理局、深圳市交通运输局关于征集2024年度深圳市低空经济领域标准项目的通知,深圳市市场监督管理局 深圳市交通运输局,,2024-01-09,2024-01-09,现行有效,,否,pkulaw\raw_pdf\低空经济\低空经济\深圳市市场监督管理局、深圳市交通运输局关于征集2024年度深圳市低空经济领域标准项目的通知(FBMCLI.14.7331271).pdf,https://www.pkulaw.com/lar/adb2a99b2318fca1bf6a85a52a2dd975bdfb.html,引证码FBMCLI.14.7331271｜有附件｜行政事务性通知(非规范文本)
170,pkulaw,法规,地方工作文件,深圳市市场监督管理局、深圳市发展和改革委员会关于发布《深圳市低空经济标准体系2.0及标准化路线规划》的通知,深圳市市场监督管理局 深圳市发展和改革委员会,,2025-12-15,2025-12-15,现行有效,,否,pkulaw\raw_pdf\低空经济\低空经济\深圳市市场监督管理局、深圳市发展和改革委员会关于发布《深圳市低空经济标准体系2.0及标准化路线规划》的通知(FBMCLI.14.9604267).pdf,https://www.pkulaw.com/lar/43edcec6aae9e0feded462a641aaf44bbdfb.html,引证码FBMCLI.14.9604267｜有附件｜未知位阶/无条文:地方工作文件
171,pkulaw,法规,地方工作文件,深圳市市场监督管理局关于发布《低空经济产业商业秘密保护工作指引》《生物医药产业商业秘密保护工作指引》的通告,深圳市市场监督管理局,深市监通告〔2025〕196号,2025-12-23,2025-12-23,现行有效,,否,pkulaw\raw_pdf\低空经济\低空经济\深圳市市场监督管理局关于发布《低空经济产业商业秘密保护工作指引》《生物医药产业商业秘密保护工作指引》的通告(FBMCLI.14.9534488).pdf,https://www.pkulaw.com/lar/926a6f72a40487b67370f42d99c9aeacbdfb.html,引证码FBMCLI.14.9534488｜有附件｜未知位阶/无条文:地方工作文件
172,pkulaw,法规,地方工作文件,深圳市盐田区人民政府办公室印发盐田区关于促进低空经济产业创新发展的若干措施的通知,深圳市盐田区人民政府,,2024,2024-05-06,现行有效,,否,pkulaw\raw_pdf\低空经济\低空经济\深圳市盐田区人民政府办公室印发盐田区关于促进低空经济产业创新发展的若干措施的通知(FBMCLI.14.7805565).pdf,https://www.pkulaw.com/lar/8abdbc6c6870548b2d04b2861a7c131abdfb.html,引证码FBMCLI.14.7805565｜未知位阶/无条文:地方工作文件
173,pkulaw,法规,地方工作文件,深圳市龙华区促进低空经济产业高质量发展若干措施,深圳市龙华区人民政府,深龙华府办规〔2023〕6号,2023,2023-10-15,现行有效,,否,pkulaw\raw_pdf\低空经济\低空经济\深圳市龙华区促进低空经济产业高质量发展若干措施(FBMCLI.14.7820272).pdf,https://www.pkulaw.com/lar/a5becbd03803addfaa9dfdc079cf7ff0bdfb.html,引证码FBMCLI.14.7820272｜未知位阶/无条文:地方工作文件
174,pkulaw,法规,地方规范性文件,深圳市龙岗区发展和改革局关于印发《深圳市龙岗区关于支持低空经济产业高质量发展的若干措施(修订)》的通知,深圳市龙岗区发展和改革局,深龙发改规〔2026〕1号,2026-03-18,2026-04-01,现行有效,,否,pkulaw\raw_pdf\低空经济\低空经济\深圳市龙岗区发展和改革局关于印发《深圳市龙岗区关于支持低空经济产业高质量发展的若干措施(修订)》的通知(FBMCLI.12.9743311).pdf,https://www.pkulaw.com/lar/de84347f113cfa83419b1fb116419180bdfb.html,引证码FBMCLI.12.9743311｜规范性文件但非结构化(通知/公告)
175,pkulaw,法规,地方规范性文件,深圳市龙岗区工业和信息化局关于印发《龙岗区关于促进低空经济产业发展的若干措施》的通知,深圳市龙岗区工业和信息化局,深龙工信规〔2023〕14号,2023-12-20,2023-12-31,现行有效,,否,pkulaw\raw_pdf\低空经济\低空经济\深圳市龙岗区工业和信息化局关于印发《龙岗区关于促进低空经济产业发展的若干措施》的通知(FBMCLI.12.9633936).pdf,https://www.pkulaw.com/lar/55372e543e88c714702e3a42b3310997bdfb.html,引证码FBMCLI.12.9633936｜有附件｜规范性文件但非结构化(通知/公告)
176,pkulaw,法规,行业规定,深圳证券交易所关于为常熟市吴越产业投资集团有限公司2025年面向专业投资者非公开发行科技创新公司债券(第一期)(低空经济)提...,深圳证券交易所,,2026-01-06,2026-01-06,现行有效,,否,pkulaw\raw_pdf\低空经济\低空经济\深圳证券交易所关于为常熟市吴越产业投资集团有限公司2025年面向专业投资者非公开发行科技创新公司债券(第一期)(低空经济)提...(FBMCLI.6.5333909).pdf,https://www.pkulaw.com/chl/6b99821e534bb8eabdfb.html,引证码FBMCLI.6.5333909｜规范性文件但非结构化(通知/公告)
177,pkulaw,法规,行业规定,深圳证券交易所关于为广州凯得投资控股有限公司2025年面向专业投资者非公开发行科技创新可续期公司债券(第二期)(用于低空经济...,深圳证券交易所,,2025-12-25,2025-12-25,现行有效,,否,pkulaw\raw_pdf\低空经济\低空经济\深圳证券交易所关于为广州凯得投资控股有限公司2025年面向专业投资者非公开发行科技创新可续期公司债券(第二期)(用于低空经济...(FBMCLI.6.5332776).pdf,https://www.pkulaw.com/chl/174d93e0efb58365bdfb.html,引证码FBMCLI.6.5332776｜规范性文件但非结构化(通知/公告)
178,pkulaw,法规,地方工作文件,清远市人民政府办公室关于印发《清远市低空经济高质量发展三年行动方案(2024―2026年)》的通知,清远市人民政府,清府办函〔2024〕94号,2024-10-25,2024-10-25,现行有效,,否,pkulaw\raw_pdf\低空经济\低空经济\清远市人民政府办公室关于印发《清远市低空经济高质量发展三年行动方案(2024―2026年)》的通知(FBMCLI.14.7918446).pdf,https://www.pkulaw.com/lar/b51f9dc06d49119f505c6d81c59cb582bdfb.html,引证码FBMCLI.14.7918446｜未知位阶/无条文:地方工作文件
179,pkulaw,法规,地方工作文件,清远市人民政府办公室关于成立清远市低空经济高质量发展工作专班的通知,清远市人民政府,清府办函〔2024〕51号,2024-06-20,2024-06-20,现行有效,,否,pkulaw\raw_pdf\低空经济\低空经济\清远市人民政府办公室关于成立清远市低空经济高质量发展工作专班的通知(FBMCLI.14.7564243).pdf,https://www.pkulaw.com/lar/f2dce9e4ff6697ad5a5fa40e340228febdfb.html,引证码FBMCLI.14.7564243｜未知位阶/无条文:地方工作文件
180,pkulaw,法规,地方工作文件,湖北省发改委关于公布湖北省第一批低空经济应用场景能力和需求清单的通知,湖北省发展和改革委员会,,2025-12-26,2025-12-26,现行有效,,否,pkulaw\raw_pdf\低空经济\低空经济\湖北省发改委关于公布湖北省第一批低空经济应用场景能力和需求清单的通知(FBMCLI.14.9589109).pdf,https://www.pkulaw.com/lar/a380c744b968f0b27e253744f2c99cbfbdfb.html,引证码FBMCLI.14.9589109｜有附件｜未知位阶/无条文:地方工作文件
181,pkulaw,法规,地方工作文件,湖北省发改委关于印发湖北省加快低空经济高质量发展行动方案(2024—2027年)的通知,湖北省发展和改革委员会,鄂发改民航〔2024〕211号,2024-07-18,2024-07-18,现行有效,,否,pkulaw\raw_pdf\低空经济\低空经济\湖北省发改委关于印发湖北省加快低空经济高质量发展行动方案(2024—2027年)的通知(FBMCLI.14.7699909).pdf,https://www.pkulaw.com/lar/01d93b8c88065ebb5f88493edbc2dbffbdfb.html,引证码FBMCLI.14.7699909｜未知位阶/无条文:地方工作文件
182,pkulaw,法规,地方规范性文件,湖南省人民政府办公厅印发《关于支持全省低空经济高质量发展的若干政策措施》的通知,湖南省人民政府,湘政办发〔2024〕20号,2024-06-13,2024-07-01,现行有效,,否,pkulaw\raw_pdf\低空经济\低空经济\湖南省人民政府办公厅印发《关于支持全省低空经济高质量发展的若干政策措施》的通知(FBMCLI.12.7559958).pdf,https://www.pkulaw.com/lar/d1400963aa8297b3a2c7c72b131344a2bdfb.html,引证码FBMCLI.12.7559958｜规范性文件但非结构化(通知/公告)
183,pkulaw,法规,地方工作文件,湛江市人民政府办公室关于印发湛江市推动低空经济高质量发展行动方案(2024―2026年)的通知,湛江市人民政府,,2024-09-22,2024-09-22,现行有效,,否,pkulaw\raw_pdf\低空经济\低空经济\湛江市人民政府办公室关于印发湛江市推动低空经济高质量发展行动方案(2024―2026年)的通知(FBMCLI.14.7803263).pdf,https://www.pkulaw.com/lar/ce0cde00da658a91f05b4b34d5e764a4bdfb.html,引证码FBMCLI.14.7803263｜有附件｜未知位阶/无条文:地方工作文件
184,pkulaw,法规,地方工作文件,湛江市人民政府办公室关于成立湛江市推动低空经济高质量发展工作专班的通知,湛江市人民政府,,2024-09-06,2024-09-06,现行有效,,否,pkulaw\raw_pdf\低空经济\低空经济\湛江市人民政府办公室关于成立湛江市推动低空经济高质量发展工作专班的通知(FBMCLI.14.7791585).pdf,https://www.pkulaw.com/lar/c242d53a6c210d8c1b121c26c471151abdfb.html,引证码FBMCLI.14.7791585｜未知位阶/无条文:地方工作文件
185,pkulaw,法规,地方工作文件,潮州市人民政府办公室关于成立潮州市推动低空经济高质量发展工作专班的通知,潮州市人民政府,,2024-12-09,2024-12-09,现行有效,,否,pkulaw\raw_pdf\低空经济\低空经济\潮州市人民政府办公室关于成立潮州市推动低空经济高质量发展工作专班的通知(FBMCLI.14.8189659).pdf,https://www.pkulaw.com/lar/7a3cf970638ce1208baf8911d011753dbdfb.html,引证码FBMCLI.14.8189659｜未知位阶/无条文:地方工作文件
186,pkulaw,法规,地方工作文件,玉林市人民政府办公室关于印发《玉林市低空经济高质量发展实施方案(2024—2026年)》的通知,玉林市人民政府,玉政办发〔2025〕2号,2025-01-25,2025-01-25,现行有效,,否,pkulaw\raw_pdf\低空经济\低空经济\玉林市人民政府办公室关于印发《玉林市低空经济高质量发展实施方案(2024—2026年)》的通知(FBMCLI.14.8580310).pdf,https://www.pkulaw.com/lar/b2554d6bb028438192bbf8c2a2203d79bdfb.html,引证码FBMCLI.14.8580310｜有附件｜未知位阶/无条文:地方工作文件
187,pkulaw,法规,地方工作文件,环江毛南族自治县人民政府办公室关于成立推动低空经济发展工作专班的通知,环江毛南族自治县人民政府,环政办发〔2026〕6号,2026-02-02,2026-02-02,现行有效,,否,pkulaw\raw_pdf\低空经济\低空经济\环江毛南族自治县人民政府办公室关于成立推动低空经济发展工作专班的通知(FBMCLI.14.9660896).pdf,https://www.pkulaw.com/lar/3ba23eac846785748727ac2dd571db51bdfb.html,引证码FBMCLI.14.9660896｜未知位阶/无条文:地方工作文件
188,pkulaw,法规,地方工作文件,珠海市人民政府关于印发支持低空经济高质量发展若干措施的通知,珠海市人民政府,珠府〔2024〕45号,2024-06-12,2024-06-12,现行有效,,否,pkulaw\raw_pdf\低空经济\低空经济\珠海市人民政府关于印发支持低空经济高质量发展若干措施的通知(FBMCLI.14.7558583).pdf,https://www.pkulaw.com/lar/4bb06e6f32724435046f238d9fac9100bdfb.html,引证码FBMCLI.14.7558583｜未知位阶/无条文:地方工作文件
189,pkulaw,法规,地方工作文件,珠海市工业和信息化局关于开展2025年度珠海市促进实体经济高质量发展专项资金(低空经济产业发展项目)入库申报工作的通知,珠海市工业和信息化局,,2025-06-04,2025-06-04,现行有效,,否,pkulaw\raw_pdf\低空经济\低空经济\珠海市工业和信息化局关于开展2025年度珠海市促进实体经济高质量发展专项资金(低空经济产业发展项目)入库申报工作的通知(FBMCLI.14.8835308).pdf,https://www.pkulaw.com/lar/28741111a78bc8a161da74d9b8b102cebdfb.html,引证码FBMCLI.14.8835308｜有附件｜未知位阶/无条文:地方工作文件
190,pkulaw,法规,地方工作文件,珠海市市场监督管理局、珠海市发展和改革局、中山市市场监督管理局、中山市发展和改革局、江门市市场监督管理局、江门市发展...,珠海市市场监督管理局 珠海市发展和改革局 中山市市场监督管理局 中山市发展和改革局 江门,,2026-03-18,2026-03-18,现行有效,,否,pkulaw\raw_pdf\低空经济\低空经济\珠海市市场监督管理局、珠海市发展和改革局、中山市市场监督管理局、中山市发展和改革局、江门市市场监督管理局、江门市发展...(FBMCLI.14.9874464).pdf,https://www.pkulaw.com/lar/6651430aa91d00827a89e8728d7ee4f8bdfb.html,引证码FBMCLI.14.9874464｜有附件｜未知位阶/无条文:地方工作文件
191,pkulaw,法规,地方规范性文件,珠海市自然资源局关于印发《关于优化规划管理支持低空经济高质量发展的若干措施(试行)》的通知,珠海市自然资源局,珠自然资字〔2026〕135号,2026-04-08,2026-04-08,现行有效,,否,pkulaw\raw_pdf\低空经济\低空经济\珠海市自然资源局关于印发《关于优化规划管理支持低空经济高质量发展的若干措施(试行)》的通知(FBMCLI.12.9872414).pdf,https://www.pkulaw.com/lar/bfe4c23b2ee09c73bc2e73fb0fb76dfcbdfb.html,引证码FBMCLI.12.9872414｜规范性文件但非结构化(通知/公告)
192,pkulaw,法规,地方工作文件,甘肃省发展和改革委员会关于征集甘肃省低空经济应用场景能力及需求清单的通知,甘肃省发展和改革委员会,,2026-01-04,2026-01-04,现行有效,,否,pkulaw\raw_pdf\低空经济\低空经济\甘肃省发展和改革委员会关于征集甘肃省低空经济应用场景能力及需求清单的通知(FBMCLI.14.9599288).pdf,https://www.pkulaw.com/lar/680f41df367eeb748718a58a13f901f0bdfb.html,引证码FBMCLI.14.9599288｜有附件｜行政事务性通知(非规范文本)
193,pkulaw,法规,地方工作文件,甘肃省退役军人事务厅关于举办甘肃省低空经济领域退役军人创业创新和转型发展训练营的公告,甘肃省退役军人事务厅,,2025-12-11,2025-12-11,现行有效,,否,pkulaw\raw_pdf\低空经济\低空经济\甘肃省退役军人事务厅关于举办甘肃省低空经济领域退役军人创业创新和转型发展训练营的公告(FBMCLI.14.9518411).pdf,https://www.pkulaw.com/lar/b2966e429424d2e42f3896e5a396ffddbdfb.html,引证码FBMCLI.14.9518411｜有附件｜未知位阶/无条文:地方工作文件
194,pkulaw,法规,地方工作文件,石家庄市人民政府办公室关于印发《石家庄市低空经济产业发展规划(2025―2030年)》的通知,石家庄市人民政府,石政办发〔2025〕13号,2025-07-27,2025-07-27,现行有效,,否,pkulaw\raw_pdf\低空经济\低空经济\石家庄市人民政府办公室关于印发《石家庄市低空经济产业发展规划(2025―2030年)》的通知(FBMCLI.14.9065418).pdf,https://www.pkulaw.com/lar/d8f5df36d6a5ced337cd8b14194569d3bdfb.html,引证码FBMCLI.14.9065418｜有附件｜未知位阶/无条文:地方工作文件
195,pkulaw,法规,地方工作文件,福州市科学技术局关于转发《福建省科学技术厅关于征集低空经济科技成果推介对接活动参会项目和技术需求的通知》的通知,福州市科学技术局,,2025-09-05,2025-09-05,现行有效,,否,pkulaw\raw_pdf\低空经济\低空经济\福州市科学技术局关于转发《福建省科学技术厅关于征集低空经济科技成果推介对接活动参会项目和技术需求的通知》的通知(FBMCLI.14.9164368).pdf,https://www.pkulaw.com/lar/add57636d31fb5a82d5486465b20bf04bdfb.html,引证码FBMCLI.14.9164368｜有附件｜行政事务性通知(非规范文本)
196,pkulaw,法规,地方规范性文件,绍兴市上虞区交通运输局、绍兴市上虞区财政局、绍兴市上虞区经济和信息化局、绍兴市上虞区教育体育局、绍兴市上虞区文化广电...,绍兴市上虞区交通运输局 绍兴市上虞区财政局 绍兴市上虞区经济和信息化局 绍兴市上虞区教育,,2025-11-27,2025-11-27,现行有效,,否,pkulaw\raw_pdf\低空经济\低空经济\绍兴市上虞区交通运输局、绍兴市上虞区财政局、绍兴市上虞区经济和信息化局、绍兴市上虞区教育体育局、绍兴市上虞区文化广电...(FBMCLI.12.9490588).pdf,https://www.pkulaw.com/lar/9f3d19583c705eb0a2bb61065f6b540bbdfb.html,引证码FBMCLI.12.9490588｜规范性文件但非结构化(通知/公告)
197,pkulaw,法规,地方工作文件,绍兴市人民政府关于推进低空经济高质量发展的实施意见,绍兴市人民政府,绍政发〔2024〕10号,2024-08-08,2024-08-08,部分废止或失效,,否,pkulaw\raw_pdf\低空经济\低空经济\绍兴市人民政府关于推进低空经济高质量发展的实施意见(FBMCLI.14.7705066).pdf,https://www.pkulaw.com/lar/4bd3748dc96283d9ffe566cb315aa6dabdfb.html,引证码FBMCLI.14.7705066｜有附件｜未知位阶/无条文:地方工作文件
198,pkulaw,法规,地方工作文件,绍兴市柯桥区人民政府关于推进低空经济高质量发展的实施意见,绍兴市柯桥区人民政府,绍柯政发〔2025〕2号,2025-05-12,2025-05-12,现行有效,,否,pkulaw\raw_pdf\低空经济\低空经济\绍兴市柯桥区人民政府关于推进低空经济高质量发展的实施意见(FBMCLI.14.8739041).pdf,https://www.pkulaw.com/lar/9e9c35a752e770b625cf3f190c0cc012bdfb.html,引证码FBMCLI.14.8739041｜有附件｜未知位阶/无条文:地方工作文件
199,pkulaw,法规,地方工作文件,绵阳市发展和改革委员会关于购买服务编制《绵阳市“十五五”低空经济发展探索研究》市场价格调查的公告,绵阳市发展和改革委员会,,2024-08-20,2024-08-20,现行有效,,否,pkulaw\raw_pdf\低空经济\低空经济\绵阳市发展和改革委员会关于购买服务编制《绵阳市“十五五”低空经济发展探索研究》市场价格调查的公告(FBMCLI.14.9977259).pdf,https://www.pkulaw.com/lar/6d94304cb7b97b0afeaee7d76b1b5d03bdfb.html,引证码FBMCLI.14.9977259｜未知位阶/无条文:地方工作文件
200,pkulaw,法规,地方工作文件,自贡市人民政府办公室关于印发《自贡市促进低空经济高质量发展行动方案(2024—2027年)》的通知,自贡市人民政府,自府办发〔2024〕37号,2024-07-17,2024-07-17,现行有效,,否,pkulaw\raw_pdf\低空经济\低空经济\自贡市人民政府办公室关于印发《自贡市促进低空经济高质量发展行动方案(2024—2027年)》的通知(FBMCLI.14.8192949).pdf,https://www.pkulaw.com/lar/97267a1d3811a13cbf7888c1e297984bbdfb.html,引证码FBMCLI.14.8192949｜未知位阶/无条文:地方工作文件
201,pkulaw,法规,地方工作文件,苏州市市场监督管理局关于印发《苏州市低空经济系统标准体系建设指南》的通知,苏州市市场监督管理局,,2024-11-19,2024-11-19,现行有效,,否,pkulaw\raw_pdf\低空经济\低空经济\苏州市市场监督管理局关于印发《苏州市低空经济系统标准体系建设指南》的通知(FBMCLI.14.7948606).pdf,https://www.pkulaw.com/lar/5f385fbce06870f550ff0d25a76490dbbdfb.html,引证码FBMCLI.14.7948606｜有附件｜未知位阶/无条文:地方工作文件
202,pkulaw,法规,地方工作文件,苏州市市场监督管理局关于组织申报2024年度苏州市地方标准项目(低空经济专项)的通知,苏州市市场监督管理局,苏市监管标函〔2024〕2号,2024-06-03,2024-06-03,现行有效,,否,pkulaw\raw_pdf\低空经济\低空经济\苏州市市场监督管理局关于组织申报2024年度苏州市地方标准项目(低空经济专项)的通知(FBMCLI.14.7572829).pdf,https://www.pkulaw.com/lar/d1e0e70febb082c1ae854c8bcf21643bbdfb.html,引证码FBMCLI.14.7572829｜未知位阶/无条文:地方工作文件
203,pkulaw,法规,地方工作文件,苏州市政府办公室关于印发苏州市低空经济高质量发展实施方案(2024～2026年)的通知,苏州市人民政府,苏府办〔2024〕26号,2024-02-06,2024-02-06,现行有效,,否,pkulaw\raw_pdf\低空经济\低空经济\苏州市政府办公室关于印发苏州市低空经济高质量发展实施方案(2024～2026年)的通知(FBMCLI.14.7372335).pdf,https://www.pkulaw.com/lar/37d253f51d2efd8c03484c22ed13d1ccbdfb.html,引证码FBMCLI.14.7372335｜未知位阶/无条文:地方工作文件
204,pkulaw,法规,地方工作文件,茂名市人民政府办公室关于印发《茂名市推动低空经济高质量发展实施方案(2024—2026年)》的通知,茂名市人民政府,茂府办〔2024〕20号,2024-09-07,2024-09-07,现行有效,,否,pkulaw\raw_pdf\低空经济\低空经济\茂名市人民政府办公室关于印发《茂名市推动低空经济高质量发展实施方案(2024—2026年)》的通知(FBMCLI.14.7798200).pdf,https://www.pkulaw.com/lar/4b3eebf352400101e898823e4071bc1abdfb.html,引证码FBMCLI.14.7798200｜未知位阶/无条文:地方工作文件
205,pkulaw,法规,地方工作文件,茂名市人民政府办公室关于成立茂名市推动低空经济高质量发展工作专班的通知,茂名市人民政府,,2024-07-29,2024-07-29,现行有效,,否,pkulaw\raw_pdf\低空经济\低空经济\茂名市人民政府办公室关于成立茂名市推动低空经济高质量发展工作专班的通知(FBMCLI.14.7692597).pdf,https://www.pkulaw.com/lar/1c3b3100ac4e0ecbae85e34c9bfc8611bdfb.html,引证码FBMCLI.14.7692597｜未知位阶/无条文:地方工作文件
206,pkulaw,法规,地方工作文件,荆门市人民政府办公室关于印发荆门市加快低空经济高质量发展行动方案(2024—2027年)的通知,荆门市人民政府,荆政办发〔2024〕31号,2024-10-23,2024-10-23,现行有效,,否,pkulaw\raw_pdf\低空经济\低空经济\荆门市人民政府办公室关于印发荆门市加快低空经济高质量发展行动方案(2024—2027年)的通知(FBMCLI.14.8485208).pdf,https://www.pkulaw.com/lar/649ad7caf6fed96bd5016e280aacd955bdfb.html,引证码FBMCLI.14.8485208｜未知位阶/无条文:地方工作文件
207,pkulaw,法规,地方工作文件,荆门市人民政府办公室印发荆门市关于支持低空经济高质量发展若干措施的通知,荆门市人民政府,荆政办发〔2025〕7号,2025-03-02,2025-03-02,已被修改,,否,pkulaw\raw_pdf\低空经济\低空经济\荆门市人民政府办公室印发荆门市关于支持低空经济高质量发展若干措施的通知(FBMCLI.14.8629895).pdf,https://www.pkulaw.com/lar/7a07c8ecb0e4db26c054e7462f9420c7bdfb.html,引证码FBMCLI.14.8629895｜未知位阶/无条文:地方工作文件
208,pkulaw,法规,地方工作文件,贵州省人民政府办公厅关于印发《贵州省低空经济高质量发展三年行动方案(2025—2027年)》的通知,贵州省人民政府,黔府办发〔2025〕13号,2025-08-06,2025-08-06,现行有效,,否,pkulaw\raw_pdf\低空经济\低空经济\贵州省人民政府办公厅关于印发《贵州省低空经济高质量发展三年行动方案(2025—2027年)》的通知(FBMCLI.14.9075967).pdf,https://www.pkulaw.com/lar/4fd8f7fecc00a8b7aa345f2cc870e4c2bdfb.html,引证码FBMCLI.14.9075967｜未知位阶/无条文:地方工作文件
209,pkulaw,法规,地方工作文件,贵阳市人民政府办公厅、贵安新区办公室关于印发贵阳贵安低空经济高质量发展实施方案(2025—2027年)的通知,贵阳市人民政府 贵安新区办公室,筑府办发〔2025〕7号,2025-09-29,2025-09-29,现行有效,,否,pkulaw\raw_pdf\低空经济\低空经济\贵阳市人民政府办公厅、贵安新区办公室关于印发贵阳贵安低空经济高质量发展实施方案(2025—2027年)的通知(FBMCLI.14.9471650).pdf,https://www.pkulaw.com/lar/498e5ada522b4c31fb9330d7c15d6885bdfb.html,引证码FBMCLI.14.9471650｜未知位阶/无条文:地方工作文件
210,pkulaw,法规,地方工作文件,郁南县人民政府办公室关于成立郁南县推动低空经济高质量发展工作专班的通知,郁南县人民政府,郁府办函〔2025〕18号,2025-03-16,2025-03-16,现行有效,,否,pkulaw\raw_pdf\低空经济\低空经济\郁南县人民政府办公室关于成立郁南县推动低空经济高质量发展工作专班的通知(FBMCLI.14.8701284).pdf,https://www.pkulaw.com/lar/db0188f0a2310cb69d3166f549163b64bdfb.html,引证码FBMCLI.14.8701284｜未知位阶/无条文:地方工作文件
211,pkulaw,法规,地方工作文件,郑州市人民政府办公室关于印发郑州市加快培育低空经济产业创新发展行动方案(2024—2026年)的通知,郑州市人民政府,郑政办〔2024〕38号,2024-07-26,2024-07-26,现行有效,,否,pkulaw\raw_pdf\低空经济\低空经济\郑州市人民政府办公室关于印发郑州市加快培育低空经济产业创新发展行动方案(2024—2026年)的通知(FBMCLI.14.7695846).pdf,https://www.pkulaw.com/lar/81efdad95382b065564ca78a3ad95b84bdfb.html,引证码FBMCLI.14.7695846｜未知位阶/无条文:地方工作文件
212,pkulaw,法规,地方规范性文件,郑州航空港经济综合实验区管理委员会关于印发郑州航空港经济综合实验区支持低空经济产业高质量发展若干措施的通知,郑州航空港经济综合实验区管理委员会,郑港〔2025〕14号,2025-04-30,2025-04-30,现行有效,,否,pkulaw\raw_pdf\低空经济\低空经济\郑州航空港经济综合实验区管理委员会关于印发郑州航空港经济综合实验区支持低空经济产业高质量发展若干措施的通知(FBMCLI.12.8726099).pdf,https://www.pkulaw.com/lar/1127bc8a4c48332d9e4a80cd3406b7e6bdfb.html,引证码FBMCLI.12.8726099｜规范性文件但非结构化(通知/公告)
213,pkulaw,法规,地方工作文件,郴州市人民政府办公室关于印发《郴州市低空经济高质量发展行动方案(2025―2027年)》的通知,郴州市人民政府,郴政办发〔2025〕18号,2025-07-23,2025-07-23,现行有效,,否,pkulaw\raw_pdf\低空经济\低空经济\郴州市人民政府办公室关于印发《郴州市低空经济高质量发展行动方案(2025―2027年)》的通知(FBMCLI.14.9171218).pdf,https://www.pkulaw.com/lar/b31243559989357d7124e0bf1b5adb12bdfb.html,引证码FBMCLI.14.9171218｜未知位阶/无条文:地方工作文件
214,pkulaw,法规,地方工作文件,重庆市人民政府办公厅关于印发《重庆市推动低空空域管理改革促进低空经济高质量发展行动方案(2024—2027年)》的通知,重庆市人民政府,渝府办发〔2024〕74号,2024-09-21,2024-09-21,现行有效,,否,pkulaw\raw_pdf\低空经济\低空经济\重庆市人民政府办公厅关于印发《重庆市推动低空空域管理改革促进低空经济高质量发展行动方案(2024—2027年)》的通知(FBMCLI.14.7807418).pdf,https://www.pkulaw.com/lar/efeb5efd044f11440aec76368cb360c4bdfb.html,引证码FBMCLI.14.7807418｜有附件｜未知位阶/无条文:地方工作文件
215,pkulaw,法规,地方规范性文件,重庆市人民政府办公厅关于印发《重庆市推动低空经济高质量发展若干政策措施》的通知,重庆市人民政府,渝府办发〔2025〕58号,2025-11-22,2025-11-22,现行有效,,否,pkulaw\raw_pdf\低空经济\低空经济\重庆市人民政府办公厅关于印发《重庆市推动低空经济高质量发展若干政策措施》的通知(FBMCLI.12.9475971).pdf,https://www.pkulaw.com/lar/e6d329994f29cd5171c3823450960a66bdfb.html,引证码FBMCLI.12.9475971｜规范性文件但非结构化(通知/公告)
216,pkulaw,法规,地方工作文件,重庆市发展和改革委员会关于发布重庆市2025年第一批低空经济应用场景机会清单和能力清单的公告,重庆市发展和改革委员会,,2025-06-06,2025-06-06,现行有效,,否,pkulaw\raw_pdf\低空经济\低空经济\重庆市发展和改革委员会关于发布重庆市2025年第一批低空经济应用场景机会清单和能力清单的公告(FBMCLI.14.8786210).pdf,https://www.pkulaw.com/lar/fbdf1134829648e5b7a93be67aa02173bdfb.html,引证码FBMCLI.14.8786210｜有附件｜未知位阶/无条文:地方工作文件
217,pkulaw,法规,地方工作文件,重庆市发展和改革委员会关于比选《打造成渝地区低空经济新增长引擎研究》课题研究单位的公告,重庆市发展和改革委员会,,2024-09-30,2024-09-30,现行有效,,否,pkulaw\raw_pdf\低空经济\低空经济\重庆市发展和改革委员会关于比选《打造成渝地区低空经济新增长引擎研究》课题研究单位的公告(FBMCLI.14.7829346).pdf,https://www.pkulaw.com/lar/3a2091d2ad8f7bfd9334d2ccbc25700bbdfb.html,引证码FBMCLI.14.7829346｜未知位阶/无条文:地方工作文件
218,pkulaw,法规,地方工作文件,重庆市经济和信息化委员会关于组织开展重庆市低空经济产业试点区县征集的通知,重庆市经济和信息化委员会,渝经信装备〔2024〕6号,2024-03-20,2024-03-20,现行有效,,否,pkulaw\raw_pdf\低空经济\低空经济\重庆市经济和信息化委员会关于组织开展重庆市低空经济产业试点区县征集的通知(FBMCLI.14.7441462).pdf,https://www.pkulaw.com/lar/a5a4ae3671511d38736dc2cad63aa0fdbdfb.html,引证码FBMCLI.14.7441462｜有附件｜行政事务性通知(非规范文本)
219,pkulaw,法规,地方工作文件,金华市人民政府办公室关于印发《金华市推动低空经济高质量发展实施方案(2024—2027年)》的通知,金华市人民政府,金政办发〔2024〕44号,2024-11-05,2024-12-15,现行有效,,否,pkulaw\raw_pdf\低空经济\低空经济\金华市人民政府办公室关于印发《金华市推动低空经济高质量发展实施方案(2024—2027年)》的通知(FBMCLI.14.7939605).pdf,https://www.pkulaw.com/lar/b9ae44a1d309ead03eae688042cacd2bbdfb.html,引证码FBMCLI.14.7939605｜未知位阶/无条文:地方工作文件
220,pkulaw,法规,地方工作文件,镇江经济技术开发区党政办公室关于印发《镇江经开区低空经济高质量发展三年实施方案(2024—2026年)》的通知,镇江经济技术开发区党政办公室,镇经开办发〔2024〕32号,2024-11-22,2024-11-22,现行有效,,否,pkulaw\raw_pdf\低空经济\低空经济\镇江经济技术开发区党政办公室关于印发《镇江经开区低空经济高质量发展三年实施方案(2024—2026年)》的通知(FBMCLI.14.8620693).pdf,https://www.pkulaw.com/lar/c47d5bdcc8f0d3ab0d17a7467ec7ac11bdfb.html,引证码FBMCLI.14.8620693｜有附件｜未知位阶/无条文:地方工作文件
221,pkulaw,法规,地方规范性文件,长春净月高新技术产业开发区管理委员会关于印发《长春净月高新区促进低空经济产业高质量发展的若干措施(试行)》的通知,长春净月高新技术产业开发区管理委员会,长净管规字〔2024〕3号,2024-04-16,2024-06-01,现行有效,,否,pkulaw\raw_pdf\低空经济\低空经济\长春净月高新技术产业开发区管理委员会关于印发《长春净月高新区促进低空经济产业高质量发展的若干措施(试行)》的通知(FBMCLI.12.9701582).pdf,https://www.pkulaw.com/lar/1446e3c7d4af631decb7178762879ab7bdfb.html,引证码FBMCLI.12.9701582｜有附件｜规范性文件但非结构化(通知/公告)
222,pkulaw,法规,地方工作文件,长沙市发展和改革委员会关于印发《长沙市推动低空经济高质量发展实施方案(2024—2026年)》的通知,长沙市发展和改革委员会,长发改基础〔2024〕41号,2024-06-11,2024-06-11,现行有效,,否,pkulaw\raw_pdf\低空经济\低空经济\长沙市发展和改革委员会关于印发《长沙市推动低空经济高质量发展实施方案(2024—2026年)》的通知(FBMCLI.14.7689697).pdf,https://www.pkulaw.com/lar/1737d79dea62905aaed9474f8e2c6423bdfb.html,引证码FBMCLI.14.7689697｜有附件｜未知位阶/无条文:地方工作文件
223,pkulaw,法规,地方工作文件,长治市人民政府办公室关于印发长治市加快推进低空经济和通用航空业高质量发展工作方案的通知,长治市人民政府,长政办发〔2024〕14号,2024-06-04,2024-06-04,现行有效,,否,pkulaw\raw_pdf\低空经济\低空经济\长治市人民政府办公室关于印发长治市加快推进低空经济和通用航空业高质量发展工作方案的通知(FBMCLI.14.7557248).pdf,https://www.pkulaw.com/lar/be7864a6bd0dcc5040fc443bc808ad42bdfb.html,引证码FBMCLI.14.7557248｜未知位阶/无条文:地方工作文件
224,pkulaw,法规,地方工作文件,阳江市人民政府办公室关于成立阳江市推动低空经济高质量发展工作专班的通知,阳江市人民政府,阳府办函〔2025〕2号,2025-01-08,2025-01-08,现行有效,,否,pkulaw\raw_pdf\低空经济\低空经济\阳江市人民政府办公室关于成立阳江市推动低空经济高质量发展工作专班的通知(FBMCLI.14.8454721).pdf,https://www.pkulaw.com/lar/7d4bd13a52c181935d800aacd9ece988bdfb.html,引证码FBMCLI.14.8454721｜未知位阶/无条文:地方工作文件
225,pkulaw,法规,地方工作文件,陕西省发展和改革委员会关于征集低空经济应用场景供给和需求清单的通知,陕西省发展和改革委员会,,2026-06-05,2026-06-05,现行有效,,否,pkulaw\raw_pdf\低空经济\低空经济\陕西省发展和改革委员会关于征集低空经济应用场景供给和需求清单的通知(FBMCLI.14.9991892).pdf,https://www.pkulaw.com/lar/cd37e9d0b14a62abb6fc89321a429d74bdfb.html,引证码FBMCLI.14.9991892｜有附件｜行政事务性通知(非规范文本)
226,pkulaw,法规,地方工作文件,陕西省发展和改革委员会关于确定陕西省低空经济布局优化与突破发展思路研究课题承担单位的公告,陕西省发展和改革委员会,,2026-05-13,2026-05-13,现行有效,,否,pkulaw\raw_pdf\低空经济\低空经济\陕西省发展和改革委员会关于确定陕西省低空经济布局优化与突破发展思路研究课题承担单位的公告(FBMCLI.14.9958206).pdf,https://www.pkulaw.com/lar/c79ed2dc609942fe48da8a626c4b1c51bdfb.html,引证码FBMCLI.14.9958206｜未知位阶/无条文:地方工作文件
227,pkulaw,法规,地方规范性文件,青岛市人民政府办公厅关于印发青岛市促进低空经济高质量发展实施方案的通知,青岛市人民政府,青政办字〔2024〕35号,2024-10-08,2024-10-08,现行有效,,否,pkulaw\raw_pdf\低空经济\低空经济\青岛市人民政府办公厅关于印发青岛市促进低空经济高质量发展实施方案的通知(FBMCLI.12.7857423).pdf,https://www.pkulaw.com/lar/f7ed55c8dfc2485266137d10872b0fa8bdfb.html,引证码FBMCLI.12.7857423｜规范性文件但非结构化(通知/公告)
228,pkulaw,法规,地方工作文件,鞍山市科学技术局对市政协十五届四次会议《关于我市发展低空经济的建议》第071号提案的答复,鞍山市科学技术局,,2025-06-27,2025-06-27,现行有效,,否,pkulaw\raw_pdf\低空经济\低空经济\鞍山市科学技术局对市政协十五届四次会议《关于我市发展低空经济的建议》第071号提案的答复(FBMCLI.14.9300944).pdf,https://www.pkulaw.com/lar/4e290de8b06bea53a813b9d3e49c10e9bdfb.html,引证码FBMCLI.14.9300944｜未知位阶/无条文:地方工作文件
229,pkulaw,法规,地方工作文件,鞍山市科学技术局对市政协十五届四次会议《发展鞍山市低空经济产业建设的提案》第199号提案的答复,鞍山市科学技术局,,2025-06-27,2025-06-27,现行有效,,否,pkulaw\raw_pdf\低空经济\低空经济\鞍山市科学技术局对市政协十五届四次会议《发展鞍山市低空经济产业建设的提案》第199号提案的答复(FBMCLI.14.9302059).pdf,https://www.pkulaw.com/lar/89d3422c504b2422abbfbca23e7b95a8bdfb.html,引证码FBMCLI.14.9302059｜未知位阶/无条文:地方工作文件
230,pkulaw,法规,地方工作文件,黄冈市人民政府办公室关于印发《黄冈市加快低空经济高质量发展实施方案(2025—2027年)》的通知,黄冈市人民政府,黄政办发〔2025〕9号,2025-06-23,2025-06-23,现行有效,,否,pkulaw\raw_pdf\低空经济\低空经济\黄冈市人民政府办公室关于印发《黄冈市加快低空经济高质量发展实施方案(2025—2027年)》的通知(FBMCLI.14.8812126).pdf,https://www.pkulaw.com/lar/a4bb9beff04dca94b78de34be108a108bdfb.html,引证码FBMCLI.14.8812126｜未知位阶/无条文:地方工作文件
231,pkulaw,法规,地方工作文件,黑龙江省发展和改革委员会、黑龙江省交通运输厅、黑龙江省工业和信息化厅、黑龙江省科学技术厅、黑龙江省财政厅关于印发《黑...,黑龙江省发展和改革委员会 黑龙江省交通运输厅 黑龙江省工业和信息化厅 黑龙江省科学技术,黑发改交通规〔2024〕1号,2024-08-01,2024-08-01,现行有效,,否,pkulaw\raw_pdf\低空经济\低空经济\黑龙江省发展和改革委员会、黑龙江省交通运输厅、黑龙江省工业和信息化厅、黑龙江省科学技术厅、黑龙江省财政厅关于印发《黑...(FBMCLI.14.8049562).pdf,https://www.pkulaw.com/lar/b728b2553846ed2533e800ed61941cc4bdfb.html,引证码FBMCLI.14.8049562｜有附件｜未知位阶/无条文:地方工作文件
232,pkulaw,法规,地方工作文件,龙华区低空经济试验区2024年度建设方案,深圳市龙华区人民政府,深龙华府办函〔2024〕3号,,2024,现行有效,,否,pkulaw\raw_pdf\低空经济\低空经济\龙华区低空经济试验区2024年度建设方案(FBMCLI.14.7805475).pdf,https://www.pkulaw.com/lar/97b062d935c5b54f673ff9060b3e359ebdfb.html,引证码FBMCLI.14.7805475｜有附件｜未知位阶/无条文:地方工作文件
233,pkulaw,法规,地方工作文件,上海市交通委员会关于2026世界人工智能大会暨人工智能全球治理高级别会议期间无人驾驶航空器临时管制空域范围的通告,上海市交通委员会,沪交空〔2026〕314号,2026-07-13,2026-07-13,现行有效,,否,pkulaw\raw_pdf\低空经济\无人驾驶航空器\上海市交通委员会关于2026世界人工智能大会暨人工智能全球治理高级别会议期间无人驾驶航空器临时管制空域范围的通告(FBMCLI.14.10109384).pdf,https://www.pkulaw.com/lar/201edafbd182b1530f78e261d63d4e5cbdfb.html,引证码FBMCLI.14.10109384｜未知位阶/无条文:地方工作文件
234,pkulaw,法规,地方工作文件,上海市人民政府关于公布微型轻型小型无人驾驶航空器适飞空域范围的通告,上海市人民政府,沪府发〔2025〕14号,2025-12-24,2025-12-24,现行有效,,否,pkulaw\raw_pdf\低空经济\无人驾驶航空器\上海市人民政府关于公布微型轻型小型无人驾驶航空器适飞空域范围的通告(FBMCLI.14.9642007).pdf,https://www.pkulaw.com/lar/dacbdcf218cf668098a504dc405f5ccbbdfb.html,引证码FBMCLI.14.9642007｜有附件｜未知位阶/无条文:地方工作文件
235,pkulaw,法规,地方工作文件,上海市农业农村委员会关于做好2026年农机购置与应用补贴“优机优补”和农用(植保)无人驾驶航空器产品投档工作的通知,上海市农业农村委员会,沪农委〔2026〕195号,2026-07-13,2026-07-13,现行有效,,否,pkulaw\raw_pdf\低空经济\无人驾驶航空器\上海市农业农村委员会关于做好2026年农机购置与应用补贴“优机优补”和农用(植保)无人驾驶航空器产品投档工作的通知(FBMCLI.14.10114409).pdf,https://www.pkulaw.com/lar/2ba36aebd1be5824e89d947ef96acabfbdfb.html,引证码FBMCLI.14.10114409｜有附件｜未知位阶/无条文:地方工作文件
236,pkulaw,法规,地方工作文件,上海市农业农村委员会关于做好上海市农用无人驾驶航空器购置与应用补贴投档工作的通知,上海市农业农村委员会,沪农委〔2025〕5号,2025-01-10,2025-01-10,现行有效,,否,pkulaw\raw_pdf\低空经济\无人驾驶航空器\上海市农业农村委员会关于做好上海市农用无人驾驶航空器购置与应用补贴投档工作的通知(FBMCLI.14.8460976).pdf,https://www.pkulaw.com/lar/c38e2e8f0915fe9ff997ba621d8bbc4fbdfb.html,引证码FBMCLI.14.8460976｜未知位阶/无条文:地方工作文件
237,pkulaw,法规,地方工作文件,上海市农业农村委员会关于做好本市2024—2025年度农用无人驾驶航空器购置补贴工作的通知,上海市农业农村委员会,沪农委〔2024〕450号,2024-12-18,2024-12-18,现行有效,,否,pkulaw\raw_pdf\低空经济\无人驾驶航空器\上海市农业农村委员会关于做好本市2024—2025年度农用无人驾驶航空器购置补贴工作的通知(FBMCLI.14.8563533).pdf,https://www.pkulaw.com/lar/97ebbd197ffa6e1116b2100e1abaed85bdfb.html,引证码FBMCLI.14.8563533｜未知位阶/无条文:地方工作文件
238,pkulaw,法规,地方规范性文件,上海市机电产品进出口办公室关于申请小型无人驾驶航空器自动进口许可有关问题的通知,上海市机电产品进出口办公室,,2015-07-15,2015-07-01,现行有效,,否,pkulaw\raw_pdf\低空经济\无人驾驶航空器\上海市机电产品进出口办公室关于申请小型无人驾驶航空器自动进口许可有关问题的通知(FBMCLI.12.1093967).pdf,https://www.pkulaw.com/lar/57ec769c8a8ec279b275f4002a99b684bdfb.html,引证码FBMCLI.12.1093967｜规范性文件但非结构化(通知/公告)
239,pkulaw,法规,地方工作文件,中共大连市委军民融合发展委员会办公室关于公布微型、轻型、小型无人驾驶航空器适飞空域范围的公告,中共大连市委员会,,2026-05-22,2026-05-22,现行有效,,否,pkulaw\raw_pdf\低空经济\无人驾驶航空器\中共大连市委军民融合发展委员会办公室关于公布微型、轻型、小型无人驾驶航空器适飞空域范围的公告(FBMCLI.14.9967812).pdf,https://www.pkulaw.com/lar/a908f7bbe46e6bf7f85b808c04437e6bbdfb.html,引证码FBMCLI.14.9967812｜未知位阶/无条文:地方工作文件
240,pkulaw,法规,部门规范性文件,中国民用航空局关于印发《持续完善民用无人驾驶航空器适航审定管理政策稳步推进项目审定实践工作方案》的通知,中国民用航空局,民航发〔2022〕24号,2022-04-14,2022-04-14,现行有效,,否,pkulaw\raw_pdf\低空经济\无人驾驶航空器\中国民用航空局关于印发《持续完善民用无人驾驶航空器适航审定管理政策稳步推进项目审定实践工作方案》的通知(FBMCLI.4.5302921).pdf,https://www.pkulaw.com/chl/564827ca3c0f01c2bdfb.html,引证码FBMCLI.4.5302921｜有附件｜规范性文件但非结构化(通知/公告)
241,pkulaw,法规,部门工作文件,中国民用航空局关于发布民用无人驾驶航空器飞行动态数据报送要求的公告,中国民用航空局,,2024-11-15,2024-11-15,现行有效,,否,pkulaw\raw_pdf\低空经济\无人驾驶航空器\中国民用航空局关于发布民用无人驾驶航空器飞行动态数据报送要求的公告(FBMCLI.4.5235096).pdf,https://www.pkulaw.com/chl/6d443005681707b1bdfb.html,引证码FBMCLI.4.5235096｜部门工作文件(通知/名单)
242,pkulaw,法规,部门工作文件,中国民用航空局关于民用无人驾驶航空器监管服务有关事宜的公告,中国民用航空局,,2023-12-31,2023-12-31,现行有效,,否,pkulaw\raw_pdf\低空经济\无人驾驶航空器\中国民用航空局关于民用无人驾驶航空器监管服务有关事宜的公告(FBMCLI.4.5185889).pdf,https://www.pkulaw.com/chl/af3ab459c01c956dbdfb.html,引证码FBMCLI.4.5185889｜有附件｜部门工作文件(通知/名单)
243,pkulaw,法规,部门规范性文件,中国民用航空局关于民用无人驾驶航空器系统网络式运行识别有关事项的公告,中国民用航空局,中国民用航空局公告2026年第5号,2026-03-04,2026-03-04,现行有效,,否,pkulaw\raw_pdf\低空经济\无人驾驶航空器\中国民用航空局关于民用无人驾驶航空器系统网络式运行识别有关事项的公告(FBMCLI.4.5339316).pdf,https://www.pkulaw.com/chl/39aede7305dde221bdfb.html,引证码FBMCLI.4.5339316｜有附件｜规范性文件但非结构化(通知/公告)
244,pkulaw,法规,部门工作文件,中国民用航空局关于民用无人驾驶航空器系统驾驶员资质管理有关问题的通知,中国民用航空局,民航发〔2015〕34号,2015-04-23,2015-04-30,废止或失效,,否,pkulaw\raw_pdf\低空经济\无人驾驶航空器\中国民用航空局关于民用无人驾驶航空器系统驾驶员资质管理有关问题的通知(FBMCLI.4.5167410).pdf,https://www.pkulaw.com/chl/222021cb5b2977e8bdfb.html,引证码FBMCLI.4.5167410｜部门工作文件(通知/名单)
245,pkulaw,法规,部门工作文件,中国民用航空局关于民用无人驾驶航空器运营合格证有关事宜的通告,中国民用航空局,民航通告〔2023〕1号,2023-12-06,2023-12-06,现行有效,,否,pkulaw\raw_pdf\低空经济\无人驾驶航空器\中国民用航空局关于民用无人驾驶航空器运营合格证有关事宜的通告(FBMCLI.4.5184027).pdf,https://www.pkulaw.com/chl/389e6b2ace2e1e84bdfb.html,引证码FBMCLI.4.5184027｜部门工作文件(通知/名单)
246,pkulaw,法规,部门工作文件,中国民用航空局空管委办公室开展无人驾驶航空器专项整治情况暨加强管理工作的问卷调查,中国民用航空局,,2017-08-24,2017-08-24,现行有效,,否,pkulaw\raw_pdf\低空经济\无人驾驶航空器\中国民用航空局空管委办公室开展无人驾驶航空器专项整治情况暨加强管理工作的问卷调查(FBMCLI.4.5306446).pdf,https://www.pkulaw.com/chl/1bf399f8441d42fbbdfb.html,引证码FBMCLI.4.5306446｜有附件｜部门工作文件(通知/名单)
247,pkulaw,法规,部门工作文件,中型民用无人驾驶航空器系统适航标准及符合性指导材料(试行),中国民用航空局,民航适函〔2024〕52号,2024-07-23,2024-07-23,现行有效,,否,pkulaw\raw_pdf\低空经济\无人驾驶航空器\中型民用无人驾驶航空器系统适航标准及符合性指导材料(试行)(FBMCLI.4.5306199).pdf,https://www.pkulaw.com/chl/8e8a0e7440eaf2bfbdfb.html,引证码FBMCLI.4.5306199｜有附件｜部门工作文件(通知/名单)
248,pkulaw,法规,地方工作文件,云南省公安厅关于举行《云南省民用无人驾驶航空器公共安全管理办法(草案)》立法听证会的公告,云南省公安厅,,2026-05-01,2026-05-01,现行有效,,否,pkulaw\raw_pdf\低空经济\无人驾驶航空器\云南省公安厅关于举行《云南省民用无人驾驶航空器公共安全管理办法(草案)》立法听证会的公告(FBMCLI.14.9950162).pdf,https://www.pkulaw.com/lar/44c69bfa2da36b2d309a322800c767cbbdfb.html,引证码FBMCLI.14.9950162｜有附件｜未知位阶/无条文:地方工作文件
249,pkulaw,法规,地方工作文件,云南省公安厅关于举行《云南省民用无人驾驶航空器公共安全管理办法(草案)》立法听证会的公告,云南省公安厅,云南省公安厅公告2026年第2号,2026-05-29,2026-05-29,现行有效,,否,pkulaw\raw_pdf\低空经济\无人驾驶航空器\云南省公安厅关于举行《云南省民用无人驾驶航空器公共安全管理办法(草案)》立法听证会的公告(FBMCLI.14.9981642).pdf,https://www.pkulaw.com/lar/9c1b98057cdd68f2bf37419a0a0a7974bdfb.html,引证码FBMCLI.14.9981642｜未知位阶/无条文:地方工作文件
250,pkulaw,法规,地方工作文件,云南省农业农村厅、云南省财政厅关于印发《云南省农用植保无人驾驶航空器购置与应用补贴实施方案》的通知,云南省农业农村厅 云南省财政厅,云农机〔2025〕1号,2025-01-26,2025-01-26,现行有效,,否,pkulaw\raw_pdf\低空经济\无人驾驶航空器\云南省农业农村厅、云南省财政厅关于印发《云南省农用植保无人驾驶航空器购置与应用补贴实施方案》的通知(FBMCLI.14.8477004).pdf,https://www.pkulaw.com/lar/74f6a3ab2a5df0fc930bdd95d347eff5bdfb.html,引证码FBMCLI.14.8477004｜有附件｜未知位阶/无条文:地方工作文件
251,pkulaw,法规,地方工作文件,云南省科技厅关于组织开展2022年度“双随机、一公开”执法检查工作的通知(云南警官学院无人驾驶航空器展览馆),云南省科学技术厅,,2022-08-30,2022-08-30,现行有效,,否,pkulaw\raw_pdf\低空经济\无人驾驶航空器\云南省科技厅关于组织开展2022年度“双随机、一公开”执法检查工作的通知(云南警官学院无人驾驶航空器展览馆)(FBMCLI.14.5534826).pdf,https://www.pkulaw.com/lar/89032c30a46ed15e835db5db3ec582c2bdfb.html,引证码FBMCLI.14.5534826｜未知位阶/无条文:地方工作文件
252,pkulaw,法规,部门规范性文件,亿航EH216―S型无人驾驶航空器系统专用条件,中国民用航空局,,2022-02-09,2022-02-09,现行有效,,否,pkulaw\raw_pdf\低空经济\无人驾驶航空器\亿航EH216―S型无人驾驶航空器系统专用条件(FBMCLI.4.5115102).pdf,https://www.pkulaw.com/chl/12ede82bb8d2e3c6bdfb.html,引证码FBMCLI.4.5115102｜有附件｜规范性文件但非结构化(通知/公告)
253,pkulaw,法规,地方工作文件,关于印发《金湖县2021―2023年植保无人驾驶航空器购机补贴补充方案》的通知,金湖县人民政府,金农建〔2025〕39号,2025-07-21,2025-07-21,现行有效,,否,pkulaw\raw_pdf\低空经济\无人驾驶航空器\关于印发《金湖县2021―2023年植保无人驾驶航空器购机补贴补充方案》的通知(FBMCLI.14.9049553).pdf,https://www.pkulaw.com/lar/6f7a193ded3dea0363a407bbd7dc19fdbdfb.html,引证码FBMCLI.14.9049553｜有附件｜未知位阶/无条文:地方工作文件
254,pkulaw,法规,地方工作文件,内蒙古自治区交通运输厅关于公布内蒙古自治区微型、轻型、小型无人驾驶航空器适飞空域范围的公告,内蒙古自治区交通运输厅,,2026-05-18,2026-05-18,现行有效,,否,pkulaw\raw_pdf\低空经济\无人驾驶航空器\内蒙古自治区交通运输厅关于公布内蒙古自治区微型、轻型、小型无人驾驶航空器适飞空域范围的公告(FBMCLI.14.9966040).pdf,https://www.pkulaw.com/lar/e40837776ba7304a8705a38de778a55cbdfb.html,引证码FBMCLI.14.9966040｜有附件｜未知位阶/无条文:地方工作文件
255,pkulaw,法规,部门工作文件,农业农村部农业机械化总站关于延期举办植保无人驾驶航空器及绿色植保装备技术培训班的通知,农业农村部,农机化总站(加)函〔2021〕52号,2021-10-29,2021-10-29,现行有效,,否,pkulaw\raw_pdf\低空经济\无人驾驶航空器\农业农村部农业机械化总站关于延期举办植保无人驾驶航空器及绿色植保装备技术培训班的通知(FBMCLI.4.5116990).pdf,https://www.pkulaw.com/chl/69b1a6886f9cf1bcbdfb.html,引证码FBMCLI.4.5116990｜行政事务性通知(非规范文本)
256,pkulaw,法规,地方工作文件,北京市人民政府关于公布无人驾驶航空器管制空域范围的通告,北京市人民政府,京政发〔2025〕20号,2025-08-03,2025-08-03,现行有效,,否,pkulaw\raw_pdf\低空经济\无人驾驶航空器\北京市人民政府关于公布无人驾驶航空器管制空域范围的通告(FBMCLI.14.9061005).pdf,https://www.pkulaw.com/lar/2d1b9c9590e338f6416ebda8dab3ee7dbdfb.html,引证码FBMCLI.14.9061005｜未知位阶/无条文:地方工作文件
257,pkulaw,法规,地方工作文件,北京市经济和信息化局关于印发《无人驾驶航空器核心部件名录(试行)》的通知,北京市经济和信息化局,,2026-03-27,2026-03-27,现行有效,,否,pkulaw\raw_pdf\低空经济\无人驾驶航空器\北京市经济和信息化局关于印发《无人驾驶航空器核心部件名录(试行)》的通知(FBMCLI.14.9787537).pdf,https://www.pkulaw.com/lar/e52089965bdad80b19840650fed556abbdfb.html,引证码FBMCLI.14.9787537｜有附件｜未知位阶/无条文:地方工作文件
258,pkulaw,法规,地方工作文件,北京海关公告2026年第2号——北京海关关于规范无人驾驶航空器申报事宜的公告,北京海关,北京海关公告2026年第2号,2026-04-01,2026-04-01,现行有效,,否,pkulaw\raw_pdf\低空经济\无人驾驶航空器\北京海关公告2026年第2号——北京海关关于规范无人驾驶航空器申报事宜的公告(FBMCLI.14.9819588).pdf,https://www.pkulaw.com/lar/2f180e9d939c4ba0d7c43a8e5048b16cbdfb.html,引证码FBMCLI.14.9819588｜未知位阶/无条文:地方工作文件
259,pkulaw,法规,地方工作文件,南宁市工业和信息化局转发自治区工业和信息化厅关于推进民用无人驾驶航空器设置唯一产品识别码以及备案工作的通知,南宁市工业和信息化局,,2024-09-25,2024-09-25,现行有效,,否,pkulaw\raw_pdf\低空经济\无人驾驶航空器\南宁市工业和信息化局转发自治区工业和信息化厅关于推进民用无人驾驶航空器设置唯一产品识别码以及备案工作的通知(FBMCLI.14.7827939).pdf,https://www.pkulaw.com/lar/7ade7be368035ffeb494caae0498dc4ebdfb.html,引证码FBMCLI.14.7827939｜有附件｜未知位阶/无条文:地方工作文件
260,pkulaw,法规,地方工作文件,南平市人民政府关于加强2026年福建省足球联赛南平赛区赛事期间无人驾驶航空器飞行活动安全管理的通告,南平市人民政府,南政综〔2026〕36号,2026-04-30,2026-04-30,现行有效,,否,pkulaw\raw_pdf\低空经济\无人驾驶航空器\南平市人民政府关于加强2026年福建省足球联赛南平赛区赛事期间无人驾驶航空器飞行活动安全管理的通告(FBMCLI.14.9954264).pdf,https://www.pkulaw.com/lar/807ab653c2cfcde4a76da435e01ac621bdfb.html,引证码FBMCLI.14.9954264｜未知位阶/无条文:地方工作文件
261,pkulaw,法规,地方工作文件,厦门市公安局、中国民用航空厦门安全监督管理局、厦门市气象局关于进一步加强无人机等民用无人驾驶航空器安全管理的通告,厦门市公安局 中国民用航空厦门安全监督管理局 厦门市气象局,厦公综〔2022〕228号,2022-09-20,2022-09-20,现行有效,,否,pkulaw\raw_pdf\低空经济\无人驾驶航空器\厦门市公安局、中国民用航空厦门安全监督管理局、厦门市气象局关于进一步加强无人机等民用无人驾驶航空器安全管理的通告(FBMCLI.14.5577839).pdf,https://www.pkulaw.com/lar/b6cd7a119eb07ba2f95e987cfd372fd3bdfb.html,引证码FBMCLI.14.5577839｜未知位阶/无条文:地方工作文件
262,pkulaw,法规,地方规范性文件,合肥市经济和信息化委员会关于开展合肥市无人驾驶航空器生产制造企业及产品有关情况调查摸底工作的通知,合肥市经济和信息化委员会,合经信装备〔2017〕328号,2017-08-11,2017-08-11,现行有效,,否,pkulaw\raw_pdf\低空经济\无人驾驶航空器\合肥市经济和信息化委员会关于开展合肥市无人驾驶航空器生产制造企业及产品有关情况调查摸底工作的通知(FBMCLI.12.1807944).pdf,https://www.pkulaw.com/lar/481670efc6c58eb652ad027ab4b09b26bdfb.html,引证码FBMCLI.12.1807944｜有附件｜规范性文件但非结构化(通知/公告)
263,pkulaw,法规,地方工作文件,嘉兴市人民政府关于对无人驾驶航空器及空飘物实施临时性管理措施的通告,嘉兴市人民政府,嘉政发〔2024〕18号,2024-09-13,2024-09-13,现行有效,,否,pkulaw\raw_pdf\低空经济\无人驾驶航空器\嘉兴市人民政府关于对无人驾驶航空器及空飘物实施临时性管理措施的通告(FBMCLI.14.7836581).pdf,https://www.pkulaw.com/lar/4083ba6adb9eaa3b4eca61b3d7b7eaedbdfb.html,引证码FBMCLI.14.7836581｜未知位阶/无条文:地方工作文件
264,pkulaw,法规,地方工作文件,嘉兴市人民政府关于对无人驾驶航空器和空飘物采取临时性管理措施的通告(2022),嘉兴市人民政府,嘉政发〔2022〕17号,2022-09-09,2022-09-09,现行有效,,否,pkulaw\raw_pdf\低空经济\无人驾驶航空器\嘉兴市人民政府关于对无人驾驶航空器和空飘物采取临时性管理措施的通告(2022)(FBMCLI.14.7928326).pdf,https://www.pkulaw.com/lar/b5221572829424efc8a7dabf16e19764bdfb.html,引证码FBMCLI.14.7928326｜未知位阶/无条文:地方工作文件
265,pkulaw,法规,地方工作文件,四川省2024年农机购置与应用补贴植保无人驾驶航空器投档产品现场演示评价结果公告,四川省农业机械鉴定站,,2024-09-27,2024-09-27,现行有效,,否,pkulaw\raw_pdf\低空经济\无人驾驶航空器\四川省2024年农机购置与应用补贴植保无人驾驶航空器投档产品现场演示评价结果公告(FBMCLI.14.7827139).pdf,https://www.pkulaw.com/lar/33b7c737068b7f79b1cd8c8254cd3c45bdfb.html,引证码FBMCLI.14.7827139｜有附件｜未知位阶/无条文:地方工作文件
266,pkulaw,法规,地方工作文件,四川省农业农村厅关于实施植保无人驾驶航空器农机购置与应用补贴的通知,四川省农业农村厅,川农发〔2025〕7 号,2025-03-10,2025-03-10,现行有效,,否,pkulaw\raw_pdf\低空经济\无人驾驶航空器\四川省农业农村厅关于实施植保无人驾驶航空器农机购置与应用补贴的通知(FBMCLI.14.8619845).pdf,https://www.pkulaw.com/lar/8b3e9a6ccf64430e9204ace2443f4577bdfb.html,引证码FBMCLI.14.8619845｜有附件｜未知位阶/无条文:地方工作文件
267,pkulaw,法规,地方工作文件,四川省农业机械鉴定站关于开展四川省2022年农机购置与应用补贴植保无人驾驶航空器产品现场演示评价的通知,四川省农业机械鉴定站,,2022-12-13,2022-12-13,现行有效,,否,pkulaw\raw_pdf\低空经济\无人驾驶航空器\四川省农业机械鉴定站关于开展四川省2022年农机购置与应用补贴植保无人驾驶航空器产品现场演示评价的通知(FBMCLI.14.5684354).pdf,https://www.pkulaw.com/lar/2a91b86e91204c5a8250ff59b1032e63bdfb.html,引证码FBMCLI.14.5684354｜有附件｜未知位阶/无条文:地方工作文件
268,pkulaw,法规,地方工作文件,四川省农业机械鉴定站关于开展四川省2022年植保无人驾驶航空器产品自主投档有关事项的通知,四川省农业机械鉴定站,,2022-10-23,2022-10-23,现行有效,,否,pkulaw\raw_pdf\低空经济\无人驾驶航空器\四川省农业机械鉴定站关于开展四川省2022年植保无人驾驶航空器产品自主投档有关事项的通知(FBMCLI.14.5620470).pdf,https://www.pkulaw.com/lar/39dec2039dcdf51a02f8adcf0ff3c65cbdfb.html,引证码FBMCLI.14.5620470｜未知位阶/无条文:地方工作文件
269,pkulaw,法规,地方工作文件,四川省农业机械鉴定站关于开展四川省2024年农机购置与应用补贴植保无人驾驶航空器产品现场演示评价的通知,四川省农业机械鉴定站,,2024-09-12,2024-09-12,现行有效,,否,pkulaw\raw_pdf\低空经济\无人驾驶航空器\四川省农业机械鉴定站关于开展四川省2024年农机购置与应用补贴植保无人驾驶航空器产品现场演示评价的通知(FBMCLI.14.7796160).pdf,https://www.pkulaw.com/lar/8c2ceb522b0cf3589ca84000403cc5ebbdfb.html,引证码FBMCLI.14.7796160｜有附件｜未知位阶/无条文:地方工作文件
270,pkulaw,法规,部门规范性文件,国家体育总局办公厅、中国教科文卫体工会全国委员会、中华全国体育总会秘书处关于印发2017年全国体育行业职业技能大赛无人驾...,国家体育总局 中国教科文卫体工会全国委员会 中华全国体育总会,体群字〔2017〕172号,2017-09-18,2017-09-18,现行有效,,否,pkulaw\raw_pdf\低空经济\无人驾驶航空器\国家体育总局办公厅、中国教科文卫体工会全国委员会、中华全国体育总会秘书处关于印发2017年全国体育行业职业技能大赛无人驾...(FBMCLI.4.302025).pdf,https://www.pkulaw.com/chl/241ecf8a55c0c5a0bdfb.html,引证码FBMCLI.4.302025｜有附件｜规范性文件但非结构化(通知/公告)
271,pkulaw,法规,部门规范性文件,国家机电产品进出口办公室关于小型无人驾驶航空器自动进口许可签发有关问题的通知,国家机电产品进出口办公室,机电办机进〔2015〕47号,2015-07-14,2015-07-14,现行有效,,否,pkulaw\raw_pdf\低空经济\无人驾驶航空器\国家机电产品进出口办公室关于小型无人驾驶航空器自动进口许可签发有关问题的通知(FBMCLI.4.251588).pdf,https://www.pkulaw.com/chl/d7afcaacdc6271d3bdfb.html,引证码FBMCLI.4.251588｜规范性文件但非结构化(通知/公告)
272,pkulaw,法规,部门工作文件,国家标准化管理委员会、工业和信息化部、自然资源部、农业农村部、国家能源局、中国民用航空局关于印发《无人驾驶航空器系统...,国家标准化管理委员会 工业和信息化部 自然资源部 农业农村部 国家能源局 中国民,国标委联〔2021〕24号,2021-09-13,2021-09-13,现行有效,,否,pkulaw\raw_pdf\低空经济\无人驾驶航空器\国家标准化管理委员会、工业和信息化部、自然资源部、农业农村部、国家能源局、中国民用航空局关于印发《无人驾驶航空器系统...(FBMCLI.4.5077860).pdf,https://www.pkulaw.com/chl/f57bd51515c9b3aabdfb.html,引证码FBMCLI.4.5077860｜有附件｜部门工作文件(通知/名单)
273,pkulaw,法规,部门工作文件,国家标准化管理委员会关于提前实施《民用无人驾驶航空器系统安全要求》国家标准主要条款的通知,国家标准化管理委员会,,2023-11-30,2023-11-30,现行有效,,否,pkulaw\raw_pdf\低空经济\无人驾驶航空器\国家标准化管理委员会关于提前实施《民用无人驾驶航空器系统安全要求》国家标准主要条款的通知(FBMCLI.4.5183652).pdf,https://www.pkulaw.com/chl/797732a10bcdc4f8bdfb.html,引证码FBMCLI.4.5183652｜有附件｜部门工作文件(通知/名单)
274,pkulaw,法规,部门工作文件,国家标准委办公室等关于印发《无人驾驶航空器系统标准体系建设指南(2017―2018年版)》的通知,国家标准化管理委员会 科学技术部 工业和信息化部 公安部 农业部(已撤销) 国家体,,2017-05-22,2017-05-22,现行有效,,否,pkulaw\raw_pdf\低空经济\无人驾驶航空器\国家标准委办公室等关于印发《无人驾驶航空器系统标准体系建设指南(2017―2018年版)》的通知(FBMCLI.4.296876).pdf,https://www.pkulaw.com/chl/14480da053deb777bdfb.html,引证码FBMCLI.4.296876｜有附件｜部门工作文件(通知/名单)
275,pkulaw,法规,部门工作文件,城市场景物流电动多旋翼无人驾驶航空器(轻小型)系统技术要求,中国民用航空局,,2022-03-07,2022-04-01,现行有效,,否,pkulaw\raw_pdf\低空经济\无人驾驶航空器\城市场景物流电动多旋翼无人驾驶航空器(轻小型)系统技术要求(FBMCLI.4.5304581).pdf,https://www.pkulaw.com/chl/fe6ae660d5083075bdfb.html,引证码FBMCLI.4.5304581｜部门工作文件(通知/名单)
276,pkulaw,法规,部门工作文件,城市场景轻小型无人驾驶航空器物流航线划设规范,中国民用航空局,,2022-07-29,2022-08-01,现行有效,,否,pkulaw\raw_pdf\低空经济\无人驾驶航空器\城市场景轻小型无人驾驶航空器物流航线划设规范(FBMCLI.4.5305871).pdf,https://www.pkulaw.com/chl/fb694872e5a127e6bdfb.html,引证码FBMCLI.4.5305871｜部门工作文件(通知/名单)
277,pkulaw,法规,部门工作文件,基于区块链的民用无人驾驶航空器飞行数据存证技术要求,中国民用航空局,,2024-01-10,2024-02-01,现行有效,,否,pkulaw\raw_pdf\低空经济\无人驾驶航空器\基于区块链的民用无人驾驶航空器飞行数据存证技术要求(FBMCLI.4.5305504).pdf,https://www.pkulaw.com/chl/62ba6d8f504d7c92bdfb.html,引证码FBMCLI.4.5305504｜部门工作文件(通知/名单)
278,pkulaw,法规,部门工作文件,大型民用无人驾驶航空器系统操控员训练要求,中国民用航空局,,2026-04-24,2026-05-01,现行有效,,否,pkulaw\raw_pdf\低空经济\无人驾驶航空器\大型民用无人驾驶航空器系统操控员训练要求(FBMCLI.4.5344060).pdf,https://www.pkulaw.com/chl/78e4c411d2806de9bdfb.html,引证码FBMCLI.4.5344060｜有附件｜部门工作文件(通知/名单)
279,pkulaw,法规,地方工作文件,大理白族自治州人民政府关于公布大理州无人驾驶航空器适飞空域范围的通告,大理白族自治州人民政府,大政发〔2026〕2号,2026-02-09,2026-02-09,现行有效,,否,pkulaw\raw_pdf\低空经济\无人驾驶航空器\大理白族自治州人民政府关于公布大理州无人驾驶航空器适飞空域范围的通告(FBMCLI.14.9984107).pdf,https://www.pkulaw.com/lar/5df43a75bd15a0bdaf6d9c7d3c23a480bdfb.html,引证码FBMCLI.14.9984107｜有附件｜未知位阶/无条文:地方工作文件
280,pkulaw,法规,地方工作文件,天津市农业农村委、天津市财政局关于印发《天津市农用无人驾驶航空器购置与应用补贴工作方案》的通知,天津市农业农村委员会 天津市财政局,津农委计财〔2025〕7号,2025-02-12,2025-02-12,现行有效,,否,pkulaw\raw_pdf\低空经济\无人驾驶航空器\天津市农业农村委、天津市财政局关于印发《天津市农用无人驾驶航空器购置与应用补贴工作方案》的通知(FBMCLI.14.8483324).pdf,https://www.pkulaw.com/lar/ce386b4a6b2a0e7db8473f1a5cec2d1ebdfb.html,引证码FBMCLI.14.8483324｜有附件｜未知位阶/无条文:地方工作文件
281,pkulaw,法规,地方工作文件,宁夏回族自治区交通运输厅关于公布微型、轻型、小型无人驾驶航空器适飞空域的通告,宁夏回族自治区交通运输厅,,,2026,现行有效,,否,pkulaw\raw_pdf\低空经济\无人驾驶航空器\宁夏回族自治区交通运输厅关于公布微型、轻型、小型无人驾驶航空器适飞空域的通告(FBMCLI.14.9956449).pdf,https://www.pkulaw.com/lar/47b398aa0a2efe538bf270d00a7d1ff5bdfb.html,引证码FBMCLI.14.9956449｜有附件｜未知位阶/无条文:地方工作文件
282,pkulaw,法规,地方工作文件,宁夏回族自治区自然资源厅办公室关于举办《无人驾驶航空器飞行管理暂行条例》专题讲座的通知,宁夏回族自治区自然资源厅,宁自然资办发〔2023〕63号,2023-10-16,2023-10-16,现行有效,,否,pkulaw\raw_pdf\低空经济\无人驾驶航空器\宁夏回族自治区自然资源厅办公室关于举办《无人驾驶航空器飞行管理暂行条例》专题讲座的通知(FBMCLI.14.7222815).pdf,https://www.pkulaw.com/lar/cd6bde3e95241089b03f363ea6ea120bbdfb.html,引证码FBMCLI.14.7222815｜有附件｜未知位阶/无条文:地方工作文件
283,pkulaw,法规,地方工作文件,宁波市人民政府关于对无人驾驶航空器实施临时管控的通告,宁波市人民政府,甬政告〔2024〕2 号,2024-10-10,2024-10-10,现行有效,,否,pkulaw\raw_pdf\低空经济\无人驾驶航空器\宁波市人民政府关于对无人驾驶航空器实施临时管控的通告(FBMCLI.14.7838896).pdf,https://www.pkulaw.com/lar/4a09cbadd01fc0ae95eea35cc88e49dfbdfb.html,引证码FBMCLI.14.7838896｜未知位阶/无条文:地方工作文件
284,pkulaw,法规,地方工作文件,安徽省农业农村厅、安徽省财政厅关于印发安徽省农用无人驾驶航空器购置与应用补贴实施方案的通知,安徽省农业农村厅 安徽省财政厅,,2025-02-20,2025-02-20,现行有效,,否,pkulaw\raw_pdf\低空经济\无人驾驶航空器\安徽省农业农村厅、安徽省财政厅关于印发安徽省农用无人驾驶航空器购置与应用补贴实施方案的通知(FBMCLI.14.8608392).pdf,https://www.pkulaw.com/lar/38d4ecb764330ddc97186feb905cbbd0bdfb.html,引证码FBMCLI.14.8608392｜有附件｜未知位阶/无条文:地方工作文件
285,pkulaw,法规,地方工作文件,安徽省农业农村厅、安徽省财政厅关于继续开展植保无人驾驶航空器规范应用试点工作的通知,安徽省农业农村厅 安徽省财政厅,皖农机函〔2022〕399号,2022-04-21,2022-04-21,现行有效,,否,pkulaw\raw_pdf\低空经济\无人驾驶航空器\安徽省农业农村厅、安徽省财政厅关于继续开展植保无人驾驶航空器规范应用试点工作的通知(FBMCLI.14.5073952).pdf,https://www.pkulaw.com/lar/8cd5cec4e7e10decc0bf4368c3a23eaebdfb.html,引证码FBMCLI.14.5073952｜有附件｜未知位阶/无条文:地方工作文件
286,pkulaw,法规,地方工作文件,安徽省经济和信息化委员会转发工业和信息化部办公厅关于开展民用无人驾驶航空器生产企业和产品信息填报工作的通知,安徽省经济和信息化委员会,皖经信装备函[2017]814号,2017-06-01,2017-06-01,现行有效,,否,pkulaw\raw_pdf\低空经济\无人驾驶航空器\安徽省经济和信息化委员会转发工业和信息化部办公厅关于开展民用无人驾驶航空器生产企业和产品信息填报工作的通知(FBMCLI.14.4967168).pdf,https://www.pkulaw.com/lar/bcb91ae5aba898c0e5bc5e288d97d64abdfb.html,引证码FBMCLI.14.4967168｜有附件｜未知位阶/无条文:地方工作文件
287,pkulaw,法规,地方工作文件,宜宾市人民政府关于对无人驾驶航空器实施临时管控的通告,宜宾市人民政府,宜府通〔2026〕1号,2026-01-07,2026-01-07,现行有效,,否,pkulaw\raw_pdf\低空经济\无人驾驶航空器\宜宾市人民政府关于对无人驾驶航空器实施临时管控的通告(FBMCLI.14.9603294).pdf,https://www.pkulaw.com/lar/24773461c6d4a63f160fe51f966f4a5ebdfb.html,引证码FBMCLI.14.9603294｜未知位阶/无条文:地方工作文件
288,pkulaw,法规,地方工作文件,宝鸡市人民政府关于公布微型、轻型、小型无人驾驶航空器适飞空域范围的通告,宝鸡市人民政府,,2026-07-05,2026-07-05,现行有效,,否,pkulaw\raw_pdf\低空经济\无人驾驶航空器\宝鸡市人民政府关于公布微型、轻型、小型无人驾驶航空器适飞空域范围的通告(FBMCLI.14.10100921).pdf,https://www.pkulaw.com/lar/72a936d66fe78b47ff07103885b258a7bdfb.html,引证码FBMCLI.14.10100921｜有附件｜未知位阶/无条文:地方工作文件
289,pkulaw,法规,地方工作文件,宣城市人民政府关于临时增加无人驾驶航空器管制空域的通告,宣城市人民政府,,2024-06-05,2024-06-05,现行有效,,否,pkulaw\raw_pdf\低空经济\无人驾驶航空器\宣城市人民政府关于临时增加无人驾驶航空器管制空域的通告(FBMCLI.14.9356678).pdf,https://www.pkulaw.com/lar/2bbf7757381190985992fa57ec1a1d1ebdfb.html,引证码FBMCLI.14.9356678｜未知位阶/无条文:地方工作文件
290,pkulaw,法规,地方工作文件,山东省农业农村厅关于印发《山东省农用无人驾驶航空器购置与应用补贴实施方案》的通知,山东省农业农村厅,鲁农函字〔2024〕295号,2024-12-31,2024-12-31,现行有效,,否,pkulaw\raw_pdf\低空经济\无人驾驶航空器\山东省农业农村厅关于印发《山东省农用无人驾驶航空器购置与应用补贴实施方案》的通知(FBMCLI.14.8436343).pdf,https://www.pkulaw.com/lar/7e7e24291563d3a9c872a03a7a99447fbdfb.html,引证码FBMCLI.14.8436343｜未知位阶/无条文:地方工作文件
291,pkulaw,法规,地方工作文件,山西省农业农村厅、山西省财政厅关于印发《农用无人驾驶航空器购置补贴方案》的通知,山西省农业农村厅 山西省财政厅,晋农发〔2025〕25号,2025-03-17,2025-03-17,现行有效,,否,pkulaw\raw_pdf\低空经济\无人驾驶航空器\山西省农业农村厅、山西省财政厅关于印发《农用无人驾驶航空器购置补贴方案》的通知(FBMCLI.14.8628873).pdf,https://www.pkulaw.com/lar/1667a78c0183ab52d3f25a58db8437ccbdfb.html,引证码FBMCLI.14.8628873｜有附件｜未知位阶/无条文:地方工作文件
292,pkulaw,法规,部门工作文件,工业和信息化部关于无人驾驶航空器系统频率使用事宜的通知,工业和信息化部,,2015-03-10,2015-03-10,现行有效,,否,pkulaw\raw_pdf\低空经济\无人驾驶航空器\工业和信息化部关于无人驾驶航空器系统频率使用事宜的通知(FBMCLI.4.246871).pdf,https://www.pkulaw.com/chl/0c7b1119b3dc758abdfb.html,引证码FBMCLI.4.246871｜有附件｜部门工作文件(通知/名单)
293,pkulaw,法规,部门工作文件,工业和信息化部办公厅关于开展民用无人驾驶航空器生产企业和产品信息填报工作的通知,工业和信息化部,工信厅装函〔2017〕314号,2017-05-22,2017-05-22,现行有效,,否,pkulaw\raw_pdf\低空经济\无人驾驶航空器\工业和信息化部办公厅关于开展民用无人驾驶航空器生产企业和产品信息填报工作的通知(FBMCLI.4.295231).pdf,https://www.pkulaw.com/chl/361062ca14ff6926bdfb.html,引证码FBMCLI.4.295231｜有附件｜部门工作文件(通知/名单)
294,pkulaw,法规,部门工作文件,市场监管总局关于对微型、轻型、小型民用无人驾驶航空器实施召回管理的公告,国家市场监督管理总局,国家市场监督管理总局公告2023年第49号,2023-11-27,2023-11-27,现行有效,,否,pkulaw\raw_pdf\低空经济\无人驾驶航空器\市场监管总局关于对微型、轻型、小型民用无人驾驶航空器实施召回管理的公告(FBMCLI.4.5183511).pdf,https://www.pkulaw.com/chl/f7e78e0a2398c647bdfb.html,引证码FBMCLI.4.5183511｜部门工作文件(通知/名单)
295,pkulaw,法规,地方工作文件,常州市经信委关于开展民用无人驾驶航空器生产企业和产品信息填报工作的通知,常州市经济和信息化委员会,常经信装备〔2017〕154号,2017-05-26,2017-05-26,现行有效,,否,pkulaw\raw_pdf\低空经济\无人驾驶航空器\常州市经信委关于开展民用无人驾驶航空器生产企业和产品信息填报工作的通知(FBMCLI.14.8676951).pdf,https://www.pkulaw.com/lar/cfe495f293bbd841ac3cadfc9a93e4e5bdfb.html,引证码FBMCLI.14.8676951｜有附件｜未知位阶/无条文:地方工作文件
296,pkulaw,法规,地方工作文件,广安市人民政府关于2025广安马拉松赛期间对民用无人驾驶航空器飞行管控的通告,广安市人民政府,,2025-11-05,2025-11-05,现行有效,,否,pkulaw\raw_pdf\低空经济\无人驾驶航空器\广安市人民政府关于2025广安马拉松赛期间对民用无人驾驶航空器飞行管控的通告(FBMCLI.14.9337256).pdf,https://www.pkulaw.com/lar/35bb20a62341ca29453de23415b33d75bdfb.html,引证码FBMCLI.14.9337256｜未知位阶/无条文:地方工作文件
297,pkulaw,法规,地方工作文件,广安市人民政府关于春节期间对民用无人驾驶航空器飞行管控的通告,广安市人民政府,,2025-01-22,2025-01-22,现行有效,,否,pkulaw\raw_pdf\低空经济\无人驾驶航空器\广安市人民政府关于春节期间对民用无人驾驶航空器飞行管控的通告(FBMCLI.14.8910905).pdf,https://www.pkulaw.com/lar/1185e5a30bedf878f27288e6cbe669e4bdfb.html,引证码FBMCLI.14.8910905｜未知位阶/无条文:地方工作文件
298,pkulaw,法规,地方工作文件,广西壮族自治区交通运输厅关于公布广西壮族自治区无人驾驶航空器新版适飞空域范围的公告,广西壮族自治区交通运输厅,,2026-05-12,2026-05-12,现行有效,,否,pkulaw\raw_pdf\低空经济\无人驾驶航空器\广西壮族自治区交通运输厅关于公布广西壮族自治区无人驾驶航空器新版适飞空域范围的公告(FBMCLI.14.9956597).pdf,https://www.pkulaw.com/lar/f7d6e095fd3542172b5bda2d2f7965c1bdfb.html,引证码FBMCLI.14.9956597｜有附件｜未知位阶/无条文:地方工作文件
299,pkulaw,法规,地方规范性文件,广西壮族自治区交通运输厅关于公布广西壮族自治区无人驾驶航空器适飞空域范围的公告,广西壮族自治区交通运输厅,,2025-12-02,2025-12-02,现行有效,,否,pkulaw\raw_pdf\低空经济\无人驾驶航空器\广西壮族自治区交通运输厅关于公布广西壮族自治区无人驾驶航空器适飞空域范围的公告(FBMCLI.12.9480415).pdf,https://www.pkulaw.com/lar/72f50e48ad0fbaed7d6e737ee506df12bdfb.html,引证码FBMCLI.12.9480415｜有附件｜规范性文件但非结构化(通知/公告)
300,pkulaw,法规,地方工作文件,广西壮族自治区农业农村厅、广西壮族自治区自治区财政厅关于印发广西农用无人驾驶航空器购置与应用补贴实施方案的通知,广西壮族自治区农业农村厅 广西壮族自治区财政厅,桂农厅规〔2025〕9号,2025-08-20,2025-08-20,现行有效,,否,pkulaw\raw_pdf\低空经济\无人驾驶航空器\广西壮族自治区农业农村厅、广西壮族自治区自治区财政厅关于印发广西农用无人驾驶航空器购置与应用补贴实施方案的通知(FBMCLI.14.9158177).pdf,https://www.pkulaw.com/lar/ed6a932f83b60be2676053c0cda44d4abdfb.html,引证码FBMCLI.14.9158177｜有附件｜未知位阶/无条文:地方工作文件
301,pkulaw,法规,地方工作文件,广西壮族自治区农业机械化服务中心关于发布广西2025年度第四批自主投档的农用无人驾驶航空器和揉丝机现场演示评价情况的通告,广西壮族自治区农业机械化服务中心,,2026-01-12,2026-01-12,现行有效,,否,pkulaw\raw_pdf\低空经济\无人驾驶航空器\广西壮族自治区农业机械化服务中心关于发布广西2025年度第四批自主投档的农用无人驾驶航空器和揉丝机现场演示评价情况的通告(FBMCLI.14.9613905).pdf,https://www.pkulaw.com/lar/0d67566c03582a8d51aa1c804ea54b7cbdfb.html,引证码FBMCLI.14.9613905｜有附件｜未知位阶/无条文:地方工作文件
302,pkulaw,法规,地方工作文件,广西壮族自治区农业机械化服务中心关于发布广西2026年度第一批自主投档的农用无人驾驶航空器现场演示评价情况的通告,广西壮族自治区农业机械化服务中心,,2026-05-22,2026-05-22,现行有效,,否,pkulaw\raw_pdf\低空经济\无人驾驶航空器\广西壮族自治区农业机械化服务中心关于发布广西2026年度第一批自主投档的农用无人驾驶航空器现场演示评价情况的通告(FBMCLI.14.9967616).pdf,https://www.pkulaw.com/lar/f9ca1ebe8bbb4bf0960e24f0dbe92e0ebdfb.html,引证码FBMCLI.14.9967616｜有附件｜未知位阶/无条文:地方工作文件
303,pkulaw,法规,地方工作文件,广西壮族自治区农业机械化服务中心关于开展2025年度第四批自主投档的农用无人驾驶航空器和揉丝机现场演示评价的通知,广西壮族自治区农业机械化服务中心,,2025-12-23,2025-12-23,现行有效,,否,pkulaw\raw_pdf\低空经济\无人驾驶航空器\广西壮族自治区农业机械化服务中心关于开展2025年度第四批自主投档的农用无人驾驶航空器和揉丝机现场演示评价的通知(FBMCLI.14.9533232).pdf,https://www.pkulaw.com/lar/dcd0dc92b3f363d58c76a6a1238a2390bdfb.html,引证码FBMCLI.14.9533232｜有附件｜未知位阶/无条文:地方工作文件
304,pkulaw,法规,地方工作文件,广西壮族自治区农业机械化服务中心关于开展2026年度第一批自主投档的农用无人驾驶航空器现场演示评价的通知,广西壮族自治区农业机械化服务中心,,2026-04-23,2026-04-23,现行有效,,否,pkulaw\raw_pdf\低空经济\无人驾驶航空器\广西壮族自治区农业机械化服务中心关于开展2026年度第一批自主投档的农用无人驾驶航空器现场演示评价的通知(FBMCLI.14.9916168).pdf,https://www.pkulaw.com/lar/41bae181cf3459a5b074fffb7efc8457bdfb.html,引证码FBMCLI.14.9916168｜有附件｜未知位阶/无条文:地方工作文件
305,pkulaw,法规,地方工作文件,张家界市人民政府办公室关于成立张家界市无人驾驶航空器及其他升空物体管理工作联席会议的通知,张家界市人民政府,张政办函〔2017〕130号,2017-10-23,2017-10-23,现行有效,,否,pkulaw\raw_pdf\低空经济\无人驾驶航空器\张家界市人民政府办公室关于成立张家界市无人驾驶航空器及其他升空物体管理工作联席会议的通知(FBMCLI.14.1416191).pdf,https://www.pkulaw.com/lar/0a3ba237a9a51be054aba0d12f25caecbdfb.html,引证码FBMCLI.14.1416191｜未知位阶/无条文:地方工作文件
306,pkulaw,法规,地方工作文件,德阳市人民政府办公室关于建立德阳市民用无人驾驶航空器安全管理联席会议制度的通知,德阳市人民政府,德办函〔2017〕84号,2017-12-21,2017-12-21,现行有效,,否,pkulaw\raw_pdf\低空经济\无人驾驶航空器\德阳市人民政府办公室关于建立德阳市民用无人驾驶航空器安全管理联席会议制度的通知(FBMCLI.14.1429844).pdf,https://www.pkulaw.com/lar/c4210e551838748deb32413c8288b55ebdfb.html,引证码FBMCLI.14.1429844｜未知位阶/无条文:地方工作文件
307,pkulaw,法规,地方工作文件,怒江州人民政府办公室关于全面加强无人驾驶航空器管理工作的通知,怒江傈僳族自治州人民政府,怒府办电〔2017〕14号,2017-07-18,2017-07-18,现行有效,,否,pkulaw\raw_pdf\低空经济\无人驾驶航空器\怒江州人民政府办公室关于全面加强无人驾驶航空器管理工作的通知(FBMCLI.14.1526057).pdf,https://www.pkulaw.com/lar/4669060510ed0e0e98b7f4c760cd1ed0bdfb.html,引证码FBMCLI.14.1526057｜未知位阶/无条文:地方工作文件
308,pkulaw,法规,地方工作文件,成都市经济和信息化委员会关于开展民用无人驾驶航空器生产企业和产品信息填报工作的通知,成都市经济和信息化委员会,,2017-05-27,2017-05-27,现行有效,,否,pkulaw\raw_pdf\低空经济\无人驾驶航空器\成都市经济和信息化委员会关于开展民用无人驾驶航空器生产企业和产品信息填报工作的通知(FBMCLI.14.6306602).pdf,https://www.pkulaw.com/lar/98712ebd436d1ee196af7e321771af98bdfb.html,引证码FBMCLI.14.6306602｜有附件｜未知位阶/无条文:地方工作文件
309,pkulaw,法规,地方规范性文件,扬州市农业农村局办公室关于进一步加强农用无人驾驶航空器安全生产工作的通知,扬州市农业农村局,扬农办〔2025〕11号,2025-03-31,2025-03-31,现行有效,,否,pkulaw\raw_pdf\低空经济\无人驾驶航空器\扬州市农业农村局办公室关于进一步加强农用无人驾驶航空器安全生产工作的通知(FBMCLI.12.9101799).pdf,https://www.pkulaw.com/lar/73385bb8783d9427c8a626ccc98a487bbdfb.html,引证码FBMCLI.12.9101799｜有附件｜规范性文件但非结构化(通知/公告)
310,pkulaw,法规,地方工作文件,扬州市发展和改革委员会、扬州市公安局、扬州市农业农村局、国网江苏省电力有限公司扬州供电分公司关于规范电力设施周边农用...,扬州市发展和改革委员会 扬州市公安局 扬州市农业农村局 国网江苏省电力有限公司扬州供电分,扬发改能源发〔2026〕79号,2026-06-08,2026-06-08,现行有效,,否,pkulaw\raw_pdf\低空经济\无人驾驶航空器\扬州市发展和改革委员会、扬州市公安局、扬州市农业农村局、国网江苏省电力有限公司扬州供电分公司关于规范电力设施周边农用...(FBMCLI.14.10079574).pdf,https://www.pkulaw.com/lar/f7ad439644c3978bd651b66c0fdc2604bdfb.html,引证码FBMCLI.14.10079574｜有附件｜未知位阶/无条文:地方工作文件
311,pkulaw,法规,地方工作文件,抚顺市人民政府关于加强无人驾驶航空器管理工作的通知,抚顺市人民政府,,2017-08-21,2017-08-21,现行有效,,否,pkulaw\raw_pdf\低空经济\无人驾驶航空器\抚顺市人民政府关于加强无人驾驶航空器管理工作的通知(FBMCLI.14.6630661).pdf,https://www.pkulaw.com/lar/bc9746c0f1e006867f30c2657828a7e5bdfb.html,引证码FBMCLI.14.6630661｜未知位阶/无条文:地方工作文件
312,pkulaw,法规,地方工作文件,拉萨市人民政府关于公布拉萨贡嘎国际机场无人驾驶航空器管制空域的通告,拉萨市人民政府,,2026-04-04,2026-04-04,现行有效,,否,pkulaw\raw_pdf\低空经济\无人驾驶航空器\拉萨市人民政府关于公布拉萨贡嘎国际机场无人驾驶航空器管制空域的通告(FBMCLI.14.9844799).pdf,https://www.pkulaw.com/lar/af91e05ab54ea963bdfbb3326c29814dbdfb.html,引证码FBMCLI.14.9844799｜未知位阶/无条文:地方工作文件
313,pkulaw,法规,地方工作文件,揭阳市经济和信息化局转发广东省经济和信息化委办公室关于开展民用无人驾驶航空器生产企业和产品信息填报工作的通知,揭阳市经济和信息化局,,2017-05-31,2017-05-31,现行有效,,否,pkulaw\raw_pdf\低空经济\无人驾驶航空器\揭阳市经济和信息化局转发广东省经济和信息化委办公室关于开展民用无人驾驶航空器生产企业和产品信息填报工作的通知(FBMCLI.14.1604319).pdf,https://www.pkulaw.com/lar/4f7bb26a318de6957235d7a0d0ef58e1bdfb.html,引证码FBMCLI.14.1604319｜有附件｜未知位阶/无条文:地方工作文件
314,pkulaw,法规,地方工作文件,文山州人民政府关于明确文山普者黑机场无人驾驶航空器禁飞区域的通告,文山壮族苗族自治州人民政府,文政发〔2017〕42号,2017-05-12,2017-05-12,现行有效,,否,pkulaw\raw_pdf\低空经济\无人驾驶航空器\文山州人民政府关于明确文山普者黑机场无人驾驶航空器禁飞区域的通告(FBMCLI.14.2329728).pdf,https://www.pkulaw.com/lar/f6c0c78eb05a9313dd14b585a8bd3e63bdfb.html,引证码FBMCLI.14.2329728｜有附件｜未知位阶/无条文:地方工作文件
315,pkulaw,法规,地方工作文件,文山州人民政府办公室关于成立文山州全面加强无人驾驶航空器管理工作领导小组的通知,文山壮族苗族自治州人民政府,文政办发〔2017〕94号,2017-05-12,2017-05-12,现行有效,,否,pkulaw\raw_pdf\低空经济\无人驾驶航空器\文山州人民政府办公室关于成立文山州全面加强无人驾驶航空器管理工作领导小组的通知(FBMCLI.14.2340617).pdf,https://www.pkulaw.com/lar/7ff33c3974f9845c854f3a3e04a21c81bdfb.html,引证码FBMCLI.14.2340617｜未知位阶/无条文:地方工作文件
316,pkulaw,法规,部门工作文件,无人驾驶航空器系统作业飞行技术规范,中国民用航空局,,2018-08-21,2018-11-01,现行有效,,否,pkulaw\raw_pdf\低空经济\无人驾驶航空器\无人驾驶航空器系统作业飞行技术规范(FBMCLI.4.5304654).pdf,https://www.pkulaw.com/chl/c7c422cea6d21dd7bdfb.html,引证码FBMCLI.4.5304654｜有附件｜部门工作文件(通知/名单)
317,pkulaw,法规,地方工作文件,昆明市人民政府关于公布微型、轻型、小型无人驾驶航空器适飞空域范围的通告,昆明市人民政府,昆政发〔2026〕1号,2026-02-05,2026-02-05,现行有效,,否,pkulaw\raw_pdf\低空经济\无人驾驶航空器\昆明市人民政府关于公布微型、轻型、小型无人驾驶航空器适飞空域范围的通告(FBMCLI.14.9661377).pdf,https://www.pkulaw.com/lar/b97404145122748a74789fe66e179b11bdfb.html,引证码FBMCLI.14.9661377｜有附件｜未知位阶/无条文:地方工作文件
318,pkulaw,法规,地方工作文件,昆明市人民政府关于更新公布市域微型、轻型、小型无人驾驶航空器适飞空域范围的通告,昆明市人民政府,昆政发〔2026〕10号,2026-06-15,2026-06-15,现行有效,,否,pkulaw\raw_pdf\低空经济\无人驾驶航空器\昆明市人民政府关于更新公布市域微型、轻型、小型无人驾驶航空器适飞空域范围的通告(FBMCLI.14.10039818).pdf,https://www.pkulaw.com/lar/bb973bb2c5cbed3d006e1c229cbd1c00bdfb.html,引证码FBMCLI.14.10039818｜有附件｜未知位阶/无条文:地方工作文件
319,pkulaw,法规,地方工作文件,昆明市全面加强无人驾驶航空器管理工作领导小组办公室关于上合昆明国际马拉松赛期间加强“低慢小”航空器管理工作的通告,昆明市全面加强无人驾驶航空器管理工作领导小组,,2019-11-27,2019-11-27,现行有效,,否,pkulaw\raw_pdf\低空经济\无人驾驶航空器\昆明市全面加强无人驾驶航空器管理工作领导小组办公室关于上合昆明国际马拉松赛期间加强“低慢小”航空器管理工作的通告(FBMCLI.14.4008566).pdf,https://www.pkulaw.com/lar/a95671bc4e1de3fa2e5bf3774839ffc3bdfb.html,引证码FBMCLI.14.4008566｜未知位阶/无条文:地方工作文件
320,pkulaw,法规,地方工作文件,昆明市全面加强无人驾驶航空器管理工作领导小组办公室关于加强“低慢小”航空器管理工作的通告,昆明市全面加强无人驾驶航空器管理工作领导小组,,2018-11-06,2018-11-06,现行有效,,否,pkulaw\raw_pdf\低空经济\无人驾驶航空器\昆明市全面加强无人驾驶航空器管理工作领导小组办公室关于加强“低慢小”航空器管理工作的通告(FBMCLI.14.4008594).pdf,https://www.pkulaw.com/lar/09df24db326355cee9cc94fbec505377bdfb.html,引证码FBMCLI.14.4008594｜未知位阶/无条文:地方工作文件
321,pkulaw,法规,地方工作文件,昆明市全面加强无人驾驶航空器管理工作领导小组办公室关于加强“低慢小”航空器管理工作的通告,昆明市全面加强无人驾驶航空器管理工作领导小组,,2022-07-18,2022-07-18,现行有效,,否,pkulaw\raw_pdf\低空经济\无人驾驶航空器\昆明市全面加强无人驾驶航空器管理工作领导小组办公室关于加强“低慢小”航空器管理工作的通告(FBMCLI.14.5600109).pdf,https://www.pkulaw.com/lar/b60c24ef4321ff758e39d840bbd67808bdfb.html,引证码FBMCLI.14.5600109｜未知位阶/无条文:地方工作文件
322,pkulaw,法规,地方工作文件,昆明市全面加强无人驾驶航空器管理工作领导小组办公室关于加强“低慢小”航空器管理工作的通告,昆明市公安局,,2022-07-18,2022-07-18,现行有效,,否,pkulaw\raw_pdf\低空经济\无人驾驶航空器\昆明市全面加强无人驾驶航空器管理工作领导小组办公室关于加强“低慢小”航空器管理工作的通告(FBMCLI.14.6352069).pdf,https://www.pkulaw.com/lar/639d543f79fafd7be67b8158b510c453bdfb.html,引证码FBMCLI.14.6352069｜未知位阶/无条文:地方工作文件
323,pkulaw,法规,地方工作文件,昆明市全面加强无人驾驶航空器管理工作领导小组办公室关于焰火表演活动期间加强“低慢小”航空器管理工作的通告,昆明市全面加强无人驾驶航空器管理工作领导小组,,2019-09-26,2019-09-26,现行有效,,否,pkulaw\raw_pdf\低空经济\无人驾驶航空器\昆明市全面加强无人驾驶航空器管理工作领导小组办公室关于焰火表演活动期间加强“低慢小”航空器管理工作的通告(FBMCLI.14.4008572).pdf,https://www.pkulaw.com/lar/1f7726e5501b58f165f4341d543de29ebdfb.html,引证码FBMCLI.14.4008572｜未知位阶/无条文:地方工作文件
324,pkulaw,法规,地方工作文件,昆明市全面加强无人驾驶航空器管理工作领导小组办公室关于龙舟赛期间加强“低慢小”航空器管理工作的通告,昆明市全面加强无人驾驶航空器管理工作领导小组,,2019-10-29,2019-10-29,现行有效,,否,pkulaw\raw_pdf\低空经济\无人驾驶航空器\昆明市全面加强无人驾驶航空器管理工作领导小组办公室关于龙舟赛期间加强“低慢小”航空器管理工作的通告(FBMCLI.14.4008568).pdf,https://www.pkulaw.com/lar/c337f484797279663539d88ad68047d8bdfb.html,引证码FBMCLI.14.4008568｜未知位阶/无条文:地方工作文件
325,pkulaw,法规,地方工作文件,杭州市人民政府关于加强2025—2026跨年夜期间无人驾驶航空器临时管控工作的通告,杭州市人民政府,,2025-12-26,2025-12-26,现行有效,,否,pkulaw\raw_pdf\低空经济\无人驾驶航空器\杭州市人民政府关于加强2025—2026跨年夜期间无人驾驶航空器临时管控工作的通告(FBMCLI.14.9595540).pdf,https://www.pkulaw.com/lar/9020b2db87ba7f44161ec822ef4e0051bdfb.html,引证码FBMCLI.14.9595540｜未知位阶/无条文:地方工作文件
326,pkulaw,法规,地方工作文件,杭州市人民政府关于加强重要活动期间无人驾驶航空器临时管控工作的通告,杭州市人民政府,,2026-01-11,2026-01-11,现行有效,,否,pkulaw\raw_pdf\低空经济\无人驾驶航空器\杭州市人民政府关于加强重要活动期间无人驾驶航空器临时管控工作的通告(FBMCLI.14.9608236).pdf,https://www.pkulaw.com/lar/a058258dc98d6564219b234850ce909fbdfb.html,引证码FBMCLI.14.9608236｜未知位阶/无条文:地方工作文件
327,pkulaw,法规,地方工作文件,横琴粤澳深度合作区公安局关于加强横琴粤澳深度合作区民用无人驾驶航空器登记备案和安全管理的通告,横琴粤澳深度合作区公安局,,2026-02-27,2026-02-27,现行有效,,否,pkulaw\raw_pdf\低空经济\无人驾驶航空器\横琴粤澳深度合作区公安局关于加强横琴粤澳深度合作区民用无人驾驶航空器登记备案和安全管理的通告(FBMCLI.14.9678144).pdf,https://www.pkulaw.com/lar/98009528bc5f49a787728174f84549febdfb.html,引证码FBMCLI.14.9678144｜未知位阶/无条文:地方工作文件
328,pkulaw,法规,部门工作文件,正常类多旋翼无人驾驶航空器系统(不载人)适航标准,中国民用航空局,,2026-04-03,2026-04-03,现行有效,,否,pkulaw\raw_pdf\低空经济\无人驾驶航空器\正常类多旋翼无人驾驶航空器系统(不载人)适航标准(FBMCLI.4.5342193).pdf,https://www.pkulaw.com/chl/de7d95322ad3e8b1bdfb.html,引证码FBMCLI.4.5342193｜有附件｜部门工作文件(通知/名单)
329,pkulaw,法规,部门规范性文件,民用微轻小型无人驾驶航空器系统运行识别概念(暂行),中国民用航空局,,2022-03-11,2022-03-11,现行有效,,否,pkulaw\raw_pdf\低空经济\无人驾驶航空器\民用微轻小型无人驾驶航空器系统运行识别概念(暂行)(FBMCLI.4.5115099).pdf,https://www.pkulaw.com/chl/7849fdc63b2488b9bdfb.html,引证码FBMCLI.4.5115099｜有附件｜规范性文件但非结构化(通知/公告)
330,pkulaw,法规,部门规范性文件,民用微轻小型无人驾驶航空器运行识别最低性能要求(试行),中国民用航空局,民航规〔2024〕9号,2024-01-16,2024-01-16,现行有效,,否,pkulaw\raw_pdf\低空经济\无人驾驶航空器\民用微轻小型无人驾驶航空器运行识别最低性能要求(试行)(FBMCLI.4.5303404).pdf,https://www.pkulaw.com/chl/e32adf7cc7822113bdfb.html,引证码FBMCLI.4.5303404｜有附件｜规范性文件但非结构化(通知/公告)
331,pkulaw,法规,部门规范性文件,民用无人驾驶航空器分布式操作试运行等级管理规程(暂行),中国民用航空局,,,2022,现行有效,,否,pkulaw\raw_pdf\低空经济\无人驾驶航空器\民用无人驾驶航空器分布式操作试运行等级管理规程(暂行)(FBMCLI.4.5304831).pdf,https://www.pkulaw.com/chl/dfc5cce8b896448ebdfb.html,引证码FBMCLI.4.5304831｜规范性文件但非结构化(通知/公告)
332,pkulaw,法规,部门工作文件,民用无人驾驶航空器固定设施设备巡检标准场景,中国民用航空局,,2024-04-16,2024-04-16,现行有效,,否,pkulaw\raw_pdf\低空经济\无人驾驶航空器\民用无人驾驶航空器固定设施设备巡检标准场景(FBMCLI.4.5305625).pdf,https://www.pkulaw.com/chl/cd5a1f49ad4bb63fbdfb.html,引证码FBMCLI.4.5305625｜有附件｜部门工作文件(通知/名单)
333,pkulaw,法规,部门工作文件,民用无人驾驶航空器实名登记数据交换接口规范,中国民用航空局,,2023-03-08,2023-04-01,现行有效,,否,pkulaw\raw_pdf\低空经济\无人驾驶航空器\民用无人驾驶航空器实名登记数据交换接口规范(FBMCLI.4.5304437).pdf,https://www.pkulaw.com/chl/cb937d4f0787ea17bdfb.html,引证码FBMCLI.4.5304437｜部门工作文件(通知/名单)
334,pkulaw,法规,部门工作文件,民用无人驾驶航空器空域信息数字化技术要求第1部分：编码及使用,中国民用航空局,,2026-01-11,2026-02-01,现行有效,,否,pkulaw\raw_pdf\低空经济\无人驾驶航空器\民用无人驾驶航空器空域信息数字化技术要求第1部分：编码及使用(FBMCLI.4.5334529).pdf,https://www.pkulaw.com/chl/082d86aec4d7262dbdfb.html,引证码FBMCLI.4.5334529｜有附件｜部门工作文件(通知/名单)
335,pkulaw,法规,部门工作文件,民用无人驾驶航空器系统分布式操控员能力要求与评估,中国民用航空局,,2026-04-24,2026-05-01,现行有效,,否,pkulaw\raw_pdf\低空经济\无人驾驶航空器\民用无人驾驶航空器系统分布式操控员能力要求与评估(FBMCLI.4.5344058).pdf,https://www.pkulaw.com/chl/da9c3edf2a5cd9dabdfb.html,引证码FBMCLI.4.5344058｜有附件｜部门工作文件(通知/名单)
336,pkulaw,法规,部门工作文件,民用无人驾驶航空器系统物流运行通用要求第1部分：海岛场景,中国民用航空局,,2023-10-30,2023-11-01,现行有效,,否,pkulaw\raw_pdf\低空经济\无人驾驶航空器\民用无人驾驶航空器系统物流运行通用要求第1部分：海岛场景(FBMCLI.4.5305005).pdf,https://www.pkulaw.com/chl/1778a018cb598eb1bdfb.html,引证码FBMCLI.4.5305005｜部门工作文件(通知/名单)
337,pkulaw,法规,部门工作文件,民用无人驾驶航空器系统适航安全评定指南,中国民用航空局,民航适函〔2024〕5号,2024-02-05,2024-02-05,现行有效,,否,pkulaw\raw_pdf\低空经济\无人驾驶航空器\民用无人驾驶航空器系统适航安全评定指南(FBMCLI.4.5304826).pdf,https://www.pkulaw.com/chl/fad343f24478305cbdfb.html,引证码FBMCLI.4.5304826｜部门工作文件(通知/名单)
338,pkulaw,法规,部门工作文件,民用无人驾驶航空器系统适航审定分级分类和系统安全性分析指南,中国民用航空局,民航适发〔2022〕18号,2022-12-21,2022-12-21,现行有效,,否,pkulaw\raw_pdf\低空经济\无人驾驶航空器\民用无人驾驶航空器系统适航审定分级分类和系统安全性分析指南(FBMCLI.4.5304059).pdf,https://www.pkulaw.com/chl/beb5314cb1e4699fbdfb.html,引证码FBMCLI.4.5304059｜部门工作文件(通知/名单)
339,pkulaw,法规,部门工作文件,民用无人驾驶航空器系统适航审定管理程序,中国民用航空局,民航规〔2022〕64号,2022-12-19,2022-12-19,现行有效,,否,pkulaw\raw_pdf\低空经济\无人驾驶航空器\民用无人驾驶航空器系统适航审定管理程序(FBMCLI.4.5304759).pdf,https://www.pkulaw.com/chl/09e71c785caed184bdfb.html,引证码FBMCLI.4.5304759｜部门工作文件(通知/名单)
340,pkulaw,法规,部门工作文件,民用无人驾驶航空器航行服务系统数据安全技术要求,中国民用航空局,,2026-01-11,2026-02-01,现行有效,,否,pkulaw\raw_pdf\低空经济\无人驾驶航空器\民用无人驾驶航空器航行服务系统数据安全技术要求(FBMCLI.4.5334530).pdf,https://www.pkulaw.com/chl/5c4a541e9b00dbffbdfb.html,引证码FBMCLI.4.5334530｜有附件｜部门工作文件(通知/名单)
341,pkulaw,法规,部门规范性文件,民用航空器国籍登记和民用无人驾驶航空器实名登记管理程序,中国民用航空局,民航规〔2026〕16号,2026-06-25,2026-06-25,现行有效,,否,pkulaw\raw_pdf\低空经济\无人驾驶航空器\民用航空器国籍登记和民用无人驾驶航空器实名登记管理程序(FBMCLI.4.5347093).pdf,https://www.pkulaw.com/chl/ed1cd62e4fe672e8bdfb.html,引证码FBMCLI.4.5347093｜有附件｜规范性文件但非结构化(通知/公告)
342,pkulaw,法规,部门工作文件,民用轻小型无人驾驶航空器物流配送试运行审定指南,中国民用航空局,,2022-08-29,2022-08-29,现行有效,,否,pkulaw\raw_pdf\低空经济\无人驾驶航空器\民用轻小型无人驾驶航空器物流配送试运行审定指南(FBMCLI.4.5304191).pdf,https://www.pkulaw.com/chl/5da2a3e2cf1a6e3dbdfb.html,引证码FBMCLI.4.5304191｜部门工作文件(通知/名单)
343,pkulaw,法规,部门规范性文件,民航局关于印发《民用无人驾驶航空器国籍登记管理程序》的通知,中国民用航空局,民航规〔2023〕3号,2023-01-20,2023-01-20,废止或失效,,否,pkulaw\raw_pdf\低空经济\无人驾驶航空器\民航局关于印发《民用无人驾驶航空器国籍登记管理程序》的通知(FBMCLI.4.5304901).pdf,https://www.pkulaw.com/chl/a1686a5a21de4a91bdfb.html,引证码FBMCLI.4.5304901｜规范性文件但非结构化(通知/公告)
344,pkulaw,法规,部门工作文件,民航局关于发布民用航空行业标准《民用无人驾驶航空器实名登记数据交换接口规范》的公告,中国民用航空局,,2023-03-08,2023-04-01,现行有效,,否,pkulaw\raw_pdf\低空经济\无人驾驶航空器\民航局关于发布民用航空行业标准《民用无人驾驶航空器实名登记数据交换接口规范》的公告(FBMCLI.4.5305166).pdf,https://www.pkulaw.com/chl/53ef3224dabad124bdfb.html,引证码FBMCLI.4.5305166｜有附件｜部门工作文件(通知/名单)
345,pkulaw,法规,地方工作文件,江苏省农业农村厅、江苏省财政厅关于印发《江苏省农用无人驾驶航空器购置补贴实施方案》的通知,江苏省农业农村厅 江苏省财政厅,苏农机〔2025〕1号,2025-02-21,2025-02-21,现行有效,,否,pkulaw\raw_pdf\低空经济\无人驾驶航空器\江苏省农业农村厅、江苏省财政厅关于印发《江苏省农用无人驾驶航空器购置补贴实施方案》的通知(FBMCLI.14.8621329).pdf,https://www.pkulaw.com/lar/5ffd7bb3f0f8d9bd02e8b8f9719dbe34bdfb.html,引证码FBMCLI.14.8621329｜有附件｜未知位阶/无条文:地方工作文件
346,pkulaw,法规,地方工作文件,江苏省农业农村厅、江苏省财政厅关于继续实施引导植保无人驾驶航空器规范应用试点工作的通知,江苏省农业农村厅 江苏省财政厅,苏农机〔2021〕28号,2021-12-29,2021-12-29,现行有效,,否,pkulaw\raw_pdf\低空经济\无人驾驶航空器\江苏省农业农村厅、江苏省财政厅关于继续实施引导植保无人驾驶航空器规范应用试点工作的通知(FBMCLI.14.7098298).pdf,https://www.pkulaw.com/lar/4092f638ebf278e9ab7c306d6111c6abbdfb.html,引证码FBMCLI.14.7098298｜有附件｜未知位阶/无条文:地方工作文件
347,pkulaw,法规,地方工作文件,河北省交通运输厅关于公布优化后微型、轻型、小型无人驾驶航空器适飞空域范围的通告,河北省交通运输厅,,2026-06-16,2026-06-16,现行有效,,否,pkulaw\raw_pdf\低空经济\无人驾驶航空器\河北省交通运输厅关于公布优化后微型、轻型、小型无人驾驶航空器适飞空域范围的通告(FBMCLI.14.10040061).pdf,https://www.pkulaw.com/lar/82d562eb9d8d52893cc7ae92fd6a6961bdfb.html,引证码FBMCLI.14.10040061｜有附件｜未知位阶/无条文:地方工作文件
348,pkulaw,法规,地方工作文件,河南省发展和改革委员会关于公布微型、轻型、小型无人驾驶航空器适飞空域范围的通告,河南省发展和改革委员会,,2026-05-15,2026-05-15,现行有效,,否,pkulaw\raw_pdf\低空经济\无人驾驶航空器\河南省发展和改革委员会关于公布微型、轻型、小型无人驾驶航空器适飞空域范围的通告(FBMCLI.14.9959524).pdf,https://www.pkulaw.com/lar/1c8dc0b3c6cdeaa5b3161c9a40b3dfdebdfb.html,引证码FBMCLI.14.9959524｜有附件｜未知位阶/无条文:地方工作文件
349,pkulaw,法规,地方工作文件,洛阳市人民政府关于临时增加无人驾驶航空器管制空域的通告(2025),洛阳市人民政府,洛政通〔2025〕11号,2025-01-26,2025-01-26,现行有效,,否,pkulaw\raw_pdf\低空经济\无人驾驶航空器\洛阳市人民政府关于临时增加无人驾驶航空器管制空域的通告(2025)(FBMCLI.14.8475218).pdf,https://www.pkulaw.com/lar/e940b7cf6dc7376b0ca96e88a2f730c7bdfb.html,引证码FBMCLI.14.8475218｜未知位阶/无条文:地方工作文件
350,pkulaw,法规,地方工作文件,洛阳市人民政府关于临时增加无人驾驶航空器管制空域的通告,洛阳市人民政府,洛政通〔2026〕6号,2026-06-08,2026-06-08,现行有效,,否,pkulaw\raw_pdf\低空经济\无人驾驶航空器\洛阳市人民政府关于临时增加无人驾驶航空器管制空域的通告(FBMCLI.14.10025769).pdf,https://www.pkulaw.com/lar/dfea5c817d8ea8c56eaafeae11c7240abdfb.html,引证码FBMCLI.14.10025769｜未知位阶/无条文:地方工作文件
351,pkulaw,法规,地方工作文件,洛阳市人民政府关于临时增加无人驾驶航空器管制空域的通告,洛阳市人民政府,洛政通〔2024〕17号,2024-02-07,2024-02-07,现行有效,,否,pkulaw\raw_pdf\低空经济\无人驾驶航空器\洛阳市人民政府关于临时增加无人驾驶航空器管制空域的通告(FBMCLI.14.7373648).pdf,https://www.pkulaw.com/lar/99fd5e2584526d4307bfe70190883009bdfb.html,引证码FBMCLI.14.7373648｜未知位阶/无条文:地方工作文件
352,pkulaw,法规,地方工作文件,洛阳市人民政府关于临时增加无人驾驶航空器管制空域的通告,洛阳市人民政府,洛政通〔2025〕15号,2025-07-23,2025-07-23,现行有效,,否,pkulaw\raw_pdf\低空经济\无人驾驶航空器\洛阳市人民政府关于临时增加无人驾驶航空器管制空域的通告(FBMCLI.14.8969936).pdf,https://www.pkulaw.com/lar/8a6def5522495a588a25d82cd7299308bdfb.html,引证码FBMCLI.14.8969936｜未知位阶/无条文:地方工作文件
353,pkulaw,法规,地方工作文件,洛阳市人民政府关于临时增加无人驾驶航空器管制空域的通告,洛阳市人民政府,洛政通〔2025〕16号,2025-09-11,2025-09-11,现行有效,,否,pkulaw\raw_pdf\低空经济\无人驾驶航空器\洛阳市人民政府关于临时增加无人驾驶航空器管制空域的通告(FBMCLI.14.9174953).pdf,https://www.pkulaw.com/lar/f3014fb5e5751a155ac4fc0a9980330bbdfb.html,引证码FBMCLI.14.9174953｜未知位阶/无条文:地方工作文件
354,pkulaw,法规,地方工作文件,洛阳市人民政府关于临时增加无人驾驶航空器管制空域的通告,洛阳市人民政府,洛政通〔2025〕17号,2025-10-15,2025-10-15,现行有效,,否,pkulaw\raw_pdf\低空经济\无人驾驶航空器\洛阳市人民政府关于临时增加无人驾驶航空器管制空域的通告(FBMCLI.14.9284032).pdf,https://www.pkulaw.com/lar/962826eef9d476b59ce15ccff7cacaa9bdfb.html,引证码FBMCLI.14.9284032｜未知位阶/无条文:地方工作文件
355,pkulaw,法规,地方工作文件,洛阳市人民政府关于临时增加无人驾驶航空器管制空域的通告,洛阳市人民政府,洛政通〔2025〕20号,2025-12-30,2025-12-30,现行有效,,否,pkulaw\raw_pdf\低空经济\无人驾驶航空器\洛阳市人民政府关于临时增加无人驾驶航空器管制空域的通告(FBMCLI.14.9595605).pdf,https://www.pkulaw.com/lar/fe5311ec91c04686b6d14c4ed0b895d9bdfb.html,引证码FBMCLI.14.9595605｜未知位阶/无条文:地方工作文件
356,pkulaw,法规,地方工作文件,洛阳市人民政府关于临时增加无人驾驶航空器管制空域的通告,洛阳市人民政府,洛政通〔2026〕5号,2026-05-26,2026-05-26,现行有效,,否,pkulaw\raw_pdf\低空经济\无人驾驶航空器\洛阳市人民政府关于临时增加无人驾驶航空器管制空域的通告(FBMCLI.14.9974848).pdf,https://www.pkulaw.com/lar/8a42b4fa743f60d32ddb9e86ac380ebabdfb.html,引证码FBMCLI.14.9974848｜未知位阶/无条文:地方工作文件
357,pkulaw,法规,地方工作文件,洛阳市人民政府关于临时增加无人驾驶航空器管制空域的通告(洛政通〔2024〕31号),洛阳市人民政府,洛政通〔2024〕31号,2024-04-19,2024-04-19,现行有效,,否,pkulaw\raw_pdf\低空经济\无人驾驶航空器\洛阳市人民政府关于临时增加无人驾驶航空器管制空域的通告(洛政通〔2024〕31号)(FBMCLI.14.7459003).pdf,https://www.pkulaw.com/lar/4cad67414ef87ca72a433d04bd01111abdfb.html,引证码FBMCLI.14.7459003｜未知位阶/无条文:地方工作文件
358,pkulaw,法规,地方工作文件,洛阳市人民政府关于临时增加无人驾驶航空器管制空域的通告(洛政通〔2024〕38号),洛阳市人民政府,洛政通〔2024〕38号,2024-05-30,2024-05-30,现行有效,,否,pkulaw\raw_pdf\低空经济\无人驾驶航空器\洛阳市人民政府关于临时增加无人驾驶航空器管制空域的通告(洛政通〔2024〕38号)(FBMCLI.14.7543474).pdf,https://www.pkulaw.com/lar/6e528906372be953734b6ab5539555e0bdfb.html,引证码FBMCLI.14.7543474｜未知位阶/无条文:地方工作文件
359,pkulaw,法规,地方工作文件,洛阳市人民政府关于临时增加无人驾驶航空器管制空域的通告(洛政通〔2025〕13号),洛阳市人民政府,洛政通〔2025〕13号,2025-05-23,2025-05-23,现行有效,,否,pkulaw\raw_pdf\低空经济\无人驾驶航空器\洛阳市人民政府关于临时增加无人驾驶航空器管制空域的通告(洛政通〔2025〕13号)(FBMCLI.14.8748287).pdf,https://www.pkulaw.com/lar/386775e3972ae3044ee1bdaa138de08bbdfb.html,引证码FBMCLI.14.8748287｜未知位阶/无条文:地方工作文件
360,pkulaw,法规,地方工作文件,洛阳市人民政府关于孟津区临时增加无人驾驶航空器管制空域的通告,洛阳市人民政府,洛政通〔2024〕18号,2024-02-20,2024-02-20,现行有效,,否,pkulaw\raw_pdf\低空经济\无人驾驶航空器\洛阳市人民政府关于孟津区临时增加无人驾驶航空器管制空域的通告(FBMCLI.14.7376129).pdf,https://www.pkulaw.com/lar/75e3a13b169c8d5aa0d00826dab65bfbbdfb.html,引证码FBMCLI.14.7376129｜未知位阶/无条文:地方工作文件
361,pkulaw,法规,地方工作文件,洛阳市人民政府关于栾川县临时增加无人驾驶航空器管制空域的通告,洛阳市人民政府,洛政通〔2024〕19号,2024-02-22,2024-02-22,现行有效,,否,pkulaw\raw_pdf\低空经济\无人驾驶航空器\洛阳市人民政府关于栾川县临时增加无人驾驶航空器管制空域的通告(FBMCLI.14.7380156).pdf,https://www.pkulaw.com/lar/806a0c2d037dd6596bda1e1d1e24330abdfb.html,引证码FBMCLI.14.7380156｜未知位阶/无条文:地方工作文件
362,pkulaw,法规,地方工作文件,洛阳市人民政府关于汝阳县临时增加无人驾驶航空器管制空域的通告,洛阳市人民政府,洛政通〔2024〕20号,2024-02-22,2024-02-22,现行有效,,否,pkulaw\raw_pdf\低空经济\无人驾驶航空器\洛阳市人民政府关于汝阳县临时增加无人驾驶航空器管制空域的通告(FBMCLI.14.7380157).pdf,https://www.pkulaw.com/lar/60131dd9597d5750246554a0a39d37d8bdfb.html,引证码FBMCLI.14.7380157｜未知位阶/无条文:地方工作文件
363,pkulaw,法规,地方规范性文件,洛阳市工业和信息化局关于开展民用无人驾驶航空器生产企业和产品信息填报工作的通知,洛阳市工业和信息化局,,2017-05-31,2017-05-31,现行有效,,否,pkulaw\raw_pdf\低空经济\无人驾驶航空器\洛阳市工业和信息化局关于开展民用无人驾驶航空器生产企业和产品信息填报工作的通知(FBMCLI.12.1790313).pdf,https://www.pkulaw.com/lar/1f3f70b1debf7219d008d8e7365f1725bdfb.html,引证码FBMCLI.12.1790313｜有附件｜规范性文件但非结构化(通知/公告)
364,pkulaw,法规,地方工作文件,济南市人民政府关于在泉城广场及周边区域对无人驾驶航空器飞行活动实施临时管制的通告,济南市人民政府,,2025-12-29,2025-12-29,现行有效,,否,pkulaw\raw_pdf\低空经济\无人驾驶航空器\济南市人民政府关于在泉城广场及周边区域对无人驾驶航空器飞行活动实施临时管制的通告(FBMCLI.14.9591058).pdf,https://www.pkulaw.com/lar/ec62726291f7e3db71a4c89e71d287f3bdfb.html,引证码FBMCLI.14.9591058｜未知位阶/无条文:地方工作文件
365,pkulaw,法规,地方工作文件,济宁市人民政府关于对无人驾驶航空器飞行活动实施临时管制的通告,济宁市人民政府,通告〔2025〕3号,2025-04-01,2025-04-01,现行有效,,否,pkulaw\raw_pdf\低空经济\无人驾驶航空器\济宁市人民政府关于对无人驾驶航空器飞行活动实施临时管制的通告(FBMCLI.14.8705245).pdf,https://www.pkulaw.com/lar/c3f8d4461d5c81bf6743128278b83bc6bdfb.html,引证码FBMCLI.14.8705245｜未知位阶/无条文:地方工作文件
366,pkulaw,法规,地方工作文件,浙江省公安厅关于明确无人驾驶航空器具体范围的通知,浙江省公安厅,,2019-12-02,2019-12-02,现行有效,,否,pkulaw\raw_pdf\低空经济\无人驾驶航空器\浙江省公安厅关于明确无人驾驶航空器具体范围的通知(FBMCLI.14.2884137).pdf,https://www.pkulaw.com/lar/094b297c399abd35b659488e1574a488bdfb.html,引证码FBMCLI.14.2884137｜未知位阶/无条文:地方工作文件
367,pkulaw,法规,地方工作文件,淮南市人民政府关于2026年高考、中考期间增加无人驾驶航空器临时管制空域的通告,淮南市人民政府,淮府秘〔2026〕39号,2026-05-27,2026-05-27,现行有效,,否,pkulaw\raw_pdf\低空经济\无人驾驶航空器\淮南市人民政府关于2026年高考、中考期间增加无人驾驶航空器临时管制空域的通告(FBMCLI.14.10059486).pdf,https://www.pkulaw.com/lar/7cb969c0a5d76d26bd058329a5e2e376bdfb.html,引证码FBMCLI.14.10059486｜有附件｜未知位阶/无条文:地方工作文件
368,pkulaw,法规,地方工作文件,淮南市人民政府关于“2025淮南马拉松”活动期间增加无人驾驶航空器临时管制空域的通告,淮南市人民政府,淮府秘〔2025〕123号,2025-11-18,2025-11-18,现行有效,,否,pkulaw\raw_pdf\低空经济\无人驾驶航空器\淮南市人民政府关于“2025淮南马拉松”活动期间增加无人驾驶航空器临时管制空域的通告(FBMCLI.14.9650938).pdf,https://www.pkulaw.com/lar/32fded6eb65a4ad31a6bef2389b83c70bdfb.html,引证码FBMCLI.14.9650938｜未知位阶/无条文:地方工作文件
369,pkulaw,法规,地方工作文件,淮南市人民政府关于临时增加无人驾驶航空器管制空域的通告,淮南市人民政府,淮府秘〔2025〕122号,2025-11-12,2025-11-12,现行有效,,否,pkulaw\raw_pdf\低空经济\无人驾驶航空器\淮南市人民政府关于临时增加无人驾驶航空器管制空域的通告(FBMCLI.14.9650944).pdf,https://www.pkulaw.com/lar/33a2e712ea133102b78361c7acf62584bdfb.html,引证码FBMCLI.14.9650944｜未知位阶/无条文:地方工作文件
370,pkulaw,法规,地方工作文件,淮南市人民政府关于临时增加无人驾驶航空器管制空域的通告,淮南市人民政府,淮府秘〔2025〕129号,2025-11-27,2025-11-27,现行有效,,否,pkulaw\raw_pdf\低空经济\无人驾驶航空器\淮南市人民政府关于临时增加无人驾驶航空器管制空域的通告(FBMCLI.14.9650947).pdf,https://www.pkulaw.com/lar/457fee66a87c133aed56183a51b7d3f3bdfb.html,引证码FBMCLI.14.9650947｜未知位阶/无条文:地方工作文件
371,pkulaw,法规,地方工作文件,淮南市人民政府关于临时增加无人驾驶航空器管制空域的通告,淮南市人民政府,淮府秘〔2026〕25号,2026-03-23,2026-03-23,现行有效,,否,pkulaw\raw_pdf\低空经济\无人驾驶航空器\淮南市人民政府关于临时增加无人驾驶航空器管制空域的通告(FBMCLI.14.9819889).pdf,https://www.pkulaw.com/lar/41edb9e956d6774678e13508f0da9161bdfb.html,引证码FBMCLI.14.9819889｜未知位阶/无条文:地方工作文件
372,pkulaw,法规,地方工作文件,淮南市公安局关于开展无人驾驶航空器实名登记与管理服务登记的通告,淮南市公安局,,2024-10-31,2024-10-31,现行有效,,否,pkulaw\raw_pdf\低空经济\无人驾驶航空器\淮南市公安局关于开展无人驾驶航空器实名登记与管理服务登记的通告(FBMCLI.14.8189601).pdf,https://www.pkulaw.com/lar/da46bff76f3987179806831e5005465bbdfb.html,引证码FBMCLI.14.8189601｜未知位阶/无条文:地方工作文件
373,pkulaw,法规,地方工作文件,清远市人民政府关于2025年粤港澳(清远·清城)龙舟争霸赛暨清远市第八届运动会龙舟赛赛事期间无人驾驶航空器安全管控的公告,清远市人民政府,清远市人民政府公告清府〔2025〕31号,2025-06-26,2025-06-26,现行有效,,否,pkulaw\raw_pdf\低空经济\无人驾驶航空器\清远市人民政府关于2025年粤港澳(清远·清城)龙舟争霸赛暨清远市第八届运动会龙舟赛赛事期间无人驾驶航空器安全管控的公告(FBMCLI.14.8850985).pdf,https://www.pkulaw.com/lar/ad5a372693b203271d888d9c4a6862debdfb.html,引证码FBMCLI.14.8850985｜未知位阶/无条文:地方工作文件
374,pkulaw,法规,地方工作文件,温州市人民政府关于设置无人驾驶航空器临时禁飞区域的通告,温州市人民政府,通告〔2020〕3号,2020-10-13,2020-10-18,废止或失效,,否,pkulaw\raw_pdf\低空经济\无人驾驶航空器\温州市人民政府关于设置无人驾驶航空器临时禁飞区域的通告(FBMCLI.14.1645601).pdf,https://www.pkulaw.com/lar/21e2b549412467a9fe306cd2768b6d8dbdfb.html,引证码FBMCLI.14.1645601｜未知位阶/无条文:地方工作文件
375,pkulaw,法规,地方工作文件,温州市人民政府关于设置无人驾驶航空器禁飞区域的通告,温州市人民政府,通告[2021]2号,2021-11-09,2021-11-09,现行有效,,否,pkulaw\raw_pdf\低空经济\无人驾驶航空器\温州市人民政府关于设置无人驾驶航空器禁飞区域的通告(FBMCLI.14.4814678).pdf,https://www.pkulaw.com/lar/ce85afba2ce5064ba48106536b8090e0bdfb.html,引证码FBMCLI.14.4814678｜未知位阶/无条文:地方工作文件
376,pkulaw,法规,地方工作文件,温州市人民政府关于设置无人驾驶航空器禁飞区域的通告,温州市人民政府,温州市人民政府通告〔2022〕3号,2022-12-02,2022-12-02,废止或失效,,否,pkulaw\raw_pdf\低空经济\无人驾驶航空器\温州市人民政府关于设置无人驾驶航空器禁飞区域的通告(FBMCLI.14.5671854).pdf,https://www.pkulaw.com/lar/9eaced69d96b69e1cf62e7245f12af50bdfb.html,引证码FBMCLI.14.5671854｜未知位阶/无条文:地方工作文件
377,pkulaw,法规,地方工作文件,温州市人民政府关于设置无人驾驶航空器禁飞区域的通告,温州市人民政府,温州市人民政府通告〔2023〕3号,2023-06-22,2023-06-22,现行有效,,否,pkulaw\raw_pdf\低空经济\无人驾驶航空器\温州市人民政府关于设置无人驾驶航空器禁飞区域的通告(FBMCLI.14.6994058).pdf,https://www.pkulaw.com/lar/4536b6a8fc89e52f09886df2ac9be95fbdfb.html,引证码FBMCLI.14.6994058｜未知位阶/无条文:地方工作文件
378,pkulaw,法规,地方工作文件,湖北省人民政府办公厅关于印发湖北省无人驾驶航空器专项整治联防联控工作实施方案的通知,湖北省人民政府,鄂政办函〔2017〕78号,2017-10-30,2017-10-30,现行有效,,否,pkulaw\raw_pdf\低空经济\无人驾驶航空器\湖北省人民政府办公厅关于印发湖北省无人驾驶航空器专项整治联防联控工作实施方案的通知(FBMCLI.14.1414098).pdf,https://www.pkulaw.com/lar/dad77c9c30f076b355827894d10fff04bdfb.html,引证码FBMCLI.14.1414098｜未知位阶/无条文:地方工作文件
379,pkulaw,法规,地方工作文件,湖北省农业农村厅关于印发湖北省2024―2026年农业无人驾驶航空器购置补贴实施方案的通知,湖北省农业农村厅,鄂农发〔2024〕59号,2024-12-25,2024-12-25,现行有效,,否,pkulaw\raw_pdf\低空经济\无人驾驶航空器\湖北省农业农村厅关于印发湖北省2024―2026年农业无人驾驶航空器购置补贴实施方案的通知(FBMCLI.14.8430211).pdf,https://www.pkulaw.com/lar/13073058db7dccfb9fa68ae3f627bd8ebdfb.html,引证码FBMCLI.14.8430211｜未知位阶/无条文:地方工作文件
380,pkulaw,法规,地方工作文件,湖北省农业农村厅关于调整农用(植保)无人驾驶航空器等机具补贴额一览表的通告,湖北省农业农村厅,鄂农通告〔2026〕5号,2026-02-28,2026-03-06,现行有效,,否,pkulaw\raw_pdf\低空经济\无人驾驶航空器\湖北省农业农村厅关于调整农用(植保)无人驾驶航空器等机具补贴额一览表的通告(FBMCLI.14.9683179).pdf,https://www.pkulaw.com/lar/c3ceb18cf158ef07f7a026b8de766988bdfb.html,引证码FBMCLI.14.9683179｜有附件｜未知位阶/无条文:地方工作文件
381,pkulaw,法规,地方工作文件,湖北省发改委关于公布微型、轻型、小型无人驾驶航空器适飞空域范围的公告,湖北省发展和改革委员会,,2026-05-12,2026-05-12,现行有效,,否,pkulaw\raw_pdf\低空经济\无人驾驶航空器\湖北省发改委关于公布微型、轻型、小型无人驾驶航空器适飞空域范围的公告(FBMCLI.14.9957033).pdf,https://www.pkulaw.com/lar/ae5212d2a3587923842da388e077c23abdfb.html,引证码FBMCLI.14.9957033｜有附件｜未知位阶/无条文:地方工作文件
382,pkulaw,法规,地方工作文件,湛江市公安局关于2019年湛江湾燃放烟花活动期间禁止使用“低慢小”无人驾驶航空器的通告,湛江市公安局,,2019-09-25,2019-09-25,现行有效,,否,pkulaw\raw_pdf\低空经济\无人驾驶航空器\湛江市公安局关于2019年湛江湾燃放烟花活动期间禁止使用“低慢小”无人驾驶航空器的通告(FBMCLI.14.1598608).pdf,https://www.pkulaw.com/lar/28227bd30c64414bff105bcb854844b8bdfb.html,引证码FBMCLI.14.1598608｜未知位阶/无条文:地方工作文件
383,pkulaw,法规,地方工作文件,漳州市人民政府关于加强2026年福建省文旅经济发展大会期间无人驾驶航空器飞行活动安全管理的通告,漳州市人民政府,漳政综〔2026〕16号,2026-04-16,2026-04-16,现行有效,,否,pkulaw\raw_pdf\低空经济\无人驾驶航空器\漳州市人民政府关于加强2026年福建省文旅经济发展大会期间无人驾驶航空器飞行活动安全管理的通告(FBMCLI.14.9900645).pdf,https://www.pkulaw.com/lar/f99f067a3147381ac23df8e932830ac7bdfb.html,引证码FBMCLI.14.9900645｜未知位阶/无条文:地方工作文件
384,pkulaw,法规,地方工作文件,漳州市工业和信息化局关于做好无人驾驶航空器唯一产品识别码备案检查相关迎检工作的通知,漳州市工业和信息化局,漳工信函电子〔2024〕113号,2024-12-03,2024-12-03,现行有效,,否,pkulaw\raw_pdf\低空经济\无人驾驶航空器\漳州市工业和信息化局关于做好无人驾驶航空器唯一产品识别码备案检查相关迎检工作的通知(FBMCLI.14.8053556).pdf,https://www.pkulaw.com/lar/639dfe9df06f53da98a45b4bc27a698abdfb.html,引证码FBMCLI.14.8053556｜有附件｜未知位阶/无条文:地方工作文件
385,pkulaw,法规,地方工作文件,玉溪市人民政府办公室关于加强无人驾驶航空器管理工作的通知,玉溪市人民政府,玉政办函〔2017〕63号,2017-06-09,2017-06-09,现行有效,,否,pkulaw\raw_pdf\低空经济\无人驾驶航空器\玉溪市人民政府办公室关于加强无人驾驶航空器管理工作的通知(FBMCLI.14.1447641).pdf,https://www.pkulaw.com/lar/3d8beb9cb8d7818cb2be041bb85fd254bdfb.html,引证码FBMCLI.14.1447641｜有附件｜未知位阶/无条文:地方工作文件
386,pkulaw,法规,地方工作文件,白城市人民政府关于在特定区域对无人驾驶航空器实施临时管制的公告,白城市人民政府,白政函〔2024〕126号,2024-08-01,2024-08-01,现行有效,,否,pkulaw\raw_pdf\低空经济\无人驾驶航空器\白城市人民政府关于在特定区域对无人驾驶航空器实施临时管制的公告(FBMCLI.14.7831507).pdf,https://www.pkulaw.com/lar/63e8486a54876f49ddd33f03f5c7cb2dbdfb.html,引证码FBMCLI.14.7831507｜未知位阶/无条文:地方工作文件
387,pkulaw,法规,地方工作文件,福州市无线电管理局关于报送民用无人驾驶航空器无线电发射设备使用情况及建设规划的函,福州市无线电管理局,闽工信函无线榕〔2024〕7号,2024-08-19,2024-08-19,现行有效,,否,pkulaw\raw_pdf\低空经济\无人驾驶航空器\福州市无线电管理局关于报送民用无人驾驶航空器无线电发射设备使用情况及建设规划的函(FBMCLI.14.7721798).pdf,https://www.pkulaw.com/lar/bf784c61dd9cb43ca3590e4e252d4dc0bdfb.html,引证码FBMCLI.14.7721798｜有附件｜未知位阶/无条文:地方工作文件
388,pkulaw,法规,地方工作文件,福建省农业农村厅关于开展农用无人驾驶航空器购置与应用补贴产品投档工作的通告,福建省农业农村厅,福建省农业农村厅通告2025年8号,2025-03-12,2025-03-12,现行有效,,否,pkulaw\raw_pdf\低空经济\无人驾驶航空器\福建省农业农村厅关于开展农用无人驾驶航空器购置与应用补贴产品投档工作的通告(FBMCLI.14.8624246).pdf,https://www.pkulaw.com/lar/5704d436b4d39e265e1b4de8519a35aebdfb.html,引证码FBMCLI.14.8624246｜未知位阶/无条文:地方工作文件
389,pkulaw,法规,地方工作文件,秦皇岛市人民政府关于实施无人驾驶航空器管制的通告,秦皇岛市人民政府,,2024-08-22,2024-08-22,现行有效,,否,pkulaw\raw_pdf\低空经济\无人驾驶航空器\秦皇岛市人民政府关于实施无人驾驶航空器管制的通告(FBMCLI.14.7730069).pdf,https://www.pkulaw.com/lar/cfd5b53c8dc3b5c254d6f80922544111bdfb.html,引证码FBMCLI.14.7730069｜未知位阶/无条文:地方工作文件
390,pkulaw,法规,部门规范性文件,空管行业管理办公室关于发布信息通告《国外无人驾驶航空器系统管理政策法规》的通知,中国民用航空局,,2020-04-21,2020-04-21,现行有效,,否,pkulaw\raw_pdf\低空经济\无人驾驶航空器\空管行业管理办公室关于发布信息通告《国外无人驾驶航空器系统管理政策法规》的通知(FBMCLI.4.5304833).pdf,https://www.pkulaw.com/chl/f0cd867959db78bbbdfb.html,引证码FBMCLI.4.5304833｜有附件｜规范性文件但非结构化(通知/公告)
391,pkulaw,法规,地方工作文件,芜湖市人民政府关于临时增加无人驾驶航空器管制空域的通告,芜湖市人民政府,芜政秘〔2026〕9号,2026-02-27,2026-02-27,现行有效,,否,pkulaw\raw_pdf\低空经济\无人驾驶航空器\芜湖市人民政府关于临时增加无人驾驶航空器管制空域的通告(FBMCLI.14.9682944).pdf,https://www.pkulaw.com/lar/da85c6f640a4d8f4a842ae39b63ec4f6bdfb.html,引证码FBMCLI.14.9682944｜未知位阶/无条文:地方工作文件
392,pkulaw,法规,地方工作文件,芜湖市人民政府关于临时增加无人驾驶航空器管制空域的通告,芜湖市人民政府,芜政秘〔2026〕29号,2026-06-03,2026-06-03,现行有效,,否,pkulaw\raw_pdf\低空经济\无人驾驶航空器\芜湖市人民政府关于临时增加无人驾驶航空器管制空域的通告(FBMCLI.14.9990001).pdf,https://www.pkulaw.com/lar/bc0ba36d6232cf5ff216b60dea9d096cbdfb.html,引证码FBMCLI.14.9990001｜有附件｜未知位阶/无条文:地方工作文件
393,pkulaw,法规,地方工作文件,西双版纳州人民政府办公室关于成立西双版纳州全面加强无人驾驶航空器管理工作领导小组的通知,西双版纳傣族自治州人民政府,西政办发〔2017〕33号,2017-05-12,2017-05-12,现行有效,,否,pkulaw\raw_pdf\低空经济\无人驾驶航空器\西双版纳州人民政府办公室关于成立西双版纳州全面加强无人驾驶航空器管理工作领导小组的通知(FBMCLI.14.2356827).pdf,https://www.pkulaw.com/lar/c135b2626b48c23a53edb9b75315a50fbdfb.html,引证码FBMCLI.14.2356827｜未知位阶/无条文:地方工作文件
394,pkulaw,法规,地方工作文件,贵州省发展和改革委员会关于公布贵州省微型轻型小型无人驾驶航空器适飞空域范围的通告,贵州省发展和改革委员会,,2026-06-04,2026-06-04,现行有效,,否,pkulaw\raw_pdf\低空经济\无人驾驶航空器\贵州省发展和改革委员会关于公布贵州省微型轻型小型无人驾驶航空器适飞空域范围的通告(FBMCLI.14.9987884).pdf,https://www.pkulaw.com/lar/e0290ae415bb74132e3e199b88344abcbdfb.html,引证码FBMCLI.14.9987884｜有附件｜未知位阶/无条文:地方工作文件
395,pkulaw,法规,地方工作文件,通辽市人民政府关于通辽市无人驾驶航空器管制空域的通告,通辽市人民政府,通政通告〔2026〕2号,2026-03-25,2026-03-25,现行有效,,否,pkulaw\raw_pdf\低空经济\无人驾驶航空器\通辽市人民政府关于通辽市无人驾驶航空器管制空域的通告(FBMCLI.14.9788980).pdf,https://www.pkulaw.com/lar/955d6240b7d319206270a78f63cf4b60bdfb.html,引证码FBMCLI.14.9788980｜未知位阶/无条文:地方工作文件
396,pkulaw,法规,地方规范性文件,重庆市公安局关于加强民用无人驾驶航空器飞行管理的通告,重庆市公安局,渝公规〔2017〕2号,2017-05-10,2017-05-10,废止或失效,,否,pkulaw\raw_pdf\低空经济\无人驾驶航空器\重庆市公安局关于加强民用无人驾驶航空器飞行管理的通告(FBMCLI.12.1511908).pdf,https://www.pkulaw.com/lar/586379e74067f6eb211c5223ecc5dd59bdfb.html,引证码FBMCLI.12.1511908｜规范性文件但非结构化(通知/公告)
397,pkulaw,法规,地方规范性文件,重庆市公安局关于废止重庆市公安局关于加强民用无人驾驶航空器飞行管理的通告的决定,重庆市公安局,渝公规〔2018〕7号,2018-03-07,2018-03-07,现行有效,,否,pkulaw\raw_pdf\低空经济\无人驾驶航空器\重庆市公安局关于废止重庆市公安局关于加强民用无人驾驶航空器飞行管理的通告的决定(FBMCLI.12.5404245).pdf,https://www.pkulaw.com/lar/dd5ffc36f14f04a21d3137f67921cb58bdfb.html,引证码FBMCLI.12.5404245｜规范性文件但非结构化(通知/公告)
398,pkulaw,法规,地方工作文件,重庆市经济和信息化委员会关于印发2025年度民用无人驾驶航空器生产企业唯一产品识别码备案情况“双随机、一公开”执法检查工...,重庆市经济和信息化委员会,渝经信执法〔2025〕7号,2025-03-10,2025-03-10,现行有效,,否,pkulaw\raw_pdf\低空经济\无人驾驶航空器\重庆市经济和信息化委员会关于印发2025年度民用无人驾驶航空器生产企业唯一产品识别码备案情况“双随机、一公开”执法检查工...(FBMCLI.14.8623837).pdf,https://www.pkulaw.com/lar/2f55b863f8649f3549797443cfcdbb88bdfb.html,引证码FBMCLI.14.8623837｜未知位阶/无条文:地方工作文件
399,pkulaw,法规,地方工作文件,重庆市经济和信息化委员会关于印发2026年度民用无人驾驶航空器生产企业唯一产品识别码备案情况“双随机、一公开”执法检查工...,重庆市经济和信息化委员会,渝经信执法〔2026〕7号,2026-03-05,2026-03-05,现行有效,,否,pkulaw\raw_pdf\低空经济\无人驾驶航空器\重庆市经济和信息化委员会关于印发2026年度民用无人驾驶航空器生产企业唯一产品识别码备案情况“双随机、一公开”执法检查工...(FBMCLI.14.9687065).pdf,https://www.pkulaw.com/lar/b9bc65f4f42cdc6e31781d5242924c36bdfb.html,引证码FBMCLI.14.9687065｜未知位阶/无条文:地方工作文件
400,pkulaw,法规,地方工作文件,金华市人民政府关于对无人驾驶航空器和空飘物实施临时管控的通告,金华市人民政府,金政告〔2023〕1号,2023-08-18,2023-08-18,现行有效,,否,pkulaw\raw_pdf\低空经济\无人驾驶航空器\金华市人民政府关于对无人驾驶航空器和空飘物实施临时管控的通告(FBMCLI.14.7089692).pdf,https://www.pkulaw.com/lar/58cc37cfc573d2586878081a01e5c679bdfb.html,引证码FBMCLI.14.7089692｜未知位阶/无条文:地方工作文件
401,pkulaw,法规,地方工作文件,铜陵市人民政府关于2026年高考中考期间增加无人驾驶航空器临时管制空域的通告,铜陵市人民政府,铜政告〔2026〕6号,2026-05-30,2026-05-30,现行有效,,否,pkulaw\raw_pdf\低空经济\无人驾驶航空器\铜陵市人民政府关于2026年高考中考期间增加无人驾驶航空器临时管制空域的通告(FBMCLI.14.9983935).pdf,https://www.pkulaw.com/lar/5300d8f2326aeb41710b6f229059a25fbdfb.html,引证码FBMCLI.14.9983935｜未知位阶/无条文:地方工作文件
402,pkulaw,法规,地方工作文件,铜陵市人民政府关于临时增加无人驾驶航空器管制空域的通告,铜陵市人民政府,铜政告〔2026〕3号,2026-03-27,2026-03-27,现行有效,,否,pkulaw\raw_pdf\低空经济\无人驾驶航空器\铜陵市人民政府关于临时增加无人驾驶航空器管制空域的通告(FBMCLI.14.9828500).pdf,https://www.pkulaw.com/lar/bc8997f27c43650636863496cd157623bdfb.html,引证码FBMCLI.14.9828500｜未知位阶/无条文:地方工作文件
403,pkulaw,法规,地方工作文件,阜阳市人民政府关于2026年高考中考期间增加无人驾驶航空器等临时管制空域的通告,阜阳市人民政府,阜政秘〔2026〕54号,2026-06-05,2026-06-05,现行有效,,否,pkulaw\raw_pdf\低空经济\无人驾驶航空器\阜阳市人民政府关于2026年高考中考期间增加无人驾驶航空器等临时管制空域的通告(FBMCLI.14.9993738).pdf,https://www.pkulaw.com/lar/47724bcf893a2bb2584b6bba3a64c2c3bdfb.html,引证码FBMCLI.14.9993738｜有附件｜未知位阶/无条文:地方工作文件
404,pkulaw,法规,部门工作文件,限用类无人驾驶航空器系统适航标准,中国民用航空局,,2026-02-12,2026-02-12,现行有效,,否,pkulaw\raw_pdf\低空经济\无人驾驶航空器\限用类无人驾驶航空器系统适航标准(FBMCLI.4.5338798).pdf,https://www.pkulaw.com/chl/20e6f40ef4bb7d4fbdfb.html,引证码FBMCLI.4.5338798｜有附件｜部门工作文件(通知/名单)
405,pkulaw,法规,地方工作文件,陕西省农业农村厅关于印发《陕西省农用无人驾驶航空器购置与应用补贴实施方案》的通知,陕西省农业农村厅,陕农发〔2025〕8号,2025-02-19,2025-02-19,现行有效,,否,pkulaw\raw_pdf\低空经济\无人驾驶航空器\陕西省农业农村厅关于印发《陕西省农用无人驾驶航空器购置与应用补贴实施方案》的通知(FBMCLI.14.8611166).pdf,https://www.pkulaw.com/lar/12b54e8396e975eb82b6a75bd83a49d0bdfb.html,引证码FBMCLI.14.8611166｜未知位阶/无条文:地方工作文件
406,pkulaw,法规,地方工作文件,陕西省环境保护厅关于无人驾驶航空器飞行空域申请的函,陕西省环境保护厅,陕环生态函〔2018〕77号,2018-05-30,2018-05-30,现行有效,,否,pkulaw\raw_pdf\低空经济\无人驾驶航空器\陕西省环境保护厅关于无人驾驶航空器飞行空域申请的函(FBMCLI.14.2586821).pdf,https://www.pkulaw.com/lar/5d50e46273523ec9257f082ccc44e2d4bdfb.html,引证码FBMCLI.14.2586821｜有附件｜未知位阶/无条文:地方工作文件
407,pkulaw,法规,地方工作文件,青岛市农业农村局关于农机购置与应用补贴产品“植保无人驾驶航空器”投档的补充通知,青岛市农业农村局,,2022-05-30,2022-05-30,现行有效,,否,pkulaw\raw_pdf\低空经济\无人驾驶航空器\青岛市农业农村局关于农机购置与应用补贴产品“植保无人驾驶航空器”投档的补充通知(FBMCLI.14.5456409).pdf,https://www.pkulaw.com/lar/db829ef1bcbf2e68f77ef999a355220cbdfb.html,引证码FBMCLI.14.5456409｜未知位阶/无条文:地方工作文件
408,pkulaw,法规,地方工作文件,青岛市农业农村局关于印发《青岛市农用无人驾驶航空器购置补贴实施方案》的通知,青岛市农业农村局,青农计财字〔2025〕11号,2025-04-03,2025-04-03,现行有效,,否,pkulaw\raw_pdf\低空经济\无人驾驶航空器\青岛市农业农村局关于印发《青岛市农用无人驾驶航空器购置补贴实施方案》的通知(FBMCLI.14.8739803).pdf,https://www.pkulaw.com/lar/228840116437fee720f6665afb9b3c97bdfb.html,引证码FBMCLI.14.8739803｜未知位阶/无条文:地方工作文件
409,pkulaw,法规,地方工作文件,青岛市农业农村局关于印发农用无人驾驶航空器购置补贴实施方案的通知,青岛市农业农村局,青农计财字〔2025〕11号,2025-04-03,2025-04-03,现行有效,,否,pkulaw\raw_pdf\低空经济\无人驾驶航空器\青岛市农业农村局关于印发农用无人驾驶航空器购置补贴实施方案的通知(FBMCLI.14.8694401).pdf,https://www.pkulaw.com/lar/f3fa96b6ccae01092701f577b89a84efbdfb.html,引证码FBMCLI.14.8694401｜未知位阶/无条文:地方工作文件
410,pkulaw,法规,地方工作文件,青海省农牧机械推广总站关于开展植保无人驾驶航空器高原性能试验的通知,青海省农牧机械推广总站,,2022-05-05,2022-05-05,现行有效,,否,pkulaw\raw_pdf\低空经济\无人驾驶航空器\青海省农牧机械推广总站关于开展植保无人驾驶航空器高原性能试验的通知(FBMCLI.14.5084751).pdf,https://www.pkulaw.com/lar/bae2ff224cc97cbfca9a44f4e0f38cc6bdfb.html,引证码FBMCLI.14.5084751｜未知位阶/无条文:地方工作文件
411,pkulaw,法规,地方工作文件,鞍山市农业农村局、鞍山市财政局关于印发鞍山市农用无人驾驶航空器购置与应用补贴实施方案的通知,鞍山市农业农村局 鞍山市财政局,,2025-01-14,2025-01-14,现行有效,,否,pkulaw\raw_pdf\低空经济\无人驾驶航空器\鞍山市农业农村局、鞍山市财政局关于印发鞍山市农用无人驾驶航空器购置与应用补贴实施方案的通知(FBMCLI.14.9298038).pdf,https://www.pkulaw.com/lar/ee1a9a8f432ec3114f2f575945a9ae47bdfb.html,引证码FBMCLI.14.9298038｜有附件｜未知位阶/无条文:地方工作文件
412,pkulaw,法规,地方工作文件,黄山市人民政府关于2024年高考、中考期间增加无人驾驶航空器临时管制空域的通告,黄山市人民政府,黄政秘〔2024〕15号,2024-06-06,2024-06-06,现行有效,,否,pkulaw\raw_pdf\低空经济\无人驾驶航空器\黄山市人民政府关于2024年高考、中考期间增加无人驾驶航空器临时管制空域的通告(FBMCLI.14.9284146).pdf,https://www.pkulaw.com/lar/f7de609e3a1ee95c6c5739c262fbb0eabdfb.html,引证码FBMCLI.14.9284146｜有附件｜未知位阶/无条文:地方工作文件
413,pkulaw,法规,地方工作文件,黑河市交通运输局关于发布黑龙江省无人驾驶航空器适飞空域范围的通告,黑河市交通运输局,,2026-01-16,2026-01-16,现行有效,,否,pkulaw\raw_pdf\低空经济\无人驾驶航空器\黑河市交通运输局关于发布黑龙江省无人驾驶航空器适飞空域范围的通告(FBMCLI.14.9614286).pdf,https://www.pkulaw.com/lar/b09d03775046e0dd420cabcda0f62f52bdfb.html,引证码FBMCLI.14.9614286｜有附件｜未知位阶/无条文:地方工作文件
414,pkulaw,法规,地方工作文件,龙岩市人民政府关于“闽安－2025”地震应急综合演练期间进行无人驾驶航空器管控的通告,龙岩市人民政府,,2025-05-07,2025-05-07,现行有效,,否,pkulaw\raw_pdf\低空经济\无人驾驶航空器\龙岩市人民政府关于“闽安－2025”地震应急综合演练期间进行无人驾驶航空器管控的通告(FBMCLI.14.8729575).pdf,https://www.pkulaw.com/lar/f6b9f0bd2e988e60d83db64638eea2e6bdfb.html,引证码FBMCLI.14.8729575｜未知位阶/无条文:地方工作文件
415,pkulaw,法规,地方工作文件,龙岩市人民政府关于在2024年国庆节升国旗仪式期间进行无人驾驶航空器管控的通告,龙岩市人民政府,龙政通告〔2024〕3号,2024-09-28,2024-09-28,现行有效,,否,pkulaw\raw_pdf\低空经济\无人驾驶航空器\龙岩市人民政府关于在2024年国庆节升国旗仪式期间进行无人驾驶航空器管控的通告(FBMCLI.14.7829859).pdf,https://www.pkulaw.com/lar/80b19b59fd25150c3c7faa9d2a2e5ffbbdfb.html,引证码FBMCLI.14.7829859｜未知位阶/无条文:地方工作文件
416,pkulaw,法规,地方工作文件,龙岩市人民政府关于在2026年福建省城市足球联赛(龙岩赛区)活动期间进行无人驾驶航空器管控的通告,龙岩市人民政府,,2026-04-22,2026-04-22,现行有效,,否,pkulaw\raw_pdf\低空经济\无人驾驶航空器\龙岩市人民政府关于在2026年福建省城市足球联赛(龙岩赛区)活动期间进行无人驾驶航空器管控的通告(FBMCLI.14.9914803).pdf,https://www.pkulaw.com/lar/db73262d1d01aec0508962bfe3b785dfbdfb.html,引证码FBMCLI.14.9914803｜未知位阶/无条文:地方工作文件
417,pkulaw,法规,地方工作文件,龙岩市人民政府关于在2026年长汀春节活动期间进行无人驾驶航空器管控的通告,龙岩市人民政府,龙政通告〔2026〕1号,2026-02-11,2026-02-11,现行有效,,否,pkulaw\raw_pdf\低空经济\无人驾驶航空器\龙岩市人民政府关于在2026年长汀春节活动期间进行无人驾驶航空器管控的通告(FBMCLI.14.9672257).pdf,https://www.pkulaw.com/lar/50d179826c4a3580af320d4a6e93a481bdfb.html,引证码FBMCLI.14.9672257｜未知位阶/无条文:地方工作文件
418,pkulaw,法规,地方工作文件,龙岩市人民政府关于在第二届客家非遗奇妙夜活动期间进行无人驾驶航空器管控的通告,龙岩市人民政府,龙政通告〔2024〕2号,2024-09-12,2024-09-12,现行有效,,否,pkulaw\raw_pdf\低空经济\无人驾驶航空器\龙岩市人民政府关于在第二届客家非遗奇妙夜活动期间进行无人驾驶航空器管控的通告(FBMCLI.14.7790845).pdf,https://www.pkulaw.com/lar/9029b3b64b5ec934e3ca3111d3534a11bdfb.html,引证码FBMCLI.14.7790845｜未知位阶/无条文:地方工作文件
419,pkulaw,法规,部门工作文件,国家认监委秘书处关于征集微轻小型无人机产品认证技术专家组的通知,国家认证认可监督管理委员会,认秘函〔2026〕16号,2026-04-16,2026-04-16,现行有效,,否,pkulaw\raw_pdf\北大法宝中央法规批量下载2026072914510079\国家认监委秘书处关于征集微轻小型无人机产品认证技术专家组的通知(FBMCLI.4.5342276).pdf,https://www.pkulaw.com/chl/ede4a4446676bf74bdfb.html,引证码FBMCLI.4.5342276｜有附件｜行政事务性通知(非规范文本)
420,pkulaw,法规,部门工作文件,体育总局航管中心关于举办2024年中国无人机竞速联赛(南京站)的通知,国家体育总局,,2024-11-14,2024-11-14,现行有效,,否,pkulaw\raw_pdf\北大法宝中央法规批量下载2026072914510079\体育总局航管中心关于举办2024年中国无人机竞速联赛(南京站)的通知(FBMCLI.4.5234916).pdf,https://www.pkulaw.com/chl/d34b018a36b752c6bdfb.html,引证码FBMCLI.4.5234916｜有附件｜行政事务性通知(非规范文本)
421,pkulaw,法规,部门工作文件,体育总局航管中心关于举办2024年中国无人机竞速联赛(苏州站)的通知,国家体育总局,,2024-09-19,2024-09-19,现行有效,,否,pkulaw\raw_pdf\北大法宝中央法规批量下载2026072914510079\体育总局航管中心关于举办2024年中国无人机竞速联赛(苏州站)的通知(FBMCLI.4.5232059).pdf,https://www.pkulaw.com/chl/1c50418e26642042bdfb.html,引证码FBMCLI.4.5232059｜有附件｜行政事务性通知(非规范文本)
422,pkulaw,法规,部门工作文件,体育总局航管中心关于举办2024年中国无人机竞速联赛(柯桥站)的通知,国家体育总局,,2024-07-17,2024-07-17,现行有效,,否,pkulaw\raw_pdf\北大法宝中央法规批量下载2026072914510079\体育总局航管中心关于举办2024年中国无人机竞速联赛(柯桥站)的通知(FBMCLI.4.5227754).pdf,https://www.pkulaw.com/chl/db9ab1c342727bfcbdfb.html,引证码FBMCLI.4.5227754｜有附件｜行政事务性通知(非规范文本)
423,pkulaw,法规,地方工作文件,上海市人民政府关于第五届中国国际进口博览会期间加强无人机等“低慢小”航空器安全管理的通告,上海市人民政府,沪府规〔2022〕15号,2022-10-18,2022-10-18,现行有效,,否,pkulaw\raw_pdf\北大法宝地方法151-200\上海市人民政府关于第五届中国国际进口博览会期间加强无人机等“低慢小”航空器安全管理的通告(FBMCLI.14.5605665).pdf,https://www.pkulaw.com/lar/60b0ecea0ff9b02053cd15175de59ee3bdfb.html,引证码FBMCLI.14.5605665｜未知位阶/无条文:地方工作文件
424,pkulaw,法规,地方工作文件,广州市科学技术局关于“无人机中视觉跟踪控制器关键技术研究与产业化”等省级科技计划项目限期结题的公告,广州市科学技术局,,2022-09-30,2022-09-30,现行有效,,否,pkulaw\raw_pdf\北大法宝地方法151-200\广州市科学技术局关于“无人机中视觉跟踪控制器关键技术研究与产业化”等省级科技计划项目限期结题的公告(FBMCLI.14.5591742).pdf,https://www.pkulaw.com/lar/6afd1113aaa7fc9bcd946eb294fa5c94bdfb.html,引证码FBMCLI.14.5591742｜有附件｜未知位阶/无条文:地方工作文件
425,pkulaw,法规,地方工作文件,厦门市公安局、中国民用航空厦门安全监督管理局、厦门市气象局关于进一步加强无人机等民用无人驾驶航空器安全管理的通告,厦门市公安局 中国民用航空厦门安全监督管理局 厦门市气象局,厦公综〔2022〕228号,2022-09-20,2022-09-20,现行有效,,否,pkulaw\raw_pdf\低空经济\无人驾驶航空器\厦门市公安局、中国民用航空厦门安全监督管理局、厦门市气象局关于进一步加强无人机等民用无人驾驶航空器安全管理的通告(FBMCLI.14.5577839).pdf,https://www.pkulaw.com/lar/b6cd7a119eb07ba2f95e987cfd372fd3bdfb.html,引证码FBMCLI.14.5577839｜未知位阶/无条文:地方工作文件
426,pkulaw,法规,地方工作文件,中山市住房和城乡建设局关于开展建设工程无人机安全飞行巡查的通知,中山市住房和城乡建设局,,2022-09-16,2022-09-16,现行有效,,否,pkulaw\raw_pdf\北大法宝地方法151-200\中山市住房和城乡建设局关于开展建设工程无人机安全飞行巡查的通知(FBMCLI.14.6215641).pdf,https://www.pkulaw.com/lar/96d9cdff6d0dfc4e56e632f2d006a02cbdfb.html,引证码FBMCLI.14.6215641｜未知位阶/无条文:地方工作文件
427,pkulaw,法规,地方工作文件,武汉市科技局关于终止“基于非接触式光纤光栅振动传感器的无人机稳定系统研究”项目的通知,武汉市科学技术局,,2022-09-05,2022-09-05,现行有效,,否,pkulaw\raw_pdf\北大法宝地方法151-200\武汉市科技局关于终止“基于非接触式光纤光栅振动传感器的无人机稳定系统研究”项目的通知(FBMCLI.14.6838594).pdf,https://www.pkulaw.com/lar/54d5909791e44d6c4cefee3857f7485cbdfb.html,引证码FBMCLI.14.6838594｜有附件｜未知位阶/无条文:地方工作文件
428,pkulaw,法规,地方工作文件,海口市旅游和文化广电体育局关于公开征集暑期无人机竞赛体验活动方案的通知,海口市旅游和文化广电体育局,,2022-08-05,2022-08-05,现行有效,,否,pkulaw\raw_pdf\北大法宝地方法151-200\海口市旅游和文化广电体育局关于公开征集暑期无人机竞赛体验活动方案的通知(FBMCLI.14.6241851).pdf,https://www.pkulaw.com/lar/0e7da1e9caf6aa40e8e80f57699aacbfbdfb.html,引证码FBMCLI.14.6241851｜行政事务性通知(非规范文本)
429,pkulaw,法规,地方工作文件,嘉善县农业农村局、嘉善县统计局关于印发嘉善县规模粮油种植补贴和经济作物应用无人机高分遥感信息技术统计改革实施方案的通知,嘉善县农业农村局 嘉善县统计局,善农〔2022〕49号,2022-06-16,2022-06-16,现行有效,,否,pkulaw\raw_pdf\北大法宝地方法151-200\嘉善县农业农村局、嘉善县统计局关于印发嘉善县规模粮油种植补贴和经济作物应用无人机高分遥感信息技术统计改革实施方案的通知(FBMCLI.14.8210540).pdf,https://www.pkulaw.com/lar/bbd1901b11926cb6ee2716b5837022f0bdfb.html,引证码FBMCLI.14.8210540｜有附件｜未知位阶/无条文:地方工作文件
430,pkulaw,法规,地方工作文件,银川市农业农村局关于印发《2022年银川市新型职业农民无人机技能竞赛方案》的通知,银川市农业农村局,银农函〔2022〕127号,2022-06-15,2022-06-15,现行有效,,否,pkulaw\raw_pdf\北大法宝地方法151-200\银川市农业农村局关于印发《2022年银川市新型职业农民无人机技能竞赛方案》的通知(FBMCLI.14.6427892).pdf,https://www.pkulaw.com/lar/def24eea0d827c7003df22d5e908de29bdfb.html,引证码FBMCLI.14.6427892｜有附件｜行政事务性通知(非规范文本)
431,pkulaw,法规,地方工作文件,福建省科学技术厅关于组织申报2022年度省科技重大专项专题“高速公路无人机组网遥感智能巡检关键技术研究”项目的通知,福建省科学技术厅,,2022-06-01,2022-06-01,现行有效,,否,pkulaw\raw_pdf\北大法宝地方法151-200\福建省科学技术厅关于组织申报2022年度省科技重大专项专题“高速公路无人机组网遥感智能巡检关键技术研究”项目的通知(FBMCLI.14.5117914).pdf,https://www.pkulaw.com/lar/7522bccfc442245ac5816391a08b1b26bdfb.html,引证码FBMCLI.14.5117914｜未知位阶/无条文:地方工作文件
432,pkulaw,法规,地方工作文件,贵州省生态环境厅关于采购2022年从严排查整治专项行动无人机排查服务比选结果公告,贵州省生态环境厅,,2022-05-18,2022-05-18,现行有效,,否,pkulaw\raw_pdf\北大法宝地方法151-200\贵州省生态环境厅关于采购2022年从严排查整治专项行动无人机排查服务比选结果公告(FBMCLI.14.5487321).pdf,https://www.pkulaw.com/lar/98d7772f7ac4333a1c1631929b27242cbdfb.html,引证码FBMCLI.14.5487321｜未知位阶/无条文:地方工作文件
433,pkulaw,法规,地方工作文件,广西壮族自治区航空运动管理中心2022年广西无人机竞速大赛的成交公告,广西壮族自治区航空运动管理中心,,2022-05-05,2022-05-05,现行有效,,否,pkulaw\raw_pdf\北大法宝地方法151-200\广西壮族自治区航空运动管理中心2022年广西无人机竞速大赛的成交公告(FBMCLI.14.5106468).pdf,https://www.pkulaw.com/lar/efcff6127e9798bb0d988b52292dd740bdfb.html,引证码FBMCLI.14.5106468｜行政事务性通知(非规范文本)
434,pkulaw,法规,地方工作文件,广西壮族自治区航空运动管理中心关于2022年广西无人机竞速大赛赛事服务采购的公告,广西壮族自治区航空运动管理中心,,2022-04-25,2022-04-25,现行有效,,否,pkulaw\raw_pdf\北大法宝地方法151-200\广西壮族自治区航空运动管理中心关于2022年广西无人机竞速大赛赛事服务采购的公告(FBMCLI.14.5106464).pdf,https://www.pkulaw.com/lar/2ce1fd5ae621b65034c15dcd80daf3acbdfb.html,引证码FBMCLI.14.5106464｜行政事务性通知(非规范文本)
435,pkulaw,法规,地方工作文件,广西壮族自治区航空运动管理中心关于2022年广西无人机竞速大赛赛事服务采购项目的废标公告,广西壮族自治区航空运动管理中心,,2022-04-15,2022-04-15,现行有效,,否,pkulaw\raw_pdf\北大法宝地方法151-200\广西壮族自治区航空运动管理中心关于2022年广西无人机竞速大赛赛事服务采购项目的废标公告(FBMCLI.14.5106343).pdf,https://www.pkulaw.com/lar/f6673a1bee36e7851c3f5d9849727f69bdfb.html,引证码FBMCLI.14.5106343｜行政事务性通知(非规范文本)
436,pkulaw,法规,地方工作文件,广西壮族自治区航空运动管理中心2022年广西无人机航拍创意大赛的成交公告,广西壮族自治区航空运动管理中心,,2022-04-15,2022-04-15,现行有效,,否,pkulaw\raw_pdf\北大法宝地方法151-200\广西壮族自治区航空运动管理中心2022年广西无人机航拍创意大赛的成交公告(FBMCLI.14.5106453).pdf,https://www.pkulaw.com/lar/9f3304c26dc7118b3912dfed99cacc8dbdfb.html,引证码FBMCLI.14.5106453｜未知位阶/无条文:地方工作文件
437,pkulaw,法规,地方工作文件,广西壮族自治区航空运动管理中心关于2022年广西无人机竞速大赛赛事服务采购的公告,广西壮族自治区航空运动管理中心,,2022-03-29,2022-03-29,现行有效,,否,pkulaw\raw_pdf\北大法宝地方法151-200\广西壮族自治区航空运动管理中心关于2022年广西无人机竞速大赛赛事服务采购的公告(FBMCLI.14.5051872).pdf,https://www.pkulaw.com/lar/b22e24ffe38b2f183ddac4c7738fde9fbdfb.html,引证码FBMCLI.14.5051872｜行政事务性通知(非规范文本)
438,pkulaw,法规,地方工作文件,广西壮族自治区航空运动管理中心关于2022年广西无人机航拍创意大赛赛事服务采购的公告,广西壮族自治区航空运动管理中心,,2022-03-29,2022-03-29,现行有效,,否,pkulaw\raw_pdf\北大法宝地方法151-200\广西壮族自治区航空运动管理中心关于2022年广西无人机航拍创意大赛赛事服务采购的公告(FBMCLI.14.5051869).pdf,https://www.pkulaw.com/lar/4fe79fa41229aa4af1f10600d1144fe3bdfb.html,引证码FBMCLI.14.5051869｜有附件｜未知位阶/无条文:地方工作文件
439,pkulaw,法规,地方工作文件,内蒙古自治区工业和信息化厅关于转发《关于开展民用无人机行业摸底调查工作的通知》的通知,内蒙古自治区工业和信息化厅,内工信装工字〔2022〕94号,2022-03-14,2022-03-14,现行有效,,否,pkulaw\raw_pdf\北大法宝地方法151-200\内蒙古自治区工业和信息化厅关于转发《关于开展民用无人机行业摸底调查工作的通知》的通知(FBMCLI.14.5395612).pdf,https://www.pkulaw.com/lar/83784faf087197088c27aab818b38c04bdfb.html,引证码FBMCLI.14.5395612｜有附件｜未知位阶/无条文:地方工作文件
440,pkulaw,法规,地方工作文件,湖北省农业发展中心关于印发《植保无人机防治小麦病害应急预案》《小麦机防暨春耕农机化生产技术服务方案》的通知,湖北省农业事业发展中心,,2022-03-11,2022-03-11,现行有效,,否,pkulaw\raw_pdf\北大法宝地方法151-200\湖北省农业发展中心关于印发《植保无人机防治小麦病害应急预案》《小麦机防暨春耕农机化生产技术服务方案》的通知(FBMCLI.14.5474405).pdf,https://www.pkulaw.com/lar/33719e3d13e891920e9d8c7d0d26c1aebdfb.html,引证码FBMCLI.14.5474405｜有附件｜未知位阶/无条文:地方工作文件
441,pkulaw,法规,地方工作文件,济南市公安局、济南市工业和信息化局、济南市城乡交通运输局、济南市文化和旅游局、济南市应急管理局、济南市市场监督管理局...,济南市公安局 济南市工业和信息化局 济南市城乡交通运输局 济南市文化和旅游局 济南市应急,济公通〔2022〕7号,2022-01-25,2022-01-25,现行有效,,否,pkulaw\raw_pdf\北大法宝地方法151-200\济南市公安局、济南市工业和信息化局、济南市城乡交通运输局、济南市文化和旅游局、济南市应急管理局、济南市市场监督管理局...(FBMCLI.14.5540362).pdf,https://www.pkulaw.com/lar/1690e002a267cc0a0c9c4aa0fe5249f8bdfb.html,引证码FBMCLI.14.5540362｜有附件｜未知位阶/无条文:地方工作文件
442,pkulaw,法规,地方工作文件,山西省发展和改革委员会关于无人机森林航空消防能力建设项目可行性研究报告的批复,山西省发展和改革委员会,晋发改审批发〔2022〕19号,2022-01-17,2022-01-17,现行有效,,否,pkulaw\raw_pdf\北大法宝地方法151-200\山西省发展和改革委员会关于无人机森林航空消防能力建设项目可行性研究报告的批复(FBMCLI.14.4893747).pdf,https://www.pkulaw.com/lar/d25b14355273d9962c697f9b5e67051fbdfb.html,引证码FBMCLI.14.4893747｜有附件｜行政事务性通知(非规范文本)
443,pkulaw,法规,地方工作文件,吉林省粮食和物资储备局关于公开选取吉林省重点县域农村安全储粮无人机航拍服务单位评审结果公告,吉林省粮食和物资储备局,,,2022,现行有效,,否,pkulaw\raw_pdf\北大法宝地方法151-200\吉林省粮食和物资储备局关于公开选取吉林省重点县域农村安全储粮无人机航拍服务单位评审结果公告(FBMCLI.14.5658439).pdf,https://www.pkulaw.com/lar/b64fb29ba637ae71999f65f94030cda5bdfb.html,引证码FBMCLI.14.5658439｜未知位阶/无条文:地方工作文件
444,pkulaw,法规,地方工作文件,吉林省粮食和物资储备局关于公开选取吉林省重点县域农村安全储粮无人机航拍服务单位的公告,吉林省粮食和物资储备局,,,2022,现行有效,,否,pkulaw\raw_pdf\北大法宝地方法151-200\吉林省粮食和物资储备局关于公开选取吉林省重点县域农村安全储粮无人机航拍服务单位的公告(FBMCLI.14.5643599).pdf,https://www.pkulaw.com/lar/aff564366b733169a29d3aa8bff2806ebdfb.html,引证码FBMCLI.14.5643599｜有附件｜未知位阶/无条文:地方工作文件
445,pkulaw,法规,地方工作文件,台州市人民政府关于对临海市紫阳街周边无人机等“低慢小”航空器采取临时性管制措施的通告,台州市人民政府,台政发[2021]26号,2021-12-13,2021-12-15,现行有效,,否,pkulaw\raw_pdf\北大法宝地方法151-200\台州市人民政府关于对临海市紫阳街周边无人机等“低慢小”航空器采取临时性管制措施的通告(FBMCLI.14.6911309).pdf,https://www.pkulaw.com/lar/95d458380a6f9ebc2c1c33117a26bf50bdfb.html,引证码FBMCLI.14.6911309｜未知位阶/无条文:地方工作文件
446,pkulaw,法规,地方工作文件,温州市体育局、共青团温州市委、温州市妇女联合会、温州市关心下一代工作委员会关于举办温州市第六届青少年无人机锦标赛的通知,温州市体育局 共青团温州市委 温州市妇女联合会 温州市关心下一代工作委员会,,2021-12-01,2021-12-01,现行有效,,否,pkulaw\raw_pdf\北大法宝地方法151-200\温州市体育局、共青团温州市委、温州市妇女联合会、温州市关心下一代工作委员会关于举办温州市第六届青少年无人机锦标赛的通知(FBMCLI.14.9197670).pdf,https://www.pkulaw.com/lar/90d51a2d6c288132453e9c03d55b06babdfb.html,引证码FBMCLI.14.9197670｜有附件｜未知位阶/无条文:地方工作文件
447,pkulaw,法规,地方工作文件,苏州市人民政府关于加强第四届中国国际进口博览会期间无人机等“低慢小”航空器安全管理的通告,苏州市人民政府,苏府通〔2021〕3号,2021-10-29,2021-10-29,现行有效,,否,pkulaw\raw_pdf\北大法宝地方法151-200\苏州市人民政府关于加强第四届中国国际进口博览会期间无人机等“低慢小”航空器安全管理的通告(FBMCLI.14.4875039).pdf,https://www.pkulaw.com/lar/96599e63433140a7257d0648dbd00038bdfb.html,引证码FBMCLI.14.4875039｜有附件｜未知位阶/无条文:地方工作文件
448,pkulaw,法规,地方工作文件,上海市人民政府关于加强第四届中国国际进口博览会期间无人机等“低慢小”航空器安全管理的通告,上海市人民政府,沪府规〔2021〕14号,2021-10-20,2021-10-25,现行有效,,否,pkulaw\raw_pdf\北大法宝地方法151-200\上海市人民政府关于加强第四届中国国际进口博览会期间无人机等“低慢小”航空器安全管理的通告(FBMCLI.14.4619995).pdf,https://www.pkulaw.com/lar/98c47ba91dbb5f323fe7566c652c3625bdfb.html,引证码FBMCLI.14.4619995｜未知位阶/无条文:地方工作文件
449,pkulaw,法规,地方工作文件,南宁市城市管理综合行政执法局无人机技术辅助邕江沿岸公园考评(试点)项目采购公告,南宁市城市管理综合行政执法局,,2021-10-11,2021-10-11,现行有效,,否,pkulaw\raw_pdf\北大法宝地方法151-200\南宁市城市管理综合行政执法局无人机技术辅助邕江沿岸公园考评(试点)项目采购公告(FBMCLI.14.5559927).pdf,https://www.pkulaw.com/lar/9fb39fb326ec4a6341e2819b66bb3ae5bdfb.html,引证码FBMCLI.14.5559927｜有附件｜未知位阶/无条文:地方工作文件
450,pkulaw,法规,地方工作文件,济南市工业和信息化局关于对生产、销售无人机无线电反制设备进行排查的通知,济南市工业和信息化局,,2021-09-26,2021-09-26,现行有效,,否,pkulaw\raw_pdf\北大法宝地方法151-200\济南市工业和信息化局关于对生产、销售无人机无线电反制设备进行排查的通知(FBMCLI.14.5797790).pdf,https://www.pkulaw.com/lar/a78f48e54315f730ad9dcdf2545f18ccbdfb.html,引证码FBMCLI.14.5797790｜有附件｜未知位阶/无条文:地方工作文件
451,pkulaw,法规,地方工作文件,广西壮族自治区自然资源厅关于进一步规范无人机测绘活动的通知,广西壮族自治区自然资源厅,桂自然资发〔2021〕64号,2021-09-24,2021-09-24,现行有效,,否,pkulaw\raw_pdf\北大法宝地方法151-200\广西壮族自治区自然资源厅关于进一步规范无人机测绘活动的通知(FBMCLI.14.4621379).pdf,https://www.pkulaw.com/lar/230910c15102200446dd3a7740252f64bdfb.html,引证码FBMCLI.14.4621379｜未知位阶/无条文:地方工作文件
452,pkulaw,法规,地方工作文件,咸阳市人民政府关于第十四届全国运动会咸阳赛区赛事期间无人机等航空器飞行管控的通告,咸阳市人民政府,咸政发〔2021〕15号,2021-09-10,2021-09-10,现行有效,,否,pkulaw\raw_pdf\北大法宝地方法151-200\咸阳市人民政府关于第十四届全国运动会咸阳赛区赛事期间无人机等航空器飞行管控的通告(FBMCLI.14.5052012).pdf,https://www.pkulaw.com/lar/b2535f9c90d15d626df9e3f15c50ab16bdfb.html,引证码FBMCLI.14.5052012｜未知位阶/无条文:地方工作文件
453,pkulaw,法规,地方工作文件,广东省生态环境厅关于商请协助开展海岸带无人机航拍的函,广东省生态环境厅,,2021-09-01,2021-09-01,现行有效,,否,pkulaw\raw_pdf\北大法宝地方法151-200\广东省生态环境厅关于商请协助开展海岸带无人机航拍的函(FBMCLI.14.7407817).pdf,https://www.pkulaw.com/lar/159ffe358da0025670b0d97d5438142abdfb.html,引证码FBMCLI.14.7407817｜未知位阶/无条文:地方工作文件
454,pkulaw,法规,地方工作文件,合肥市科学技术局、岳西县人民政府关于参加合肥·岳西无人机(智能制造)产业发展交流恳谈会的通知,合肥市科学技术局 岳西县人民政府,,2021-09-01,2021-09-01,现行有效,,否,pkulaw\raw_pdf\北大法宝地方法151-200\合肥市科学技术局、岳西县人民政府关于参加合肥·岳西无人机(智能制造)产业发展交流恳谈会的通知(FBMCLI.14.5530152).pdf,https://www.pkulaw.com/lar/25ad3eaf29bed86aa0f5698c18c6fc67bdfb.html,引证码FBMCLI.14.5530152｜有附件｜行政事务性通知(非规范文本)
455,pkulaw,法规,地方工作文件,深圳市人力资源和社会保障局关于发布深圳市第十一届职工技术创新运动会暨2021年深圳技能大赛—无人机驾驶职业技能竞赛工作方...,深圳市人力资源和社会保障局,,2021-08-06,2021-08-06,现行有效,,否,pkulaw\raw_pdf\北大法宝地方法151-200\深圳市人力资源和社会保障局关于发布深圳市第十一届职工技术创新运动会暨2021年深圳技能大赛—无人机驾驶职业技能竞赛工作方...(FBMCLI.14.5934377).pdf,https://www.pkulaw.com/lar/d268b7916a95f08cdeffd7d8c09a86e9bdfb.html,引证码FBMCLI.14.5934377｜有附件｜行政事务性通知(非规范文本)
456,pkulaw,法规,地方工作文件,济南市公安局、济南市工业和信息化局、济南市城乡交通运输局、济南市文化和旅游局、济南市应急管理局、济南市市场监督管理局...,济南市公安局 济南市工业和信息化局 济南市城乡交通运输局 济南市文化和旅游局 济南市应急,济公通〔2021〕54号,2021-06-30,2021-06-30,废止或失效,,否,pkulaw\raw_pdf\北大法宝地方法151-200\济南市公安局、济南市工业和信息化局、济南市城乡交通运输局、济南市文化和旅游局、济南市应急管理局、济南市市场监督管理局...(FBMCLI.14.5540013).pdf,https://www.pkulaw.com/lar/97a53e1995052d02c0cbfe387cd4dde5bdfb.html,引证码FBMCLI.14.5540013｜有附件｜未知位阶/无条文:地方工作文件
457,pkulaw,法规,地方工作文件,河北省人民政府关于在全省范围内禁止升放、使用影响飞行安全的无人机等“低慢小”航空器和其他物体的通告,河北省人民政府,,2021-06-20,2021-06-20,现行有效,,否,pkulaw\raw_pdf\北大法宝地方法151-200\河北省人民政府关于在全省范围内禁止升放、使用影响飞行安全的无人机等“低慢小”航空器和其他物体的通告(FBMCLI.14.4088373).pdf,https://www.pkulaw.com/lar/31985547181ce79d3a8949eddb14f8bebdfb.html,引证码FBMCLI.14.4088373｜未知位阶/无条文:地方工作文件
458,pkulaw,法规,地方工作文件,海东市人民政府关于禁止无人机等“低慢小”航空器飞行的通告,海东市人民政府,东政[2021]16号,2021-06-04,2021-06-04,现行有效,,否,pkulaw\raw_pdf\北大法宝地方法151-200\海东市人民政府关于禁止无人机等“低慢小”航空器飞行的通告(FBMCLI.14.4805749).pdf,https://www.pkulaw.com/lar/278a4ad8b83c62383f983efbd4a72445bdfb.html,引证码FBMCLI.14.4805749｜未知位阶/无条文:地方工作文件
459,pkulaw,法规,地方工作文件,青海省农牧机械推广总站关于开展植保无人机高原性能试验的通知,青海省农牧机械推广总站,,2021-04-15,2021-04-26,现行有效,,否,pkulaw\raw_pdf\北大法宝地方法151-200\青海省农牧机械推广总站关于开展植保无人机高原性能试验的通知(FBMCLI.14.4067198).pdf,https://www.pkulaw.com/lar/d322e12346a6ea3daf15d4b9cdf7ca8dbdfb.html,引证码FBMCLI.14.4067198｜未知位阶/无条文:地方工作文件
460,pkulaw,法规,地方工作文件,青海省人民政府关于加强无人机等“低慢小”航空器安全管理的通告,青海省人民政府,,2021-03-02,2021-03-02,现行有效,,否,pkulaw\raw_pdf\北大法宝地方法151-200\青海省人民政府关于加强无人机等“低慢小”航空器安全管理的通告(FBMCLI.14.1698499).pdf,https://www.pkulaw.com/lar/51a185e915004b33edca6f68c26205b4bdfb.html,引证码FBMCLI.14.1698499｜未知位阶/无条文:地方工作文件
461,pkulaw,法规,地方工作文件,中山市农业科技推广中心关于补充中山市水稻病虫无人机喷药服务组织目录库的通知,中山市农业科技推广中心,,2021-01-19,2021-01-19,现行有效,,否,pkulaw\raw_pdf\北大法宝地方法151-200\中山市农业科技推广中心关于补充中山市水稻病虫无人机喷药服务组织目录库的通知(FBMCLI.14.5888786).pdf,https://www.pkulaw.com/lar/8d77df216b6221d827494fd1979aa9adbdfb.html,引证码FBMCLI.14.5888786｜有附件｜未知位阶/无条文:地方工作文件
462,pkulaw,法规,地方工作文件,南宁市城市管理综合行政执法局无人机技术辅助邕江沿岸公园考评(试点)项目成交结果公告,南宁市城市管理综合行政执法局,,,2021,现行有效,,否,pkulaw\raw_pdf\北大法宝地方法151-200\南宁市城市管理综合行政执法局无人机技术辅助邕江沿岸公园考评(试点)项目成交结果公告(FBMCLI.14.5559928).pdf,https://www.pkulaw.com/lar/e866e12316bb77a120040c7d868d936ebdfb.html,引证码FBMCLI.14.5559928｜未知位阶/无条文:地方工作文件
463,pkulaw,法规,地方工作文件,温州市体育局、温州市教育局、共青团温州市委、温州市妇女联合会、温州市科学技术协会、温州市关心下一代工作委员会关于举办...,温州市体育局 温州市教育局 共青团温州市委 温州市妇女联合会 温州市科学技术协会 温州市,,2020-11-26,2020-11-26,现行有效,,否,pkulaw\raw_pdf\北大法宝地方法151-200\温州市体育局、温州市教育局、共青团温州市委、温州市妇女联合会、温州市科学技术协会、温州市关心下一代工作委员会关于举办...(FBMCLI.14.9198865).pdf,https://www.pkulaw.com/lar/bad035eb29c90a717302b2ac449f8d43bdfb.html,引证码FBMCLI.14.9198865｜有附件｜未知位阶/无条文:地方工作文件
464,pkulaw,法规,地方工作文件,上海市人民政府关于加强第三届中国国际进口博览会期间无人机等“低慢小”航空器安全管理的通告,上海市人民政府,沪府规〔2020〕21号,2020-10-15,2020-11-01,废止或失效,,否,pkulaw\raw_pdf\北大法宝地方法151-200\上海市人民政府关于加强第三届中国国际进口博览会期间无人机等“低慢小”航空器安全管理的通告(FBMCLI.14.1643137).pdf,https://www.pkulaw.com/lar/726b75973ad3a85335870025faf18554bdfb.html,引证码FBMCLI.14.1643137｜未知位阶/无条文:地方工作文件
465,pkulaw,法规,地方工作文件,辽宁省人力资源和社会保障厅关于举办无人机研发关键技术研究高级研修班的通知,辽宁省人力资源和社会保障厅,,2020-10-10,2020-10-10,现行有效,,否,pkulaw\raw_pdf\北大法宝地方法151-200\辽宁省人力资源和社会保障厅关于举办无人机研发关键技术研究高级研修班的通知(FBMCLI.14.5217361).pdf,https://www.pkulaw.com/lar/02dd8f66bc3e95d665f331cb221d680fbdfb.html,引证码FBMCLI.14.5217361｜有附件｜未知位阶/无条文:地方工作文件
466,pkulaw,法规,地方工作文件,河北省文物局关于2021年度河北省部分重要田野文物无人机安全巡查工作方案的批复,河北省文物局,冀文物发[2020]303号,2020-08-24,2020-08-24,现行有效,,否,pkulaw\raw_pdf\北大法宝地方法151-200\河北省文物局关于2021年度河北省部分重要田野文物无人机安全巡查工作方案的批复(FBMCLI.14.4111703).pdf,https://www.pkulaw.com/lar/0b48a731c87a71b123c6efc82bfbe5cabdfb.html,引证码FBMCLI.14.4111703｜行政事务性通知(非规范文本)
467,pkulaw,法规,地方工作文件,承德市人民政府关于加强无人机等“低慢小”飞行器安全管控的通告,承德市人民政府,承市政字〔2020〕48号,2020-08-18,2020-08-18,现行有效,,否,pkulaw\raw_pdf\北大法宝地方法151-200\承德市人民政府关于加强无人机等“低慢小”飞行器安全管控的通告(FBMCLI.14.1681322).pdf,https://www.pkulaw.com/lar/707e56caf416ccf66cc3e8856ca0a45dbdfb.html,引证码FBMCLI.14.1681322｜未知位阶/无条文:地方工作文件
468,pkulaw,法规,地方工作文件,江西省公路管理局关于表扬第二届“恒达时讯杯”无人机航拍比赛获奖单位的通知,江西省公路管理局,,2020-07-27,2020-07-27,现行有效,,否,pkulaw\raw_pdf\北大法宝地方法151-200\江西省公路管理局关于表扬第二届“恒达时讯杯”无人机航拍比赛获奖单位的通知(FBMCLI.14.4103409).pdf,https://www.pkulaw.com/lar/0cfd12937f139544eba4a0e6793b4b3fbdfb.html,引证码FBMCLI.14.4103409｜未知位阶/无条文:地方工作文件
469,pkulaw,法规,地方工作文件,广西壮族自治区航空运动管理中心、广西航空运动协会关于举办2020年广西竞速无人机公开赛的通知,广西壮族自治区航空运动管理中心 广西航空运动协会,,2020-07-07,2020-07-07,现行有效,,否,pkulaw\raw_pdf\北大法宝地方法151-200\广西壮族自治区航空运动管理中心、广西航空运动协会关于举办2020年广西竞速无人机公开赛的通知(FBMCLI.14.3780950).pdf,https://www.pkulaw.com/lar/7c4aa8d3393129937264055eac86f5c7bdfb.html,引证码FBMCLI.14.3780950｜有附件｜行政事务性通知(非规范文本)
470,pkulaw,法规,地方工作文件,辽宁省政协十二届三次会议《关于加快无人机驾驶员新职业认证，推进无人机行业快速有序发展的提案》(第0091号建议)提案的答复,辽宁省人力资源和社会保障厅,,2020-06-12,2020-06-12,现行有效,,否,pkulaw\raw_pdf\北大法宝地方法151-200\辽宁省政协十二届三次会议《关于加快无人机驾驶员新职业认证，推进无人机行业快速有序发展的提案》(第0091号建议)提案的答复(FBMCLI.14.5224846).pdf,https://www.pkulaw.com/lar/b7fcb18317bb9c442b7fd5d2b8666309bdfb.html,引证码FBMCLI.14.5224846｜未知位阶/无条文:地方工作文件
471,pkulaw,法规,地方工作文件,成都市经济和信息化局关于协助开展民用无人机相关信息摸底调查工作的通知,成都市经济和信息化局,,2020-06-09,2020-06-09,现行有效,,否,pkulaw\raw_pdf\北大法宝地方法151-200\成都市经济和信息化局关于协助开展民用无人机相关信息摸底调查工作的通知(FBMCLI.14.1601550).pdf,https://www.pkulaw.com/lar/8dd9690fc715eff4989d9a1e15f4f6f6bdfb.html,引证码FBMCLI.14.1601550｜有附件｜未知位阶/无条文:地方工作文件
472,pkulaw,法规,地方工作文件,缙云县人民政府关于“亚运加速度骑迹满浙江(缙云站)”活动期间对部分道路、遥控飞行器(无人机)进行管制的通告(已失效),缙云县人民政府,缙政发〔2020〕38号,2020-05-08,2020-05-08,现行有效,,否,pkulaw\raw_pdf\北大法宝地方法151-200\缙云县人民政府关于“亚运加速度骑迹满浙江(缙云站)”活动期间对部分道路、遥控飞行器(无人机)进行管制的通告(已失效)(FBMCLI.14.8324028).pdf,https://www.pkulaw.com/lar/6798395c9ff958d7cc2227b8035f9f42bdfb.html,引证码FBMCLI.14.8324028｜有附件｜未知位阶/无条文:地方工作文件
473,pkulaw,法规,地方工作文件,深圳市人力资源和社会保障局关于发布深圳市第十六届职工技术创新运动会暨2026年深圳技能大赛—无人机装调检修工“工匠之星”...,深圳市人力资源和社会保障局,,2026-07-10,2026-07-10,现行有效,,否,pkulaw\raw_pdf\北大法宝地方法规1-50\深圳市人力资源和社会保障局关于发布深圳市第十六届职工技术创新运动会暨2026年深圳技能大赛—无人机装调检修工“工匠之星”...(FBMCLI.14.10108653).pdf,https://www.pkulaw.com/lar/8e0047d464b9665255764b22235eca0fbdfb.html,引证码FBMCLI.14.10108653｜有附件｜未知位阶/无条文:地方工作文件
474,pkulaw,法规,地方工作文件,天津市公安局交通管理局河北交管支队关于新增无人机交通技术监控设备的公告,天津市河北区其他机构,,2026-06-11,2026-06-11,现行有效,,否,pkulaw\raw_pdf\北大法宝地方法规1-50\天津市公安局交通管理局河北交管支队关于新增无人机交通技术监控设备的公告(FBMCLI.14.10028734).pdf,https://www.pkulaw.com/lar/a3c4ff4888d97ccc5eb15058f4c6621dbdfb.html,引证码FBMCLI.14.10028734｜未知位阶/无条文:地方工作文件
475,pkulaw,法规,地方工作文件,河西交管支队关于新增电子警察采集设备以及无人机交通技术监控设备的公告,天津市河西区其他机构,,2026-06-09,2026-06-09,现行有效,,否,pkulaw\raw_pdf\北大法宝地方法规1-50\河西交管支队关于新增电子警察采集设备以及无人机交通技术监控设备的公告(FBMCLI.14.10000814).pdf,https://www.pkulaw.com/lar/e24c87fc6a64dc1386a28f8cb0a4519bbdfb.html,引证码FBMCLI.14.10000814｜未知位阶/无条文:地方工作文件
476,pkulaw,法规,地方工作文件,大连市人民政府关于“2026大连夏季达沃斯论坛”期间对无人机等“低慢小”航空器及空飘物实施临时管控的通告,大连市人民政府,大政发〔2026〕5号,2026-06-06,2026-06-06,现行有效,,否,pkulaw\raw_pdf\北大法宝地方法规1-50\大连市人民政府关于“2026大连夏季达沃斯论坛”期间对无人机等“低慢小”航空器及空飘物实施临时管控的通告(FBMCLI.14.9993870).pdf,https://www.pkulaw.com/lar/06e7bf5a119763c1156faed1d882b827bdfb.html,引证码FBMCLI.14.9993870｜未知位阶/无条文:地方工作文件
477,pkulaw,法规,地方工作文件,阳江市人民政府关于2026年高考期间无人机等“低慢小”航空器安全管理的公告,阳江市人民政府,阳府告〔2026〕1号,2026-06-05,2026-06-05,现行有效,,否,pkulaw\raw_pdf\北大法宝地方法规1-50\阳江市人民政府关于2026年高考期间无人机等“低慢小”航空器安全管理的公告(FBMCLI.14.9990270).pdf,https://www.pkulaw.com/lar/9df9bb8feb1a426d556953be531841b6bdfb.html,引证码FBMCLI.14.9990270｜有附件｜未知位阶/无条文:地方工作文件
478,pkulaw,法规,地方工作文件,拉萨市人民政府关于高考期间拉萨市主城区范围内无人机及其他“低慢小”航空器临时禁飞的通告,拉萨市人民政府,,2026-06-05,2026-06-05,现行有效,,否,pkulaw\raw_pdf\北大法宝地方法规1-50\拉萨市人民政府关于高考期间拉萨市主城区范围内无人机及其他“低慢小”航空器临时禁飞的通告(FBMCLI.14.9992302).pdf,https://www.pkulaw.com/lar/d9bed416a30475c2aa236d69b1199fa0bdfb.html,引证码FBMCLI.14.9992302｜有附件｜未知位阶/无条文:地方工作文件
479,pkulaw,法规,地方工作文件,贵港市人民政府关于在高考期间管控无人机等“低慢小”飞行物的通告,贵港市人民政府,贵政通〔2026〕11号,2026-06-04,2026-06-04,现行有效,,否,pkulaw\raw_pdf\北大法宝地方法规1-50\贵港市人民政府关于在高考期间管控无人机等“低慢小”飞行物的通告(FBMCLI.14.9990346).pdf,https://www.pkulaw.com/lar/d63046c52ab0ca312a2a188a7b45c391bdfb.html,引证码FBMCLI.14.9990346｜有附件｜未知位阶/无条文:地方工作文件
480,pkulaw,法规,地方工作文件,百色市人民政府关于2026年高考期间无人机等“低慢小”航空器临时禁飞的通告,百色市人民政府,百政发〔2026〕9号,2026-06-04,2026-06-04,现行有效,,否,pkulaw\raw_pdf\北大法宝地方法规1-50\百色市人民政府关于2026年高考期间无人机等“低慢小”航空器临时禁飞的通告(FBMCLI.14.9990159).pdf,https://www.pkulaw.com/lar/5a77cffe992fc2e6ced6b71dc3a8ce45bdfb.html,引证码FBMCLI.14.9990159｜未知位阶/无条文:地方工作文件
481,pkulaw,法规,地方工作文件,南澳县公安局关于2026年全国普通高考期间对无人机等“低慢小”航空器实施临时管控的通告,南澳县公安局,,2026-06-03,2026-06-03,现行有效,,否,pkulaw\raw_pdf\北大法宝地方法规1-50\南澳县公安局关于2026年全国普通高考期间对无人机等“低慢小”航空器实施临时管控的通告(FBMCLI.14.9990059).pdf,https://www.pkulaw.com/lar/760835079b2b7e001ba02646876d32ccbdfb.html,引证码FBMCLI.14.9990059｜未知位阶/无条文:地方工作文件
482,pkulaw,法规,地方工作文件,深圳市工业和信息化局、深圳市应急管理局、深圳市消防救援局关于发布深圳市超高层建筑消防无人机应用“揭榜挂帅”需求榜单的通知,深圳市工业和信息化局 深圳市应急管理局 深圳市消防救援局,深工信〔2026〕72号,2026-05-28,2026-05-28,现行有效,,否,pkulaw\raw_pdf\北大法宝地方法规1-50\深圳市工业和信息化局、深圳市应急管理局、深圳市消防救援局关于发布深圳市超高层建筑消防无人机应用“揭榜挂帅”需求榜单的通知(FBMCLI.14.9980919).pdf,https://www.pkulaw.com/lar/43415eb7ea1a0aea8ad5cb2d50fa4460bdfb.html,引证码FBMCLI.14.9980919｜有附件｜未知位阶/无条文:地方工作文件
483,pkulaw,法规,地方工作文件,福州市公安局交通管理局关于海交会无人机焰火秀活动期间城区部分道路实行临时交通管制的通告,福州市公安局交通管理局,榕公交综〔2026〕27号,2026-05-18,2026-05-18,现行有效,,否,pkulaw\raw_pdf\北大法宝地方法规1-50\福州市公安局交通管理局关于海交会无人机焰火秀活动期间城区部分道路实行临时交通管制的通告(FBMCLI.14.9964527).pdf,https://www.pkulaw.com/lar/958c2bd376b5b0e9cfc9b6f5c262b459bdfb.html,引证码FBMCLI.14.9964527｜未知位阶/无条文:地方工作文件
484,pkulaw,法规,地方工作文件,天津市公安局交通管理局河东交管支队关于新增无人机交通技术监控设备的公告,天津市河东区其他机构,,2026-05-18,2026-05-18,现行有效,,否,pkulaw\raw_pdf\北大法宝地方法规1-50\天津市公安局交通管理局河东交管支队关于新增无人机交通技术监控设备的公告(FBMCLI.14.9962148).pdf,https://www.pkulaw.com/lar/2e50d4f33d2de27bc3ee4c39d38ddf59bdfb.html,引证码FBMCLI.14.9962148｜未知位阶/无条文:地方工作文件
485,pkulaw,法规,地方工作文件,天津市公安局交通管理局河西交管支队关于新增无人机交通技术监控设备的公告,天津市河西区其他机构,,2026-05-13,2026-05-13,现行有效,,否,pkulaw\raw_pdf\北大法宝地方法规1-50\天津市公安局交通管理局河西交管支队关于新增无人机交通技术监控设备的公告(FBMCLI.14.9957601).pdf,https://www.pkulaw.com/lar/061f921b69764726018e5ebba392a624bdfb.html,引证码FBMCLI.14.9957601｜未知位阶/无条文:地方工作文件
486,pkulaw,法规,地方工作文件,四川省科学技术厅关于征集低空世界模型研发、无人机与机器犬协同灭火科技攻关“揭榜挂帅”综合解决方案的通知,四川省科学技术厅,,2026-05-09,2026-05-09,现行有效,,否,pkulaw\raw_pdf\北大法宝地方法规1-50\四川省科学技术厅关于征集低空世界模型研发、无人机与机器犬协同灭火科技攻关“揭榜挂帅”综合解决方案的通知(FBMCLI.14.9953896).pdf,https://www.pkulaw.com/lar/a1bbe3fe001904430e1093de4dffc6cdbdfb.html,引证码FBMCLI.14.9953896｜有附件｜行政事务性通知(非规范文本)
487,pkulaw,法规,地方工作文件,贵港市人民政府关于在“同心同向逐梦荷城”无人机展演活动期间管控无人机等“低慢小”飞行物的通告,贵港市人民政府,贵政通〔2026〕8号,2026-04-23,2026-04-23,现行有效,,否,pkulaw\raw_pdf\北大法宝地方法规1-50\贵港市人民政府关于在“同心同向逐梦荷城”无人机展演活动期间管控无人机等“低慢小”飞行物的通告(FBMCLI.14.9914051).pdf,https://www.pkulaw.com/lar/33a03ee1337889d9b20513c63d7d0c85bdfb.html,引证码FBMCLI.14.9914051｜未知位阶/无条文:地方工作文件
488,pkulaw,法规,地方工作文件,蚌埠市人民政府关于2026蚌埠马拉松赛事期间加强无人机等“低慢小”航空器安全管理的通告,蚌埠市人民政府,蚌政通〔2026〕1号,2026-04-23,2026-04-23,现行有效,,否,pkulaw\raw_pdf\北大法宝地方法规1-50\蚌埠市人民政府关于2026蚌埠马拉松赛事期间加强无人机等“低慢小”航空器安全管理的通告(FBMCLI.14.9915083).pdf,https://www.pkulaw.com/lar/4bc021fa23dee6c140d928a4a5b4f3c7bdfb.html,引证码FBMCLI.14.9915083｜有附件｜未知位阶/无条文:地方工作文件
489,pkulaw,法规,地方工作文件,贵港市人民政府关于在“贵港造浪·星潮奔放”演唱会期间管控无人机等“低慢小”飞行物的通告,贵港市人民政府,贵政通〔2026〕6号,2026-04-09,2026-04-09,现行有效,,否,pkulaw\raw_pdf\北大法宝地方法规1-50\贵港市人民政府关于在“贵港造浪·星潮奔放”演唱会期间管控无人机等“低慢小”飞行物的通告(FBMCLI.14.9874495).pdf,https://www.pkulaw.com/lar/8269f261d28f54e99b1a68aeff9565fcbdfb.html,引证码FBMCLI.14.9874495｜未知位阶/无条文:地方工作文件
490,pkulaw,法规,地方工作文件,嘉兴市人民政府关于同意《南湖区无人机飞行测试中心项目规划落实方案》的批复,嘉兴市人民政府,嘉政发函〔2026〕13号,2026-03-27,2026-03-27,现行有效,,否,pkulaw\raw_pdf\北大法宝地方法规1-50\嘉兴市人民政府关于同意《南湖区无人机飞行测试中心项目规划落实方案》的批复(FBMCLI.14.9809419).pdf,https://www.pkulaw.com/lar/30b9a40e50de75d79d8dbf65194c2d5fbdfb.html,引证码FBMCLI.14.9809419｜行政事务性通知(非规范文本)
491,pkulaw,法规,地方工作文件,贵港市人民政府关于在2026年贵港市半程马拉松赛期间对无人机等“低慢小”航空器实施临时禁飞的通告,贵港市人民政府,贵政通〔2026〕4号,2026-03-13,2026-03-13,现行有效,,否,pkulaw\raw_pdf\北大法宝地方法规1-50\贵港市人民政府关于在2026年贵港市半程马拉松赛期间对无人机等“低慢小”航空器实施临时禁飞的通告(FBMCLI.14.9694821).pdf,https://www.pkulaw.com/lar/aa8d0be9180843e1b14a367088b2eefdbdfb.html,引证码FBMCLI.14.9694821｜未知位阶/无条文:地方工作文件
492,pkulaw,法规,地方工作文件,天津市公安局交通管理局河东交管支队关于新增无人机交通技术监控设备的公告,天津市公安交通管理局河东交警支队,,2026-03-05,2026-03-05,现行有效,,否,pkulaw\raw_pdf\北大法宝地方法规1-50\天津市公安局交通管理局河东交管支队关于新增无人机交通技术监控设备的公告(FBMCLI.14.9686128).pdf,https://www.pkulaw.com/lar/d840777089ba97c6f91f7baf14aaaeb4bdfb.html,引证码FBMCLI.14.9686128｜未知位阶/无条文:地方工作文件
493,pkulaw,法规,地方工作文件,福州市公安局关于闽江举办烟花无人机活动期间城区部分道路实行临时交通管制的通告,福州市公安局,榕公综〔2026〕34号,2026-02-12,2026-02-12,现行有效,,否,pkulaw\raw_pdf\北大法宝地方法规1-50\福州市公安局关于闽江举办烟花无人机活动期间城区部分道路实行临时交通管制的通告(FBMCLI.14.9672310).pdf,https://www.pkulaw.com/lar/0788bdeb73feb005f1fde3783da19858bdfb.html,引证码FBMCLI.14.9672310｜未知位阶/无条文:地方工作文件
494,pkulaw,法规,地方工作文件,揭阳市人民政府关于在揭阳古城区域依法实施无人机“低慢小”航空器临时管控的公告,揭阳市人民政府,揭府公〔2026〕1号,2026-02-12,2026-02-12,现行有效,,否,pkulaw\raw_pdf\北大法宝地方法规1-50\揭阳市人民政府关于在揭阳古城区域依法实施无人机“低慢小”航空器临时管控的公告(FBMCLI.14.9670510).pdf,https://www.pkulaw.com/lar/e457edddafefd408de0f0e88047e7c59bdfb.html,引证码FBMCLI.14.9670510｜未知位阶/无条文:地方工作文件
495,pkulaw,法规,地方工作文件,湖北省林业局关于发布森林防灭火专用大型无人机“揭榜挂帅”科技攻关项目的公告,湖北省林业局,,2026-01-28,2026-01-28,现行有效,,否,pkulaw\raw_pdf\北大法宝地方法规1-50\湖北省林业局关于发布森林防灭火专用大型无人机“揭榜挂帅”科技攻关项目的公告(FBMCLI.14.9652522).pdf,https://www.pkulaw.com/lar/73347fbe0dc2ec2512edee4d4e97db82bdfb.html,引证码FBMCLI.14.9652522｜有附件｜未知位阶/无条文:地方工作文件
496,pkulaw,法规,地方工作文件,贵港市人民政府关于在“2026声幻奇境·音悦星球”演唱会期间管控无人机等“低慢小”飞行物的通告,贵港市人民政府,贵政通〔2026〕3号,2026-01-23,2026-01-23,现行有效,,否,pkulaw\raw_pdf\北大法宝地方法规1-50\贵港市人民政府关于在“2026声幻奇境·音悦星球”演唱会期间管控无人机等“低慢小”飞行物的通告(FBMCLI.14.9645201).pdf,https://www.pkulaw.com/lar/c80efd369c7aad35c20bd442a13c652abdfb.html,引证码FBMCLI.14.9645201｜未知位阶/无条文:地方工作文件
497,pkulaw,法规,地方工作文件,福州市公安局交通管理局关于新增无人机交通违法抓拍的公告,福州市公安局交通管理局,,2026-01-23,2026-01-23,现行有效,,否,pkulaw\raw_pdf\北大法宝地方法规1-50\福州市公安局交通管理局关于新增无人机交通违法抓拍的公告(FBMCLI.14.9647073).pdf,https://www.pkulaw.com/lar/e153be030e76c504b0ec5a7b2dfc6f0cbdfb.html,引证码FBMCLI.14.9647073｜未知位阶/无条文:地方工作文件
498,pkulaw,法规,地方工作文件,深圳市科技创新局、深圳市消防救援支队关于征集支撑超高层建筑火灾无人机救援技术和产品工作的通知,深圳市科技创新局 深圳市消防救援支队,,2025-12-30,2025-12-30,现行有效,,否,pkulaw\raw_pdf\北大法宝地方法规1-50\深圳市科技创新局、深圳市消防救援支队关于征集支撑超高层建筑火灾无人机救援技术和产品工作的通知(FBMCLI.14.9596830).pdf,https://www.pkulaw.com/lar/8beada19a0f686d5012b589d5396eef5bdfb.html,引证码FBMCLI.14.9596830｜有附件｜行政事务性通知(非规范文本)
499,pkulaw,法规,地方工作文件,南昌市人民政府关于2026年元旦系列活动期间禁止无人机等航空器在相关区域飞行的公告,南昌市人民政府,,2025-12-25,2025-12-25,现行有效,,否,pkulaw\raw_pdf\北大法宝地方法规1-50\南昌市人民政府关于2026年元旦系列活动期间禁止无人机等航空器在相关区域飞行的公告(FBMCLI.14.9585606).pdf,https://www.pkulaw.com/lar/2c3c86befec155280409e3744c62087abdfb.html,引证码FBMCLI.14.9585606｜未知位阶/无条文:地方工作文件
500,pkulaw,法规,地方工作文件,天津市公安局交通管理局河北交通管理支队关于新增无人机交通技术监控设备的公告,天津市公安交通管理局河北交警支队,,2025-12-25,2025-12-25,现行有效,,否,pkulaw\raw_pdf\北大法宝地方法规1-50\天津市公安局交通管理局河北交通管理支队关于新增无人机交通技术监控设备的公告(FBMCLI.14.9585852).pdf,https://www.pkulaw.com/lar/8aa7301ca9cbb6f67337760f7636ac98bdfb.html,引证码FBMCLI.14.9585852｜未知位阶/无条文:地方工作文件
501,pkulaw,法规,地方工作文件,彭州市公安局交通管理大队关于启用无人机设备抓拍交通违法的通告,彭州市其他机构,,2025-11-12,2025-11-12,现行有效,,否,pkulaw\raw_pdf\北大法宝地方法规1-50\彭州市公安局交通管理大队关于启用无人机设备抓拍交通违法的通告(FBMCLI.14.9480125).pdf,https://www.pkulaw.com/lar/71c424a5de3360a9e0b26189bd2a9506bdfb.html,引证码FBMCLI.14.9480125｜未知位阶/无条文:地方工作文件
502,pkulaw,法规,地方工作文件,滁州市人民政府关于加强2025滁州马拉松比赛期间无人机等“低慢小”航空器安全管理的通告,滁州市人民政府,,2025-11-10,2025-11-16,现行有效,,否,pkulaw\raw_pdf\北大法宝地方法规1-50\滁州市人民政府关于加强2025滁州马拉松比赛期间无人机等“低慢小”航空器安全管理的通告(FBMCLI.14.9428894).pdf,https://www.pkulaw.com/lar/6eef5da317af0a01b00d7b45cf21d873bdfb.html,引证码FBMCLI.14.9428894｜未知位阶/无条文:地方工作文件
503,pkulaw,法规,地方工作文件,上海市公安局杨浦分局情报指挥中心关于印发《杨浦分局无人机安全监管工作专班运作机制》的通知,上海市公安局杨浦分局,沪公杨情指通字〔2025〕46号,2025-11-07,2025-11-07,现行有效,,否,pkulaw\raw_pdf\北大法宝地方法规1-50\上海市公安局杨浦分局情报指挥中心关于印发《杨浦分局无人机安全监管工作专班运作机制》的通知(FBMCLI.14.9465624).pdf,https://www.pkulaw.com/lar/9f59ffbf7ad208948dbb96771ca70deebdfb.html,引证码FBMCLI.14.9465624｜有附件｜未知位阶/无条文:地方工作文件
504,pkulaw,法规,地方工作文件,黑龙江省社会体育指导与棋牌运动管理中心关于举办“奔跑吧少年”2025年黑龙江省航空航天模型(无人机)锦标赛的通知,黑龙江省社会体育指导与棋牌运动管理中心,,2025-11-04,2025-11-04,现行有效,,否,pkulaw\raw_pdf\北大法宝地方法规1-50\黑龙江省社会体育指导与棋牌运动管理中心关于举办“奔跑吧少年”2025年黑龙江省航空航天模型(无人机)锦标赛的通知(FBMCLI.14.9336384).pdf,https://www.pkulaw.com/lar/ca39f6c4fe64cccf80f93da208314056bdfb.html,引证码FBMCLI.14.9336384｜有附件｜未知位阶/无条文:地方工作文件
505,pkulaw,法规,地方工作文件,蚌埠市人民政府关于2025蚌埠马拉松活动期间加强无人机等“低慢小”航空器安全管理的通告,蚌埠市人民政府,蚌政通〔2025〕3号,2025-10-30,2025-10-30,现行有效,,否,pkulaw\raw_pdf\北大法宝地方法规1-50\蚌埠市人民政府关于2025蚌埠马拉松活动期间加强无人机等“低慢小”航空器安全管理的通告(FBMCLI.14.9319898).pdf,https://www.pkulaw.com/lar/4e22e48aedddfc9d8cbbea124f032f56bdfb.html,引证码FBMCLI.14.9319898｜有附件｜未知位阶/无条文:地方工作文件
506,pkulaw,法规,地方工作文件,上海市人民政府关于加强第八届中国国际进口博览会期间无人机等“低慢小”航空器安全管理的通告,上海市人民政府,沪府规〔2025〕5号,2025-10-16,2025-10-16,现行有效,,否,pkulaw\raw_pdf\北大法宝地方法规1-50\上海市人民政府关于加强第八届中国国际进口博览会期间无人机等“低慢小”航空器安全管理的通告(FBMCLI.14.9288953).pdf,https://www.pkulaw.com/lar/5ad6dee738b9a1ef7269c914e1441658bdfb.html,引证码FBMCLI.14.9288953｜未知位阶/无条文:地方工作文件
507,pkulaw,法规,地方工作文件,深圳市人力资源和社会保障局关于组织开展2025年广东省无人机应用技术职业技能大赛深圳选拔工作的通知,深圳市人力资源和社会保障局,,2025-10-13,2025-10-13,现行有效,,否,pkulaw\raw_pdf\北大法宝地方法规1-50\深圳市人力资源和社会保障局关于组织开展2025年广东省无人机应用技术职业技能大赛深圳选拔工作的通知(FBMCLI.14.9278601).pdf,https://www.pkulaw.com/lar/574ef8782df6b86447d75a94fd4537fabdfb.html,引证码FBMCLI.14.9278601｜有附件｜行政事务性通知(非规范文本)
508,pkulaw,法规,地方工作文件,中山市人民政府关于中山市2025年烈士纪念日公祭活动期间加强无人机等“低慢小”航空器安全管理的公告,中山市人民政府,,2025-09-29,2025-09-29,现行有效,,否,pkulaw\raw_pdf\北大法宝地方法规1-50\中山市人民政府关于中山市2025年烈士纪念日公祭活动期间加强无人机等“低慢小”航空器安全管理的公告(FBMCLI.14.9238536).pdf,https://www.pkulaw.com/lar/f85f75c24835f337a849a61fbc968a97bdfb.html,引证码FBMCLI.14.9238536｜未知位阶/无条文:地方工作文件
509,pkulaw,法规,地方工作文件,淮南市人民政府关于淮南市第十届运动会开幕式活动期间对无人机等“低慢小”航空器禁飞的通告,淮南市人民政府,淮府秘〔2025〕95号,2025-09-25,2025-09-25,现行有效,,否,pkulaw\raw_pdf\北大法宝地方法规1-50\淮南市人民政府关于淮南市第十届运动会开幕式活动期间对无人机等“低慢小”航空器禁飞的通告(FBMCLI.14.9274999).pdf,https://www.pkulaw.com/lar/cb27b36f98b9935c8a666e93d602fe0fbdfb.html,引证码FBMCLI.14.9274999｜未知位阶/无条文:地方工作文件
510,pkulaw,法规,地方工作文件,黔西南州人民政府关于花江峡谷大桥桥旅融合启动仪式期间对无人机等航空器飞行实施临时管控的通告,黔西南布依族苗族自治州人民政府,,2025-09-25,2025-09-25,现行有效,,否,pkulaw\raw_pdf\北大法宝地方法规1-50\黔西南州人民政府关于花江峡谷大桥桥旅融合启动仪式期间对无人机等航空器飞行实施临时管控的通告(FBMCLI.14.9239260).pdf,https://www.pkulaw.com/lar/6b03ae5e9dfcc61cee4a0988a6691686bdfb.html,引证码FBMCLI.14.9239260｜未知位阶/无条文:地方工作文件
511,pkulaw,法规,地方工作文件,资阳市民政局关于同意资阳市无人机协会成立登记的批复,资阳市人民政府,资民审〔2025〕22号,2025-09-18,2025-09-18,现行有效,,否,pkulaw\raw_pdf\北大法宝地方法规1-50\资阳市民政局关于同意资阳市无人机协会成立登记的批复(FBMCLI.14.9189404).pdf,https://www.pkulaw.com/lar/97a8a6e4bc8d7a30cefac2c9d10cb680bdfb.html,引证码FBMCLI.14.9189404｜行政事务性通知(非规范文本)
512,pkulaw,法规,地方工作文件,成都市经济和信息化局关于开展2025年成都市促进工业无人机产业高质量发展的专项政策项目申报工作的通知,成都市经济和信息化局,,2025-09-09,2025-09-09,现行有效,,否,pkulaw\raw_pdf\北大法宝地方法规1-50\成都市经济和信息化局关于开展2025年成都市促进工业无人机产业高质量发展的专项政策项目申报工作的通知(FBMCLI.14.9171797).pdf,https://www.pkulaw.com/lar/e9ed0ed72cb39cedc41cb7bcec9ce98ebdfb.html,引证码FBMCLI.14.9171797｜有附件｜未知位阶/无条文:地方工作文件
513,pkulaw,法规,地方工作文件,上海市体育局关于同意举办2025年无人机竞速世界杯(上海站)的批复,上海市体育局,沪体群〔2025〕105号,2025-09-05,2025-09-05,现行有效,,否,pkulaw\raw_pdf\北大法宝地方法规1-50\上海市体育局关于同意举办2025年无人机竞速世界杯(上海站)的批复(FBMCLI.14.9187036).pdf,https://www.pkulaw.com/lar/0b4003a46fe26b9dbf989e766cd0e2f9bdfb.html,引证码FBMCLI.14.9187036｜行政事务性通知(非规范文本)
514,pkulaw,法规,地方工作文件,亳州市人民政府关于2025药博会期间部分活动区域无人机等“低慢小”航空器临时禁飞的通告,亳州市人民政府,亳政〔2025〕47号,2025-09-05,2025-09-09,现行有效,,否,pkulaw\raw_pdf\北大法宝地方法规1-50\亳州市人民政府关于2025药博会期间部分活动区域无人机等“低慢小”航空器临时禁飞的通告(FBMCLI.14.9185288).pdf,https://www.pkulaw.com/lar/99b49bbf28b0f14715d2298615d211d0bdfb.html,引证码FBMCLI.14.9185288｜未知位阶/无条文:地方工作文件
515,pkulaw,法规,地方工作文件,珠海市总工会、珠海市人力资源和社会保障局、珠海市斗门区人民政府关于举办2025年广东省无人机应用技术职业技能大赛珠海市选...,珠海市总工会 珠海市人力资源和社会保障局 珠海市斗门区人民政府,珠总工〔2025〕76号,2025-09-04,2025-09-04,现行有效,,否,pkulaw\raw_pdf\北大法宝地方法规1-50\珠海市总工会、珠海市人力资源和社会保障局、珠海市斗门区人民政府关于举办2025年广东省无人机应用技术职业技能大赛珠海市选...(FBMCLI.14.9167610).pdf,https://www.pkulaw.com/lar/643cee069eea3a72be89bee7f20ebf25bdfb.html,引证码FBMCLI.14.9167610｜有附件｜未知位阶/无条文:地方工作文件
516,pkulaw,法规,地方工作文件,黔西南州人民政府关于安龙县2025“加油之旅·荷您同行”文旅活动期间无人机等航空器飞行实施临时管控的通告,黔西南布依族苗族自治州人民政府,,2025-07-24,2025-07-24,现行有效,,否,pkulaw\raw_pdf\北大法宝地方法规1-50\黔西南州人民政府关于安龙县2025“加油之旅·荷您同行”文旅活动期间无人机等航空器飞行实施临时管控的通告(FBMCLI.14.9428655).pdf,https://www.pkulaw.com/lar/54f20d7251df18debfa260ff1e749c5fbdfb.html,引证码FBMCLI.14.9428655｜未知位阶/无条文:地方工作文件
517,pkulaw,法规,地方工作文件,深圳市规划和自然资源局大鹏管理局关于公布无人机测试基地项目《临时建设工程规划许可证》及总平面图的通告,深圳市规划和自然资源局大鹏管理局,,2025-07-23,2025-07-23,现行有效,,否,pkulaw\raw_pdf\北大法宝地方法规1-50\深圳市规划和自然资源局大鹏管理局关于公布无人机测试基地项目《临时建设工程规划许可证》及总平面图的通告(FBMCLI.14.8970325).pdf,https://www.pkulaw.com/lar/5f23675398ef58a18714c8cbf280d7cfbdfb.html,引证码FBMCLI.14.8970325｜有附件｜未知位阶/无条文:地方工作文件
518,pkulaw,法规,地方工作文件,淮南市人民政府关于2025年高考中考期间无人机等“低慢小”航空器临时禁飞的通告,淮南市人民政府,淮府秘〔2025〕50号,2025-06-05,2025-06-05,现行有效,,否,pkulaw\raw_pdf\北大法宝地方法规1-50\淮南市人民政府关于2025年高考中考期间无人机等“低慢小”航空器临时禁飞的通告(FBMCLI.14.8805106).pdf,https://www.pkulaw.com/lar/3ce4f895cef89279b7b43d0ba39b3a5ebdfb.html,引证码FBMCLI.14.8805106｜未知位阶/无条文:地方工作文件
519,pkulaw,法规,地方工作文件,黄山市人民政府关于对无人机等“低慢小”航空器实施临时管制的通告(2025),黄山市人民政府,黄政〔2025〕16号,2025-06-03,2025-06-03,现行有效,,否,pkulaw\raw_pdf\北大法宝地方法规1-50\黄山市人民政府关于对无人机等“低慢小”航空器实施临时管制的通告(2025)(FBMCLI.14.9283963).pdf,https://www.pkulaw.com/lar/32944b7cf1cee488cd1f3b65fc7ab631bdfb.html,引证码FBMCLI.14.9283963｜有附件｜未知位阶/无条文:地方工作文件
520,pkulaw,法规,地方工作文件,温州市农业农村局、温州科技职业学院关于举办2025年温州市农用植保无人机操作员高素质农民培训班的通知,温州市农业农村局,,2025-05-27,2025-05-27,现行有效,,否,pkulaw\raw_pdf\北大法宝地方法规1-50\温州市农业农村局、温州科技职业学院关于举办2025年温州市农用植保无人机操作员高素质农民培训班的通知(FBMCLI.14.9193684).pdf,https://www.pkulaw.com/lar/bc75249000d7b31920c8426edf745da4bdfb.html,引证码FBMCLI.14.9193684｜有附件｜行政事务性通知(非规范文本)
521,pkulaw,法规,地方工作文件,十堰市公安局关于加强无人机等“低慢小”航空器管理的通告,十堰市公安局,,2025-05-16,2025-05-16,现行有效,,否,pkulaw\raw_pdf\北大法宝地方法规1-50\十堰市公安局关于加强无人机等“低慢小”航空器管理的通告(FBMCLI.14.8743235).pdf,https://www.pkulaw.com/lar/294f9315d536d7ddee6e199384468f28bdfb.html,引证码FBMCLI.14.8743235｜未知位阶/无条文:地方工作文件
522,pkulaw,法规,地方工作文件,贵州省自然资源厅关于举办2025年贵州省测绘行业无人机测绘职业技能竞赛的通知,贵州省自然资源厅,,2025-05-15,2025-05-15,现行有效,,否,pkulaw\raw_pdf\北大法宝地方法规1-50\贵州省自然资源厅关于举办2025年贵州省测绘行业无人机测绘职业技能竞赛的通知(FBMCLI.14.8739269).pdf,https://www.pkulaw.com/lar/714914d209d949cc9aa2a7375c0a1a96bdfb.html,引证码FBMCLI.14.8739269｜有附件｜行政事务性通知(非规范文本)
523,pkulaw,法规,地方工作文件,福州市公安局关于福州市公安局无人机自动化机场租赁服务项目网上询价的公告,福州市公安局,,2024-03-14,2024-03-14,现行有效,,否,pkulaw\raw_pdf\北大法宝地方法规100-101\福州市公安局关于福州市公安局无人机自动化机场租赁服务项目网上询价的公告(FBMCLI.14.7424080).pdf,https://www.pkulaw.com/lar/b405d7086b8deb2f46ee3b8946c9d244bdfb.html,引证码FBMCLI.14.7424080｜有附件｜未知位阶/无条文:地方工作文件
524,pkulaw,法规,地方工作文件,海口市自然资源和规划局关于采购大疆M300无人机电池公开询价的废标公告,海口市自然资源和规划局,,2024-03-06,2024-03-06,现行有效,,否,pkulaw\raw_pdf\北大法宝地方法规100-101\海口市自然资源和规划局关于采购大疆M300无人机电池公开询价的废标公告(FBMCLI.14.7391986).pdf,https://www.pkulaw.com/lar/55df4791b6eb6da1960f88b05ced9e57bdfb.html,引证码FBMCLI.14.7391986｜未知位阶/无条文:地方工作文件
525,pkulaw,法规,地方工作文件,北京市科学技术委员会、中关村科技园区管理委员会、北京市延庆区人民政府印发《关于促进中关村延庆园无人机产业创新发展行动...,北京市科学技术委员会 北京市中关村科技园区管理委员会 北京市延庆区人民政府,京科材发〔2024〕56号,2024-03-05,2024-03-05,现行有效,,否,pkulaw\raw_pdf\北大法宝地方法规100-101\北京市科学技术委员会、中关村科技园区管理委员会、北京市延庆区人民政府印发《关于促进中关村延庆园无人机产业创新发展行动...(FBMCLI.14.7438237).pdf,https://www.pkulaw.com/lar/5e698db58101caa811aa8ce332d53f2fbdfb.html,引证码FBMCLI.14.7438237｜未知位阶/无条文:地方工作文件
526,pkulaw,法规,地方工作文件,邢台市人民政府关于在全市范围内对无人机等“低慢小”航空器及空飘物实施临时管控的通告,邢台市人民政府,,2024-02-29,2024-03-01,现行有效,,否,pkulaw\raw_pdf\北大法宝地方法规100-101\邢台市人民政府关于在全市范围内对无人机等“低慢小”航空器及空飘物实施临时管控的通告(FBMCLI.14.7388202).pdf,https://www.pkulaw.com/lar/a5c2a4277835d4cc75d4e80cb0252734bdfb.html,引证码FBMCLI.14.7388202｜未知位阶/无条文:地方工作文件
527,pkulaw,法规,地方工作文件,龙岩市人民政府关于在2024福建连城龙文化节活动期间进行无人机临时管控的通告,龙岩市人民政府,,2024-02-21,2024-02-21,现行有效,,否,pkulaw\raw_pdf\北大法宝地方法规100-101\龙岩市人民政府关于在2024福建连城龙文化节活动期间进行无人机临时管控的通告(FBMCLI.14.7378099).pdf,https://www.pkulaw.com/lar/049a9ef7ddfa9991a792c1c7401d892bbdfb.html,引证码FBMCLI.14.7378099｜未知位阶/无条文:地方工作文件
528,pkulaw,法规,地方工作文件,马鞍山市人民政府关于春节期间增加无人机驾驶航空器临时管制空域的通告,马鞍山市人民政府,马政秘〔2024〕13号,2024-02-08,2024-02-08,现行有效,,否,pkulaw\raw_pdf\北大法宝地方法规100-101\马鞍山市人民政府关于春节期间增加无人机驾驶航空器临时管制空域的通告(FBMCLI.14.8515666).pdf,https://www.pkulaw.com/lar/c4b3f2698bedbbd5acf6cf98508cc248bdfb.html,引证码FBMCLI.14.8515666｜未知位阶/无条文:地方工作文件
529,pkulaw,法规,地方工作文件,普宁市公安局关于依法对无人机等“低慢小”航空器实施临时管控的通告,普宁市公安局,普公通【2024】1号,2024-02-06,2024-02-06,现行有效,,否,pkulaw\raw_pdf\北大法宝地方法规100-101\普宁市公安局关于依法对无人机等“低慢小”航空器实施临时管控的通告(FBMCLI.14.8393665).pdf,https://www.pkulaw.com/lar/1185d7b770402e80ee42dbc45035aeedbdfb.html,引证码FBMCLI.14.8393665｜未知位阶/无条文:地方工作文件
530,pkulaw,法规,地方工作文件,山东省工业和信息化厅关于征集全省无人机典型应用场景和重点产品的通知,山东省工业和信息化厅,,2024-01-29,2024-01-29,现行有效,,否,pkulaw\raw_pdf\北大法宝地方法规100-101\山东省工业和信息化厅关于征集全省无人机典型应用场景和重点产品的通知(FBMCLI.14.7362227).pdf,https://www.pkulaw.com/lar/985a9e5808f202b3d5724cd409b90f5cbdfb.html,引证码FBMCLI.14.7362227｜有附件｜行政事务性通知(非规范文本)
531,pkulaw,法规,地方工作文件,山东省工业和信息化厅、山东省发展和改革委员会、山东省教育厅、山东省科学技术厅、山东省公安厅、山东省财政厅、山东省人力...,山东省工业和信息化厅 山东省发展和改革委员会 山东省教育厅 山东省科学技术厅 山东省公安,鲁工信发〔2024〕1号,2024-01-26,2024-01-26,现行有效,,否,pkulaw\raw_pdf\北大法宝地方法规100-101\山东省工业和信息化厅、山东省发展和改革委员会、山东省教育厅、山东省科学技术厅、山东省公安厅、山东省财政厅、山东省人力...(FBMCLI.14.7362228).pdf,https://www.pkulaw.com/lar/c91786b7a94098466998a0451a8c3ca3bdfb.html,引证码FBMCLI.14.7362228｜未知位阶/无条文:地方工作文件
532,pkulaw,法规,地方工作文件,福州市公安局关于福州市公安局e体 无人机自动化小型机场租赁服务项目概算咨询的公告,福州市公安局,,2024-01-16,2024-01-16,现行有效,,否,pkulaw\raw_pdf\北大法宝地方法规100-101\福州市公安局关于福州市公安局e体 无人机自动化小型机场租赁服务项目概算咨询的公告(FBMCLI.14.7346170).pdf,https://www.pkulaw.com/lar/c31726c2c5bb66473355cda1179f6a89bdfb.html,引证码FBMCLI.14.7346170｜未知位阶/无条文:地方工作文件
533,pkulaw,法规,地方工作文件,安阳市市场监督管理局关于2023年安阳市无人机产品质量安全风险监测结果的公告,安阳市市场监督管理局,安阳市市场监督管理局公告2024年第9号,,2024,现行有效,,否,pkulaw\raw_pdf\北大法宝地方法规100-101\安阳市市场监督管理局关于2023年安阳市无人机产品质量安全风险监测结果的公告(FBMCLI.14.7391907).pdf,https://www.pkulaw.com/lar/2956e587e84509e21b83522370c288afbdfb.html,引证码FBMCLI.14.7391907｜有附件｜未知位阶/无条文:地方工作文件
534,pkulaw,法规,地方工作文件,青海省农牧机械推广总站关于开展植保无人机高原性能试验的通告,青海省农牧机械推广总站,,,2024,现行有效,,否,pkulaw\raw_pdf\北大法宝地方法规100-101\青海省农牧机械推广总站关于开展植保无人机高原性能试验的通告(FBMCLI.14.7542026).pdf,https://www.pkulaw.com/lar/4ae63041826ad0f52894550364561e13bdfb.html,引证码FBMCLI.14.7542026｜有附件｜未知位阶/无条文:地方工作文件
535,pkulaw,法规,地方工作文件,青海省农牧机械推广总站关于植保无人机高原性能测试结果的通告,青海省农牧机械推广总站,,,2024,现行有效,,否,pkulaw\raw_pdf\北大法宝地方法规100-101\青海省农牧机械推广总站关于植保无人机高原性能测试结果的通告(FBMCLI.14.7541947).pdf,https://www.pkulaw.com/lar/477ccfbd8769bbf78006610d2b1bb7c9bdfb.html,引证码FBMCLI.14.7541947｜未知位阶/无条文:地方工作文件
536,pkulaw,法规,地方工作文件,贵州省农业农村厅关于采购无人机的公告,贵州省农业农村厅,,2023-11-21,2023-11-21,现行有效,,否,pkulaw\raw_pdf\北大法宝地方法规100-101\贵州省农业农村厅关于采购无人机的公告(FBMCLI.14.7269155).pdf,https://www.pkulaw.com/lar/82d9c749a499f002cf3fbb59bf56ae22bdfb.html,引证码FBMCLI.14.7269155｜未知位阶/无条文:地方工作文件
537,pkulaw,法规,地方工作文件,丽水市人民政府关于第七届童话云和木制玩具节期间禁止无人机等“低慢小”航空器和空飘物在相关区域飞行的通告,丽水市人民政府,丽水市人民政府通告〔2023〕8号,2023-11-06,2023-11-06,现行有效,,否,pkulaw\raw_pdf\北大法宝地方法规100-101\丽水市人民政府关于第七届童话云和木制玩具节期间禁止无人机等“低慢小”航空器和空飘物在相关区域飞行的通告(FBMCLI.14.7263782).pdf,https://www.pkulaw.com/lar/47a47f0a2a094fa61a373a606b24e62cbdfb.html,引证码FBMCLI.14.7263782｜未知位阶/无条文:地方工作文件
538,pkulaw,法规,地方工作文件,甘肃省自然资源厅关于公布甘肃省百万职工劳动和技能竞赛首届无人机测绘技能竞赛省级决赛获奖名单的通知,甘肃省自然资源厅,甘资字〔2023〕135号,2023-11-02,2023-11-02,现行有效,,否,pkulaw\raw_pdf\北大法宝地方法规100-101\甘肃省自然资源厅关于公布甘肃省百万职工劳动和技能竞赛首届无人机测绘技能竞赛省级决赛获奖名单的通知(FBMCLI.14.7246126).pdf,https://www.pkulaw.com/lar/1c5f1bc6914067bd57ea657afeccb900bdfb.html,引证码FBMCLI.14.7246126｜有附件｜行政事务性通知(非规范文本)
539,pkulaw,法规,地方工作文件,重庆市体育局、四川省体育局关于举办“奔跑吧·少年”第一届川渝青少年低空飞行(航空模型、无人机)系列赛的通知,重庆市体育局 四川省体育局,,2023-11-02,2023-11-02,现行有效,,否,pkulaw\raw_pdf\北大法宝地方法规100-101\重庆市体育局、四川省体育局关于举办“奔跑吧·少年”第一届川渝青少年低空飞行(航空模型、无人机)系列赛的通知(FBMCLI.14.7246387).pdf,https://www.pkulaw.com/lar/46686e2e717998edbac097043eb627e2bdfb.html,引证码FBMCLI.14.7246387｜有附件｜未知位阶/无条文:地方工作文件
540,pkulaw,法规,地方工作文件,海口市旅游和文化广电体育局关于征集“欢乐海南·活力海口”无人机表演项目执行单位的通知,海口市旅游和文化广电体育局,,2023-10-26,2023-10-26,现行有效,,否,pkulaw\raw_pdf\北大法宝地方法规100-101\海口市旅游和文化广电体育局关于征集“欢乐海南·活力海口”无人机表演项目执行单位的通知(FBMCLI.14.7236229).pdf,https://www.pkulaw.com/lar/4a0d429b422f6e9162dfa300570154b8bdfb.html,引证码FBMCLI.14.7236229｜行政事务性通知(非规范文本)
541,pkulaw,法规,地方工作文件,大理白族自治州人民政府办公室关于印发大理州无人机产业发展规划(2023—2025年)的通知,大理白族自治州人民政府,大政办发〔2023〕53号,2023-10-23,2023-10-23,现行有效,,否,pkulaw\raw_pdf\北大法宝地方法规100-101\大理白族自治州人民政府办公室关于印发大理州无人机产业发展规划(2023—2025年)的通知(FBMCLI.14.7230376).pdf,https://www.pkulaw.com/lar/15ceaaac140be51dfe6b58f2e28bfd31bdfb.html,引证码FBMCLI.14.7230376｜有附件｜未知位阶/无条文:地方工作文件
542,pkulaw,法规,地方工作文件,上海市人民政府关于加强第六届中国国际进口博览会期间无人机等“低慢小”航空器安全管理的通告,上海市人民政府,沪府规〔2023〕9号,2023-10-21,2023-10-21,现行有效,,否,pkulaw\raw_pdf\北大法宝地方法规100-101\上海市人民政府关于加强第六届中国国际进口博览会期间无人机等“低慢小”航空器安全管理的通告(FBMCLI.14.7230521).pdf,https://www.pkulaw.com/lar/014e3c2d5d84bd3bfbbb3d2a55f8543dbdfb.html,引证码FBMCLI.14.7230521｜未知位阶/无条文:地方工作文件
543,pkulaw,法规,地方工作文件,丽水市人民政府关于癸卯(2023)年中国仙都祭祀轩辕黄帝大典活动期间禁止无人机等“低慢小”航空器在相关区域飞行的通告,丽水市人民政府,丽水市人民政府通告〔2023〕7号,2023-10-17,2023-10-17,现行有效,,否,pkulaw\raw_pdf\北大法宝地方法规100-101\丽水市人民政府关于癸卯(2023)年中国仙都祭祀轩辕黄帝大典活动期间禁止无人机等“低慢小”航空器在相关区域飞行的通告(FBMCLI.14.7225283).pdf,https://www.pkulaw.com/lar/27406966ccf880c4f67341ca287b281abdfb.html,引证码FBMCLI.14.7225283｜未知位阶/无条文:地方工作文件
544,pkulaw,法规,地方工作文件,海南省财政厅关于下达利用无人机等信息化手段监管建筑垃圾违法倾倒项目预算资金的通知,海南省财政厅,琼财建〔2023〕960号,2023-10-07,2023-10-07,现行有效,,否,pkulaw\raw_pdf\北大法宝地方法规100-101\海南省财政厅关于下达利用无人机等信息化手段监管建筑垃圾违法倾倒项目预算资金的通知(FBMCLI.14.7239730).pdf,https://www.pkulaw.com/lar/3b7601d6e6998c4216639dbe67e28645bdfb.html,引证码FBMCLI.14.7239730｜有附件｜行政事务性通知(非规范文本)
545,pkulaw,法规,地方工作文件,广东省政务服务数据管理局关于公开征集政务领域无人机服务资源的公告,广东省政务服务数据管理局,,2023-08-30,2023-08-30,现行有效,,否,pkulaw\raw_pdf\北大法宝地方法规100-101\广东省政务服务数据管理局关于公开征集政务领域无人机服务资源的公告(FBMCLI.14.7155807).pdf,https://www.pkulaw.com/lar/b564704aba028358372d17d0463f436abdfb.html,引证码FBMCLI.14.7155807｜行政事务性通知(非规范文本)
546,pkulaw,法规,地方工作文件,甘肃省自然资源厅关于无人机测绘技能竞赛有关事项的补充通知,甘肃省自然资源厅,甘资地信函〔2023〕38号,2023-08-24,2023-08-24,现行有效,,否,pkulaw\raw_pdf\北大法宝地方法规100-101\甘肃省自然资源厅关于无人机测绘技能竞赛有关事项的补充通知(FBMCLI.14.7132032).pdf,https://www.pkulaw.com/lar/8116e9381e2a996aad492c05648421f9bdfb.html,引证码FBMCLI.14.7132032｜有附件｜行政事务性通知(非规范文本)
547,pkulaw,法规,地方工作文件,南京市大数据管理局关于南京市公安局警用无人机实战应用一体化平台建设项目可行性研究报告的批复,南京市大数据管理局,宁数管规划〔2023〕46号,2023-08-22,2023-08-22,废止或失效,,否,pkulaw\raw_pdf\北大法宝地方法规100-101\南京市大数据管理局关于南京市公安局警用无人机实战应用一体化平台建设项目可行性研究报告的批复(FBMCLI.14.7170225).pdf,https://www.pkulaw.com/lar/0c1b678b0025279297237afb84bcd842bdfb.html,引证码FBMCLI.14.7170225｜有附件｜行政事务性通知(非规范文本)
548,pkulaw,法规,地方工作文件,甘肃省自然资源厅关于举办甘肃省百万职工劳动和技能竞赛首届无人机测绘技能竞赛选拔赛暨省级决赛的通知,甘肃省自然资源厅,甘资地信函〔2023〕37号,2023-08-21,2023-08-21,现行有效,,否,pkulaw\raw_pdf\北大法宝地方法规100-101\甘肃省自然资源厅关于举办甘肃省百万职工劳动和技能竞赛首届无人机测绘技能竞赛选拔赛暨省级决赛的通知(FBMCLI.14.7778465).pdf,https://www.pkulaw.com/lar/4969a7f24d910dd2e1a004d247dfa842bdfb.html,引证码FBMCLI.14.7778465｜有附件｜行政事务性通知(非规范文本)
549,pkulaw,法规,地方工作文件,陕西省科学技术厅关于征集全省人工智能、无人机产业发展情况的通知,陕西省科学技术厅,,2023-05-30,2023-05-30,现行有效,,否,pkulaw\raw_pdf\北大法宝地方法规100-101\陕西省科学技术厅关于征集全省人工智能、无人机产业发展情况的通知(FBMCLI.14.6940998).pdf,https://www.pkulaw.com/lar/f38d6f64bf88b44d7875c65d73075278bdfb.html,引证码FBMCLI.14.6940998｜有附件｜行政事务性通知(非规范文本)
550,pkulaw,法规,地方工作文件,济南市人力资源和社会保障局关于举办济南市2023年职业技能竞赛系列赛—无人机驾驶员、工业机器人系统操作员、互联网营销师专...,济南市人力资源和社会保障局,,2023-05-30,2023-05-30,现行有效,,否,pkulaw\raw_pdf\北大法宝地方法规100-101\济南市人力资源和社会保障局关于举办济南市2023年职业技能竞赛系列赛—无人机驾驶员、工业机器人系统操作员、互联网营销师专...(FBMCLI.14.6941831).pdf,https://www.pkulaw.com/lar/5c29fc13077c8f4fcea7df2893ac1313bdfb.html,引证码FBMCLI.14.6941831｜有附件｜行政事务性通知(非规范文本)
551,pkulaw,法规,地方工作文件,成都市财政局、成都市农业农村局关于下达2023年市级财政秸秆禁烧无人机巡查项目专项资金的通知,成都市财政局 成都市农业农村局,成财农发〔2023〕20号,2023-05-29,2023-05-29,现行有效,,否,pkulaw\raw_pdf\北大法宝地方法规100-101\成都市财政局、成都市农业农村局关于下达2023年市级财政秸秆禁烧无人机巡查项目专项资金的通知(FBMCLI.14.6949811).pdf,https://www.pkulaw.com/lar/0de6d89db0a8c81e59dad2d38dc43b01bdfb.html,引证码FBMCLI.14.6949811｜有附件｜行政事务性通知(非规范文本)
552,pkulaw,法规,地方工作文件,青海省农牧机械推广总站关于植保无人机高原性能试验结果的通告,青海省农牧机械推广总站,,2023-05-24,2023-05-24,现行有效,,否,pkulaw\raw_pdf\北大法宝地方法规100-101\青海省农牧机械推广总站关于植保无人机高原性能试验结果的通告(FBMCLI.14.7100947).pdf,https://www.pkulaw.com/lar/7d8749672994d386c178b3be2e9d243ebdfb.html,引证码FBMCLI.14.7100947｜未知位阶/无条文:地方工作文件
553,pkulaw,法规,地方工作文件,丽水市人民政府关于城市森林音乐会演出期间无人机管制的通告,丽水市人民政府,通告〔2023〕4号,2023-05-06,2023-05-06,现行有效,,否,pkulaw\raw_pdf\北大法宝地方法规100-101\丽水市人民政府关于城市森林音乐会演出期间无人机管制的通告(FBMCLI.14.6907786).pdf,https://www.pkulaw.com/lar/de402c31731a86e362a9efefa2968e3dbdfb.html,引证码FBMCLI.14.6907786｜有附件｜未知位阶/无条文:地方工作文件
554,pkulaw,法规,地方工作文件,苏州市教育局关于公布第四届苏州市青少年天工节暨青少年无人机比赛获奖名单的通知,苏州市教育局,苏教职〔2023〕10号,2023-05-04,2023-05-04,现行有效,,否,pkulaw\raw_pdf\北大法宝地方法规100-101\苏州市教育局关于公布第四届苏州市青少年天工节暨青少年无人机比赛获奖名单的通知(FBMCLI.14.6898226).pdf,https://www.pkulaw.com/lar/ecc8eef7ac9206263c6ac922776e9de2bdfb.html,引证码FBMCLI.14.6898226｜有附件｜行政事务性通知(非规范文本)
555,pkulaw,法规,地方工作文件,西藏自治区科学技术厅关于发布“一江两河流域大型无人机增雨(雪)科学实验关键技术研究及应用”项目榜单的通知,西藏自治区科学技术厅,,2023-04-28,2023-04-28,现行有效,,否,pkulaw\raw_pdf\北大法宝地方法规100-101\西藏自治区科学技术厅关于发布“一江两河流域大型无人机增雨(雪)科学实验关键技术研究及应用”项目榜单的通知(FBMCLI.14.6883358).pdf,https://www.pkulaw.com/lar/129290a665bab31bd33335fe3fcc0861bdfb.html,引证码FBMCLI.14.6883358｜有附件｜未知位阶/无条文:地方工作文件
556,pkulaw,法规,地方工作文件,青海省农牧机械推广总站关于开展植保无人机高原性能试验的通知,青海省农牧机械推广总站,,2023-03-29,2023-03-29,现行有效,,否,pkulaw\raw_pdf\北大法宝地方法规100-101\青海省农牧机械推广总站关于开展植保无人机高原性能试验的通知(FBMCLI.14.7099620).pdf,https://www.pkulaw.com/lar/08626b48908e6549c9d2d74dc2a8c9a2bdfb.html,引证码FBMCLI.14.7099620｜有附件｜未知位阶/无条文:地方工作文件
557,pkulaw,法规,地方工作文件,东营市关于加强民用无人机等“低慢小”航空器安全管理的通告,东营市公安局 东营市工业和信息化局 东营市交通运输局 东营市农业农村局 东营市文化和旅游,东公通〔2023〕12号,2023-03-28,2023-05-01,现行有效,,否,pkulaw\raw_pdf\北大法宝地方法规100-101\东营市关于加强民用无人机等“低慢小”航空器安全管理的通告(FBMCLI.14.8499555).pdf,https://www.pkulaw.com/lar/db5f1f73fa05d3cdb9db3c82f8d0a558bdfb.html,引证码FBMCLI.14.8499555｜未知位阶/无条文:地方工作文件
558,pkulaw,法规,地方工作文件,丽水市人民政府关于马拉松比赛期间无人机管制的通告,丽水市人民政府,丽水市人民政府通告〔2023〕3号,2023-03-22,2023-03-22,现行有效,,否,pkulaw\raw_pdf\北大法宝地方法规100-101\丽水市人民政府关于马拉松比赛期间无人机管制的通告(FBMCLI.14.6505882).pdf,https://www.pkulaw.com/lar/40d45c7fa07af74948c8188e930955bcbdfb.html,引证码FBMCLI.14.6505882｜有附件｜未知位阶/无条文:地方工作文件
559,pkulaw,法规,地方工作文件,台州市农民合作经济组织联合会关于召开农业无人机飞防技术研讨会的通知,台州市农民合作经济组织联合会,,2023-03-17,2023-03-17,现行有效,,否,pkulaw\raw_pdf\北大法宝地方法规100-101\台州市农民合作经济组织联合会关于召开农业无人机飞防技术研讨会的通知(FBMCLI.14.6493517).pdf,https://www.pkulaw.com/lar/560eb1c9f78c27869d641db40b6c2e31bdfb.html,引证码FBMCLI.14.6493517｜有附件｜行政事务性通知(非规范文本)
560,pkulaw,法规,地方工作文件,浙江省测绘学会关于举办浙江省自然资源系统第二期无人机驾驶执照考核培训班的通知,浙江省测绘学会,浙测学〔2023〕8号,2023-02-21,2023-02-21,现行有效,,否,pkulaw\raw_pdf\北大法宝地方法规100-101\浙江省测绘学会关于举办浙江省自然资源系统第二期无人机驾驶执照考核培训班的通知(FBMCLI.14.6443007).pdf,https://www.pkulaw.com/lar/82756c2b902e763d4ee83591c37e8b18bdfb.html,引证码FBMCLI.14.6443007｜行政事务性通知(非规范文本)
561,pkulaw,法规,地方工作文件,温州市退役军人事务局关于组织开展2023年退役士兵无人机操控和应用技能培训的通知,温州市退役军人事务局,,2023-02-17,2023-02-17,现行有效,,否,pkulaw\raw_pdf\北大法宝地方法规100-101\温州市退役军人事务局关于组织开展2023年退役士兵无人机操控和应用技能培训的通知(FBMCLI.14.9198497).pdf,https://www.pkulaw.com/lar/3844c7fd89722fe12e8d37b80e90060ebdfb.html,引证码FBMCLI.14.9198497｜有附件｜未知位阶/无条文:地方工作文件
562,pkulaw,法规,地方工作文件,山西省职业院校技能大赛组委会关于举办山西省第十六届职业院校技能大赛高职组无人机应用技能与创新、园艺和中、高职组植物组...,山西省职业学院技能大赛组织委员会,晋教职赛[2023]53号,2023-02-13,2023-02-13,现行有效,,否,pkulaw\raw_pdf\北大法宝地方法规100-101\山西省职业院校技能大赛组委会关于举办山西省第十六届职业院校技能大赛高职组无人机应用技能与创新、园艺和中、高职组植物组...(FBMCLI.14.6430347).pdf,https://www.pkulaw.com/lar/21c86490aeee7f600d5367d29790c7a4bdfb.html,引证码FBMCLI.14.6430347｜未知位阶/无条文:地方工作文件
563,pkulaw,法规,地方工作文件,汕头市科学技术局关于“汕头市无人机应用工程研究开发中心建设”等两个项目拟进行被动终止结题的公告,汕头市科学技术局,,2023-02-07,2023-02-07,现行有效,,否,pkulaw\raw_pdf\北大法宝地方法规100-101\汕头市科学技术局关于“汕头市无人机应用工程研究开发中心建设”等两个项目拟进行被动终止结题的公告(FBMCLI.14.6415334).pdf,https://www.pkulaw.com/lar/8dcee51cf398cf0083ead04ff6a03148bdfb.html,引证码FBMCLI.14.6415334｜有附件｜未知位阶/无条文:地方工作文件
564,pkulaw,法规,地方工作文件,台州市人民政府关于对黄岩区江口街道周边无人机等“低慢小”航空器采取临时性管制措施的通告,台州市人民政府,台政发[2022]22号,2022-12-16,2022-12-16,现行有效,,否,pkulaw\raw_pdf\北大法宝地方法规100-101\台州市人民政府关于对黄岩区江口街道周边无人机等“低慢小”航空器采取临时性管制措施的通告(FBMCLI.14.6911380).pdf,https://www.pkulaw.com/lar/bbeaf4e397796ba3f2d07b6fb7c0b28cbdfb.html,引证码FBMCLI.14.6911380｜未知位阶/无条文:地方工作文件
565,pkulaw,法规,地方工作文件,三亚市人民政府关于第四届海南岛国际电影节期间加强无人机等“低慢小”航空器安全管理的通告,三亚市人民政府,三府〔2022〕440号,2022-12-13,2022-12-17,现行有效,,否,pkulaw\raw_pdf\北大法宝地方法规100-101\三亚市人民政府关于第四届海南岛国际电影节期间加强无人机等“低慢小”航空器安全管理的通告(FBMCLI.14.5683397).pdf,https://www.pkulaw.com/lar/3c79dab32d6aa76f8ebe72ab967f10d5bdfb.html,引证码FBMCLI.14.5683397｜未知位阶/无条文:地方工作文件
566,pkulaw,法规,地方工作文件,东营市人力资源和社会保障局关于开展2022年度东营市职业农民植保无人机飞防技能认定的公告,东营市人力资源和社会保障局,,2022-11-14,2022-11-14,现行有效,,否,pkulaw\raw_pdf\北大法宝地方法规100-101\东营市人力资源和社会保障局关于开展2022年度东营市职业农民植保无人机飞防技能认定的公告(FBMCLI.14.6476356).pdf,https://www.pkulaw.com/lar/bf93fb6f413eec81a96da0a6d0b5a134bdfb.html,引证码FBMCLI.14.6476356｜有附件｜未知位阶/无条文:地方工作文件
567,pkulaw,法规,地方工作文件,丽水市人民政府关于首届革命老区好物节暨丽水市人才科技好物节期间禁止无人机等各类“低慢小”航空器在相关区域飞行的通告,丽水市人民政府,丽水市人民政府通告〔2022〕5号,2022-11-07,2022-11-07,现行有效,,否,pkulaw\raw_pdf\北大法宝地方法规100-101\丽水市人民政府关于首届革命老区好物节暨丽水市人才科技好物节期间禁止无人机等各类“低慢小”航空器在相关区域飞行的通告(FBMCLI.14.5635134).pdf,https://www.pkulaw.com/lar/a0465e5becc10c27ea747f70edec7b20bdfb.html,引证码FBMCLI.14.5635134｜有附件｜未知位阶/无条文:地方工作文件
568,pkulaw,法规,地方工作文件,苏州市教育局关于举办第四届苏州市青少年天工节暨青少年无人机比赛的通知,苏州市教育局,苏教职〔2022〕18号,2022-11-04,2022-11-04,现行有效,,否,pkulaw\raw_pdf\北大法宝地方法规100-101\苏州市教育局关于举办第四届苏州市青少年天工节暨青少年无人机比赛的通知(FBMCLI.14.5627477).pdf,https://www.pkulaw.com/lar/941b90ed1b48928a946e712ab6dad252bdfb.html,引证码FBMCLI.14.5627477｜有附件｜未知位阶/无条文:地方工作文件
569,pkulaw,法规,地方工作文件,浙江省测绘学会关于举办浙江省自然资源系统第一期无人机驾驶执照考核培训班的通知,浙江省测绘学会,浙测学〔2022〕21号,2022-11-02,2022-11-02,现行有效,,否,pkulaw\raw_pdf\北大法宝地方法规100-101\浙江省测绘学会关于举办浙江省自然资源系统第一期无人机驾驶执照考核培训班的通知(FBMCLI.14.5622887).pdf,https://www.pkulaw.com/lar/11da5c13aeee0f31bc93a76052486129bdfb.html,引证码FBMCLI.14.5622887｜有附件｜行政事务性通知(非规范文本)
570,pkulaw,法规,地方工作文件,湖州市南浔区民政局关于准予成立湖州市南浔区无人机协会决定书,湖州市南浔区民政局,,2022.11,2022.11,现行有效,,否,pkulaw\raw_pdf\北大法宝地方法规100-101\湖州市南浔区民政局关于准予成立湖州市南浔区无人机协会决定书(FBMCLI.14.8057916).pdf,https://www.pkulaw.com/lar/b6b54e195c75ae1cdccf774fb8c72735bdfb.html,引证码FBMCLI.14.8057916｜未知位阶/无条文:地方工作文件
571,pkulaw,法规,地方工作文件,苏州市人民政府关于加强第五届中国国际进口博览会期间无人机等“低慢小”航空器安全管理的通告,苏州市人民政府,苏府通〔2022〕1号,2022-10-31,2022-10-31,现行有效,,否,pkulaw\raw_pdf\北大法宝地方法规100-101\苏州市人民政府关于加强第五届中国国际进口博览会期间无人机等“低慢小”航空器安全管理的通告(FBMCLI.14.5618716).pdf,https://www.pkulaw.com/lar/787b05f9aed4f6b288ed6a64a88933b3bdfb.html,引证码FBMCLI.14.5618716｜未知位阶/无条文:地方工作文件
572,pkulaw,法规,地方工作文件,北京市园林绿化局关于发布无人机智能应用揭榜挂帅任务的通知,北京市园林绿化局（首都绿化委员会办公室）,,2022-10-26,2022-10-26,现行有效,,否,pkulaw\raw_pdf\北大法宝地方法规100-101\北京市园林绿化局关于发布无人机智能应用揭榜挂帅任务的通知(FBMCLI.14.5609438).pdf,https://www.pkulaw.com/lar/148ae5426ac80c8004f9fb9558510283bdfb.html,引证码FBMCLI.14.5609438｜有附件｜未知位阶/无条文:地方工作文件
573,pkulaw,法规,地方工作文件,珠海市农业农村局关于印发《珠海市2020年水稻无人机统防统治植保作业农药统一配送实施方案》的通知,珠海市农业农村局,,2020-04-13,2020-04-13,现行有效,,否,pkulaw\raw_pdf\北大法宝地方法规201-250\珠海市农业农村局关于印发《珠海市2020年水稻无人机统防统治植保作业农药统一配送实施方案》的通知(FBMCLI.14.1630087).pdf,https://www.pkulaw.com/lar/c8b0e09ba8e807aa7b54212ec71b8feebdfb.html,引证码FBMCLI.14.1630087｜未知位阶/无条文:地方工作文件
574,pkulaw,法规,地方工作文件,中山市农业科技推广中心关于建立中山市水稻病虫无人机喷药服务组织目录库的通知,中山市农业科技推广中心,,2020-03-12,2020-03-12,现行有效,,否,pkulaw\raw_pdf\北大法宝地方法规201-250\中山市农业科技推广中心关于建立中山市水稻病虫无人机喷药服务组织目录库的通知(FBMCLI.14.5902602).pdf,https://www.pkulaw.com/lar/d65e28474812b208d0f7a4a3e35e4d5dbdfb.html,引证码FBMCLI.14.5902602｜有附件｜未知位阶/无条文:地方工作文件
575,pkulaw,法规,地方工作文件,山东省工业和信息化厅关于开展民用无人机相关信息摸底调查工作的通知,山东省工业和信息化厅,,,2020,现行有效,,否,pkulaw\raw_pdf\北大法宝地方法规201-250\山东省工业和信息化厅关于开展民用无人机相关信息摸底调查工作的通知(FBMCLI.14.8589820).pdf,https://www.pkulaw.com/lar/f0ad534e0d6eb37108dc3f86b53ca87dbdfb.html,引证码FBMCLI.14.8589820｜有附件｜未知位阶/无条文:地方工作文件
576,pkulaw,法规,地方工作文件,惠州市城乡管理和综合执法局无人机监测“两违”专项航拍项目中标公告,惠州市城乡管理和综合执法局,,2019-12-11,2019-12-11,现行有效,,否,pkulaw\raw_pdf\北大法宝地方法规201-250\惠州市城乡管理和综合执法局无人机监测“两违”专项航拍项目中标公告(FBMCLI.14.5977167).pdf,https://www.pkulaw.com/lar/3ce17f00b53d37da0d976695ef1d1b43bdfb.html,引证码FBMCLI.14.5977167｜未知位阶/无条文:地方工作文件
577,pkulaw,法规,地方工作文件,惠州市城乡管理和综合执法局无人机监测“两违”专项航拍项目招标公告,惠州市城乡管理和综合执法局,,2019-11-27,2019-11-27,现行有效,,否,pkulaw\raw_pdf\北大法宝地方法规201-250\惠州市城乡管理和综合执法局无人机监测“两违”专项航拍项目招标公告(FBMCLI.14.5977170).pdf,https://www.pkulaw.com/lar/e4dbab5ab406ca263e6f893c28c7f620bdfb.html,引证码FBMCLI.14.5977170｜未知位阶/无条文:地方工作文件
578,pkulaw,法规,地方工作文件,惠州市人民政府关于加强大亚湾石化区无人机等“低慢小”航空器治安管理工作的通告,惠州市人民政府,惠府[2019]55号,2019-11-11,2019-11-11,废止或失效,,否,pkulaw\raw_pdf\北大法宝地方法规201-250\惠州市人民政府关于加强大亚湾石化区无人机等“低慢小”航空器治安管理工作的通告(FBMCLI.14.4605460).pdf,https://www.pkulaw.com/lar/642efb18a2443740d72c43e7e9f6431ebdfb.html,引证码FBMCLI.14.4605460｜未知位阶/无条文:地方工作文件
579,pkulaw,法规,地方工作文件,苏州市人民政府关于加强第二届中国国际进口博览会期间无人机等“低慢小”航空器安全管理的通告,苏州市人民政府,苏府通〔2019〕113号,2019-10-29,2019-10-29,现行有效,,否,pkulaw\raw_pdf\北大法宝地方法规201-250\苏州市人民政府关于加强第二届中国国际进口博览会期间无人机等“低慢小”航空器安全管理的通告(FBMCLI.14.1546739).pdf,https://www.pkulaw.com/lar/75b8514b9b8c16de2e347829cf34c992bdfb.html,引证码FBMCLI.14.1546739｜未知位阶/无条文:地方工作文件
580,pkulaw,法规,地方工作文件,泰顺县人民政府办公室关于印发《“飞阅大美浙江”浙江省第二届无人机航拍大赛暨飞云湖“鸟人”飞行大赛活动方案》的通知,泰顺县人民政府,,2019-10-22,2019-10-22,现行有效,,否,pkulaw\raw_pdf\北大法宝地方法规201-250\泰顺县人民政府办公室关于印发《“飞阅大美浙江”浙江省第二届无人机航拍大赛暨飞云湖“鸟人”飞行大赛活动方案》的通知(FBMCLI.14.8107157).pdf,https://www.pkulaw.com/lar/47f4437fe14982317bd7dafa2e90f64fbdfb.html,引证码FBMCLI.14.8107157｜未知位阶/无条文:地方工作文件
581,pkulaw,法规,地方工作文件,深圳市工业和信息化局关于邀请出席“突破行业共性技术瓶颈，助力产业高质量发展”无人机行业交流会议的通知,深圳市工业和信息化局,,2019-10-10,2019-10-10,现行有效,,否,pkulaw\raw_pdf\北大法宝地方法规201-250\深圳市工业和信息化局关于邀请出席“突破行业共性技术瓶颈，助力产业高质量发展”无人机行业交流会议的通知(FBMCLI.14.1547707).pdf,https://www.pkulaw.com/lar/5e5e72c1d339fc6e51c5203380f3871bbdfb.html,引证码FBMCLI.14.1547707｜有附件｜未知位阶/无条文:地方工作文件
582,pkulaw,法规,地方工作文件,贵州省人民政府关于加强无人机等“低慢小”航空器安全管理的通告,贵州省人民政府,,2019-09-23,2019-09-23,现行有效,,否,pkulaw\raw_pdf\北大法宝地方法规201-250\贵州省人民政府关于加强无人机等“低慢小”航空器安全管理的通告(FBMCLI.14.3873595).pdf,http://www.gz.xinhuanet.com/2019-09/25/c_1125036790.htm,引证码FBMCLI.14.3873595｜未知位阶/无条文:地方工作文件
583,pkulaw,法规,地方工作文件,广西壮族自治区生态环境厅办公室关于举办2019年广西生态环境系统无人机操控及摄影摄像技能培训班暨广西环境监察大练兵活动的通知,广西壮族自治区生态环境厅,便函〔2019〕1102号,2019-09-18,2019-09-18,现行有效,,否,pkulaw\raw_pdf\北大法宝地方法规201-250\广西壮族自治区生态环境厅办公室关于举办2019年广西生态环境系统无人机操控及摄影摄像技能培训班暨广西环境监察大练兵活动的通知(FBMCLI.14.5352353).pdf,https://www.pkulaw.com/lar/0ed2c38df0bdfe2bc72bf794b3cd7919bdfb.html,引证码FBMCLI.14.5352353｜行政事务性通知(非规范文本)
584,pkulaw,法规,地方工作文件,惠州市城乡管理和综合执法局无人机图斑信息管理系统采购招标项目中标公告,惠州市城乡管理和综合执法局,,2019-09-16,2019-09-16,现行有效,,否,pkulaw\raw_pdf\北大法宝地方法规201-250\惠州市城乡管理和综合执法局无人机图斑信息管理系统采购招标项目中标公告(FBMCLI.14.5977191).pdf,https://www.pkulaw.com/lar/28f1c83ef8ba99674b6535515e9e3b80bdfb.html,引证码FBMCLI.14.5977191｜未知位阶/无条文:地方工作文件
585,pkulaw,法规,地方工作文件,贵阳市人民防空办公室关于做好无人机驾驶员合格证换证的通知,贵阳市人民防空办公室,,2019-09-12,2019-09-12,现行有效,,否,pkulaw\raw_pdf\北大法宝地方法规201-250\贵阳市人民防空办公室关于做好无人机驾驶员合格证换证的通知(FBMCLI.14.3873231).pdf,https://www.pkulaw.com/lar/049906f6b3df9a4aadf5e48ad51c2b16bdfb.html,引证码FBMCLI.14.3873231｜未知位阶/无条文:地方工作文件
586,pkulaw,法规,地方工作文件,河北省文物局关于全省部分重要田野文物无人机安全巡查工作方案的批复,河北省文物局,,2019-08-19,2019-08-19,现行有效,,否,pkulaw\raw_pdf\北大法宝地方法规201-250\河北省文物局关于全省部分重要田野文物无人机安全巡查工作方案的批复(FBMCLI.14.3213909).pdf,https://www.pkulaw.com/lar/e5ad0a97ec25bd740a2787f5ddfd377abdfb.html,引证码FBMCLI.14.3213909｜行政事务性通知(非规范文本)
587,pkulaw,法规,地方工作文件,哈尔滨市人民政府关于哈尔滨银行2019哈尔滨国际马拉松赛事期间对无人机等飞行物实行临时管控有关事宜的通告,哈尔滨市人民政府,哈政规〔2019〕15号,2019-08-09,2019-08-09,废止或失效,,否,pkulaw\raw_pdf\北大法宝地方法规201-250\哈尔滨市人民政府关于哈尔滨银行2019哈尔滨国际马拉松赛事期间对无人机等飞行物实行临时管控有关事宜的通告(FBMCLI.14.1535309).pdf,https://www.pkulaw.com/lar/6a753b92e5cc95bb2c9b09dfa097fccfbdfb.html,引证码FBMCLI.14.1535309｜未知位阶/无条文:地方工作文件
588,pkulaw,法规,地方工作文件,浙江省农业农村厅关于公布2019年第三批农机购置补贴产品、中央农机新产品、省级农机补贴产品和植保无人机补贴试点产品信息表的通告,浙江省农业农村厅,,2019-07-22,2019-07-22,现行有效,,否,pkulaw\raw_pdf\北大法宝地方法规201-250\浙江省农业农村厅关于公布2019年第三批农机购置补贴产品、中央农机新产品、省级农机补贴产品和植保无人机补贴试点产品信息表的通告(FBMCLI.14.2535915).pdf,https://www.pkulaw.com/lar/d81d982ef00c782d43662dec7cb180d5bdfb.html,引证码FBMCLI.14.2535915｜有附件｜未知位阶/无条文:地方工作文件
589,pkulaw,法规,地方工作文件,辽宁省农业农村厅对省政协十二届二次会议第12020495号关于加快推进市省植保无人机购置补贴的提案的答复,辽宁省农业农村厅,辽农提[2019]65号,2019-06-04,2019-06-04,现行有效,,否,pkulaw\raw_pdf\北大法宝地方法规201-250\辽宁省农业农村厅对省政协十二届二次会议第12020495号关于加快推进市省植保无人机购置补贴的提案的答复(FBMCLI.14.5267883).pdf,https://www.pkulaw.com/lar/9bcff80dbab9781afa7512168819bf91bdfb.html,引证码FBMCLI.14.5267883｜未知位阶/无条文:地方工作文件
590,pkulaw,法规,地方工作文件,贵阳市公安交通管理局关于2019年数博会无人机表演期间的临时交通管制通告,贵阳市公安交通管理局,,2019-05-27,2019-05-27,现行有效,,否,pkulaw\raw_pdf\北大法宝地方法规201-250\贵阳市公安交通管理局关于2019年数博会无人机表演期间的临时交通管制通告(FBMCLI.14.3870611).pdf,https://www.pkulaw.com/lar/53dc24f2bff2483c78b0fb68145df0b2bdfb.html,引证码FBMCLI.14.3870611｜未知位阶/无条文:地方工作文件
591,pkulaw,法规,地方工作文件,浙江省农业农村厅关于公布2019年第二批农机购置补贴产品、中央农机新产品、省级农机补贴产品和植保无人机补贴试点产品信息表的通告,浙江省农业农村厅,,2019-05-24,2019-05-24,现行有效,,否,pkulaw\raw_pdf\北大法宝地方法规201-250\浙江省农业农村厅关于公布2019年第二批农机购置补贴产品、中央农机新产品、省级农机补贴产品和植保无人机补贴试点产品信息表的通告(FBMCLI.14.2535916).pdf,https://www.pkulaw.com/lar/bb7c2f296a195afa1a3e33ac60d2b72bbdfb.html,引证码FBMCLI.14.2535916｜有附件｜未知位阶/无条文:地方工作文件
592,pkulaw,法规,地方工作文件,浙江省农业农村厅办公室关于公布2019年第一批农机购置补贴产品、中央农机新产品、省级农机补贴产品和植保无人机补贴试点产品...,浙江省农业农村厅,,2019-04-29,2019-04-29,现行有效,,否,pkulaw\raw_pdf\北大法宝地方法规201-250\浙江省农业农村厅办公室关于公布2019年第一批农机购置补贴产品、中央农机新产品、省级农机补贴产品和植保无人机补贴试点产品...(FBMCLI.14.1517213).pdf,https://www.pkulaw.com/lar/fa1faa190b27bda3dafe963419753b6bbdfb.html,引证码FBMCLI.14.1517213｜有附件｜未知位阶/无条文:地方工作文件
593,pkulaw,法规,地方工作文件,浙江省农业农村厅关于公布《2018―2020年浙江省农机购置补贴产品补贴额一览表(2019年调整)》和《2018―2020年中央农机新产品...,浙江省农业农村厅,,2019-04-17,2019-04-17,现行有效,,否,pkulaw\raw_pdf\北大法宝地方法规201-250\浙江省农业农村厅关于公布《2018―2020年浙江省农机购置补贴产品补贴额一览表(2019年调整)》和《2018―2020年中央农机新产品...(FBMCLI.14.1516154).pdf,https://www.pkulaw.com/lar/32202d0f6dfaa0e77393ade665aa8a7cbdfb.html,引证码FBMCLI.14.1516154｜有附件｜未知位阶/无条文:地方工作文件
594,pkulaw,法规,地方工作文件,浙江省农业农村厅关于报送2019年农机购置补贴产品、中央农机新产品、省级农机补贴产品和植保无人机补贴试点产品归档信息的通告,浙江省农业农村厅,,2019-04-17,2019-04-17,现行有效,,否,pkulaw\raw_pdf\北大法宝地方法规201-250\浙江省农业农村厅关于报送2019年农机购置补贴产品、中央农机新产品、省级农机补贴产品和植保无人机补贴试点产品归档信息的通告(FBMCLI.14.1516141).pdf,https://www.pkulaw.com/lar/28ccadaed66b74ed7cf1d87dba88dbc0bdfb.html,引证码FBMCLI.14.1516141｜有附件｜未知位阶/无条文:地方工作文件
595,pkulaw,法规,地方工作文件,江苏省农业农村厅关于报送植保无人机规范应用试点备案表的通知,江苏省农业农村厅,,2019-04-12,2019-04-12,现行有效,,否,pkulaw\raw_pdf\北大法宝地方法规201-250\江苏省农业农村厅关于报送植保无人机规范应用试点备案表的通知(FBMCLI.14.7098545).pdf,https://www.pkulaw.com/lar/132e1270a3ae3386d4df6e6eac1f8bc7bdfb.html,引证码FBMCLI.14.7098545｜有附件｜未知位阶/无条文:地方工作文件
596,pkulaw,法规,地方工作文件,沈阳市农业农村局关于市政协十五届二次会议第0136号提案(关于加快推进我市植保无人机购置补贴的提案)的答复,沈阳市农业农村局,,2019-04-09,2019-04-09,现行有效,,否,pkulaw\raw_pdf\北大法宝地方法规201-250\沈阳市农业农村局关于市政协十五届二次会议第0136号提案(关于加快推进我市植保无人机购置补贴的提案)的答复(FBMCLI.14.2421758).pdf,https://www.pkulaw.com/lar/d0eeba25f137c61878c2efe4d737f684bdfb.html,引证码FBMCLI.14.2421758｜有附件｜未知位阶/无条文:地方工作文件
597,pkulaw,法规,地方工作文件,成都市经济和信息化局关于开展成都市通用航空(含无人机)企业调研工作的通知,成都市经济和信息化局,,2019-02-12,2019-02-12,现行有效,,否,pkulaw\raw_pdf\北大法宝地方法规201-250\成都市经济和信息化局关于开展成都市通用航空(含无人机)企业调研工作的通知(FBMCLI.14.6306008).pdf,https://www.pkulaw.com/lar/ed0ccc58e31e2d810378994186d14ec5bdfb.html,引证码FBMCLI.14.6306008｜有附件｜未知位阶/无条文:地方工作文件
598,pkulaw,法规,地方工作文件,连云港市体育局关于举办首届连云港市青少年无人机飞行挑战赛的通知,连云港市体育局,连体竞〔2019〕17号,,2019,现行有效,,否,pkulaw\raw_pdf\北大法宝地方法规201-250\连云港市体育局关于举办首届连云港市青少年无人机飞行挑战赛的通知(FBMCLI.14.8988820).pdf,https://www.pkulaw.com/lar/ef91c235630233b28948569fa02add04bdfb.html,引证码FBMCLI.14.8988820｜未知位阶/无条文:地方工作文件
599,pkulaw,法规,地方工作文件,海口市城市管理委员会关于做好2019年元宵节无人机表演活动期间市容秩序保障工作的通知,海口市城市管理委员会,海城管委发〔2019〕43号,,2019,现行有效,,否,pkulaw\raw_pdf\北大法宝地方法规201-250\海口市城市管理委员会关于做好2019年元宵节无人机表演活动期间市容秩序保障工作的通知(FBMCLI.14.6259020).pdf,https://www.pkulaw.com/lar/9db06d5e38712f43f5647d56a4a98763bdfb.html,引证码FBMCLI.14.6259020｜未知位阶/无条文:地方工作文件
600,pkulaw,法规,地方工作文件,江苏省农业农村厅关于江苏省植保无人机补贴产品信息的公告,江苏省农业农村厅,江苏省农业农村厅公告2018年第16号,2018-12-20,2018-12-20,现行有效,,否,pkulaw\raw_pdf\北大法宝地方法规201-250\江苏省农业农村厅关于江苏省植保无人机补贴产品信息的公告(FBMCLI.14.7098229).pdf,https://www.pkulaw.com/lar/07f7958810327bdfb5e7a978272e6f5cbdfb.html,引证码FBMCLI.14.7098229｜有附件｜未知位阶/无条文:地方工作文件
601,pkulaw,法规,地方工作文件,无锡市环境监察局关于移动执法装备(无人机)项目中标公告,无锡市环境监察局,,2018-12-18,2018-12-18,现行有效,,否,pkulaw\raw_pdf\北大法宝地方法规201-250\无锡市环境监察局关于移动执法装备(无人机)项目中标公告(FBMCLI.14.2457956).pdf,https://www.pkulaw.com/lar/aaee977941f70e488cee0ea9cb094e40bdfb.html,引证码FBMCLI.14.2457956｜未知位阶/无条文:地方工作文件
602,pkulaw,法规,地方工作文件,淄博市农业机械管理局关于举办全市农机补贴廉政教育暨农机新产品植保无人机购置补贴试点培训班的通知,淄博市农业机械管理局,淄农机计财字[2018]25号,2018-12-11,2018-12-11,现行有效,,否,pkulaw\raw_pdf\北大法宝地方法规201-250\淄博市农业机械管理局关于举办全市农机补贴廉政教育暨农机新产品植保无人机购置补贴试点培训班的通知(FBMCLI.14.3866324).pdf,https://www.pkulaw.com/lar/3e5270c2330ad9987150388c9991174dbdfb.html,引证码FBMCLI.14.3866324｜有附件｜行政事务性通知(非规范文本)
603,pkulaw,法规,地方工作文件,山东省农业农村厅关于山东省农机新产品和植保无人机归档信息的补充公告,山东省农业农村厅,,2018-12-11,2018-12-11,现行有效,,否,pkulaw\raw_pdf\北大法宝地方法规201-250\山东省农业农村厅关于山东省农机新产品和植保无人机归档信息的补充公告(FBMCLI.14.1499103).pdf,https://www.pkulaw.com/lar/44745203d213de93bca8e77d9976b35abdfb.html,引证码FBMCLI.14.1499103｜未知位阶/无条文:地方工作文件
604,pkulaw,法规,地方工作文件,江苏省农业农村厅办公室关于补充公示江苏省2018年第二批农机购置补贴产品和植保无人机企业自主投档信息的通知,江苏省农业农村厅,,2018-12-10,2018-12-10,现行有效,,否,pkulaw\raw_pdf\北大法宝地方法规201-250\江苏省农业农村厅办公室关于补充公示江苏省2018年第二批农机购置补贴产品和植保无人机企业自主投档信息的通知(FBMCLI.14.6892386).pdf,https://www.pkulaw.com/lar/8a82be231582c6c6377024525215fb04bdfb.html,引证码FBMCLI.14.6892386｜有附件｜未知位阶/无条文:地方工作文件
605,pkulaw,法规,地方工作文件,贵港市人民政府关于在自治区成立60周年系列庆祝活动期间禁飞无人机等“低慢小”飞行物的通告,贵港市人民政府,贵政通[2018]61号,2018-12-07,2018-12-07,现行有效,,否,pkulaw\raw_pdf\北大法宝地方法规201-250\贵港市人民政府关于在自治区成立60周年系列庆祝活动期间禁飞无人机等“低慢小”飞行物的通告(FBMCLI.14.3961523).pdf,https://www.pkulaw.com/lar/59df960206cd78b2b6566e59d7dcf554bdfb.html,引证码FBMCLI.14.3961523｜未知位阶/无条文:地方工作文件
606,pkulaw,法规,地方工作文件,钦州市人民政府关于在自治区成立60周年系列庆祝活动期间禁止无人机等“低慢小”航空器升空飞行的通告,钦州市人民政府,钦政规〔2018〕2号,2018-12-06,2018-12-06,现行有效,,否,pkulaw\raw_pdf\北大法宝地方法规201-250\钦州市人民政府关于在自治区成立60周年系列庆祝活动期间禁止无人机等“低慢小”航空器升空飞行的通告(FBMCLI.14.1510177).pdf,https://www.pkulaw.com/lar/57cbd5534ed8b65ff12c3625efca075fbdfb.html,引证码FBMCLI.14.1510177｜未知位阶/无条文:地方工作文件
607,pkulaw,法规,地方工作文件,山东省农业农村厅关于山东省农机新产品和植保无人机购置补贴试点归档信息的公告,山东省农业农村厅,,2018-12-03,2018-12-03,现行有效,,否,pkulaw\raw_pdf\北大法宝地方法规201-250\山东省农业农村厅关于山东省农机新产品和植保无人机购置补贴试点归档信息的公告(FBMCLI.14.1499104).pdf,https://www.pkulaw.com/lar/9435550aa278d4407cdde0ce9c5a84e7bdfb.html,引证码FBMCLI.14.1499104｜未知位阶/无条文:地方工作文件
608,pkulaw,法规,地方工作文件,苏州市民政局关于准予“苏州市民用无人机协会”登记的批复,苏州市民政局,苏政民管〔2018〕86号,2018-11-27,2018-11-27,现行有效,,否,pkulaw\raw_pdf\北大法宝地方法规201-250\苏州市民政局关于准予“苏州市民用无人机协会”登记的批复(FBMCLI.14.2496474).pdf,https://www.pkulaw.com/lar/bc3b675e3285157323b9de77b24d2878bdfb.html,引证码FBMCLI.14.2496474｜行政事务性通知(非规范文本)
609,pkulaw,法规,地方工作文件,贵阳市科学技术局(市知识产权局)关于采购无人机及运动相机等物资的比选公告,贵阳市科学技术局,,2018-11-19,2018-11-19,现行有效,,否,pkulaw\raw_pdf\北大法宝地方法规201-250\贵阳市科学技术局(市知识产权局)关于采购无人机及运动相机等物资的比选公告(FBMCLI.14.6235303).pdf,https://www.pkulaw.com/lar/9558399cad493e7d00364e655a68fb64bdfb.html,引证码FBMCLI.14.6235303｜未知位阶/无条文:地方工作文件
610,pkulaw,法规,地方工作文件,江苏省学位委员会办公室关于公布首届江苏省研究生无人机科研创新实践大赛获奖名单的通知,江苏省学位委员会,苏学位办〔2018〕48号,2018-10-31,2018-10-31,现行有效,,否,pkulaw\raw_pdf\北大法宝地方法规201-250\江苏省学位委员会办公室关于公布首届江苏省研究生无人机科研创新实践大赛获奖名单的通知(FBMCLI.14.5005428).pdf,https://www.pkulaw.com/lar/058295385b08b7c845c48af605c4aa94bdfb.html,引证码FBMCLI.14.5005428｜有附件｜行政事务性通知(非规范文本)
611,pkulaw,法规,地方工作文件,湖南省水库移民开发管理局关于举办移民植保无人机飞手培训班的通知,湖南省水库移民开发管理局,,2018-10-29,2018-10-29,现行有效,,否,pkulaw\raw_pdf\北大法宝地方法规201-250\湖南省水库移民开发管理局关于举办移民植保无人机飞手培训班的通知(FBMCLI.14.2167293).pdf,https://www.pkulaw.com/lar/da0939d80221a06890e27eea41f5b8e8bdfb.html,引证码FBMCLI.14.2167293｜有附件｜行政事务性通知(非规范文本)
612,pkulaw,法规,地方工作文件,苏州市人民政府关于加强首届中国国际进口博览会期间无人机等“低慢小”航空器安全管理的通告,苏州市人民政府,苏府通〔2018〕75号,2018-10-26,2018-10-26,现行有效,,否,pkulaw\raw_pdf\北大法宝地方法规201-250\苏州市人民政府关于加强首届中国国际进口博览会期间无人机等“低慢小”航空器安全管理的通告(FBMCLI.14.2317305).pdf,https://www.pkulaw.com/lar/80148ebfeac0d1f70c2e4c015d76ca70bdfb.html,引证码FBMCLI.14.2317305｜未知位阶/无条文:地方工作文件
613,pkulaw,法规,地方工作文件,江西省农机局关于暂停广州天翔航空科技有限公司植保无人机产品补贴办理流程的通知,江西省农机局,赣农机综〔2018〕58号,2018-09-30,2018-09-30,现行有效,,否,pkulaw\raw_pdf\北大法宝地方法规201-250\江西省农机局关于暂停广州天翔航空科技有限公司植保无人机产品补贴办理流程的通知(FBMCLI.14.2213323).pdf,https://www.pkulaw.com/lar/4d5aca9dea234a7c3ca7224176e37f02bdfb.html,引证码FBMCLI.14.2213323｜未知位阶/无条文:地方工作文件
614,pkulaw,法规,地方工作文件,宁夏回族自治区公安厅关于对无人机等“低慢小”飞行器管制的通告,宁夏回族自治区公安厅,,2018-09-18,2018-09-18,现行有效,,否,pkulaw\raw_pdf\北大法宝地方法规201-250\宁夏回族自治区公安厅关于对无人机等“低慢小”飞行器管制的通告(FBMCLI.14.4018236).pdf,https://www.pkulaw.com/lar/d22dc41a87b2ef33be9565963d15aca9bdfb.html,引证码FBMCLI.14.4018236｜未知位阶/无条文:地方工作文件
615,pkulaw,法规,地方工作文件,东莞市民政局关于同意成立东莞市无人机协会的函,东莞市民政局,,2018-08-24,2018-08-24,现行有效,,否,pkulaw\raw_pdf\北大法宝地方法规201-250\东莞市民政局关于同意成立东莞市无人机协会的函(FBMCLI.14.1615848).pdf,https://www.pkulaw.com/lar/2aba5940dae91487f1a97712e340fc8fbdfb.html,引证码FBMCLI.14.1615848｜未知位阶/无条文:地方工作文件
616,pkulaw,法规,地方工作文件,哈尔滨市人民政府关于哈尔滨银行2018哈尔滨国际马拉松赛事期间对无人机等飞行物实行临时管控有关事宜的通告,哈尔滨市人民政府,哈政规〔2018〕19号,2018-08-23,2018-08-26,废止或失效,,否,pkulaw\raw_pdf\北大法宝地方法规201-250\哈尔滨市人民政府关于哈尔滨银行2018哈尔滨国际马拉松赛事期间对无人机等飞行物实行临时管控有关事宜的通告(FBMCLI.14.1473438).pdf,https://www.pkulaw.com/lar/d311eb5f73646c974622689f23477839bdfb.html,引证码FBMCLI.14.1473438｜未知位阶/无条文:地方工作文件
617,pkulaw,法规,地方工作文件,中山市农业科技推广中心关于公布“植保无人机水稻病虫防治服务”试验评审结果的通知,中山市农业科技推广中心,,2018-08-22,2018-08-22,现行有效,,否,pkulaw\raw_pdf\北大法宝地方法规201-250\中山市农业科技推广中心关于公布“植保无人机水稻病虫防治服务”试验评审结果的通知(FBMCLI.14.5876660).pdf,https://www.pkulaw.com/lar/2ca7bbd1394d41947f0635c4bd88f6c3bdfb.html,引证码FBMCLI.14.5876660｜未知位阶/无条文:地方工作文件
618,pkulaw,法规,地方工作文件,中山市农业科技推广中心关于开展无人机应用验证试验的通知,中山市农业科技推广中心,,2018-08-22,2018-08-22,现行有效,,否,pkulaw\raw_pdf\北大法宝地方法规201-250\中山市农业科技推广中心关于开展无人机应用验证试验的通知(FBMCLI.14.5876661).pdf,https://www.pkulaw.com/lar/49733d9237ecea99a5f2f382628e9d57bdfb.html,引证码FBMCLI.14.5876661｜有附件｜未知位阶/无条文:地方工作文件
619,pkulaw,法规,地方工作文件,惠州市城市管理行政执法局关于公开无人机全域飞行工作项目市场价格评估公司选取结果的公告,惠州市城市管理行政执法局,,2018-08-17,2018-08-17,现行有效,,否,pkulaw\raw_pdf\北大法宝地方法规201-250\惠州市城市管理行政执法局关于公开无人机全域飞行工作项目市场价格评估公司选取结果的公告(FBMCLI.14.5977229).pdf,https://www.pkulaw.com/lar/41d20ebfd849757ccadf41147d52b992bdfb.html,引证码FBMCLI.14.5977229｜未知位阶/无条文:地方工作文件
620,pkulaw,法规,地方工作文件,惠州市城市管理行政执法局关于公开选取有评估无人机全域飞行工作项目所需费用资质公司的公告,惠州市城市管理行政执法局,,2018-08-13,2018-08-13,现行有效,,否,pkulaw\raw_pdf\北大法宝地方法规201-250\惠州市城市管理行政执法局关于公开选取有评估无人机全域飞行工作项目所需费用资质公司的公告(FBMCLI.14.5977230).pdf,https://www.pkulaw.com/lar/1249f237c08210b0bb4fa99384da90fdbdfb.html,引证码FBMCLI.14.5977230｜未知位阶/无条文:地方工作文件
621,pkulaw,法规,地方工作文件,成都市民政局关于成都市无人机产业协会申请成立登记的批复,成都市民政局,成民审〔2018〕225号,2018-08-10,2018-08-10,现行有效,,否,pkulaw\raw_pdf\北大法宝地方法规201-250\成都市民政局关于成都市无人机产业协会申请成立登记的批复(FBMCLI.14.6313539).pdf,https://www.pkulaw.com/lar/eaad226786dbbc2470e8df74841787e3bdfb.html,引证码FBMCLI.14.6313539｜行政事务性通知(非规范文本)
622,pkulaw,法规,地方工作文件,衡阳市公安局关于在湖南省第十三届省运会、第十届残运会期间严禁无人机等“低慢小”飞行物飞行的公告,衡阳市公安局,,2018-08-02,2018-08-02,现行有效,,否,pkulaw\raw_pdf\北大法宝地方法规201-250\衡阳市公安局关于在湖南省第十三届省运会、第十届残运会期间严禁无人机等“低慢小”飞行物飞行的公告(FBMCLI.14.1619669).pdf,https://www.pkulaw.com/lar/edb67c084e6401aa4dc1ccfe29fb9ef0bdfb.html,引证码FBMCLI.14.1619669｜未知位阶/无条文:地方工作文件
623,pkulaw,法规,地方工作文件,陕西省环境保护厅关于西安爱生无人机技术有限公司申请射线装置实施豁免管理的复函,陕西省环境保护厅,陕环辐射函〔2018〕61号,2018-07-17,2018-07-17,现行有效,,否,pkulaw\raw_pdf\北大法宝地方法规251-179\陕西省环境保护厅关于西安爱生无人机技术有限公司申请射线装置实施豁免管理的复函(FBMCLI.14.2588350).pdf,https://www.pkulaw.com/lar/9778bfb36fd2a927fdc6189f2a63d984bdfb.html,引证码FBMCLI.14.2588350｜未知位阶/无条文:地方工作文件
624,pkulaw,法规,地方工作文件,江苏省学位委员会办公室关于举办首届江苏省研究生无人机科研创新实践大赛的通知,江苏省学位委员会,苏学位办〔2018〕24号,2018-06-25,2018-06-25,现行有效,,否,pkulaw\raw_pdf\北大法宝地方法规251-179\江苏省学位委员会办公室关于举办首届江苏省研究生无人机科研创新实践大赛的通知(FBMCLI.14.5005591).pdf,https://www.pkulaw.com/lar/4aeb13eac5cb68465464d5386f518f7bbdfb.html,引证码FBMCLI.14.5005591｜有附件｜未知位阶/无条文:地方工作文件
625,pkulaw,法规,地方工作文件,南宁市测绘地理信息局关于报送无人机测绘航空摄影相关情况的函,南宁市测绘地理信息局,,2018-06-20,2018-06-20,现行有效,,否,pkulaw\raw_pdf\北大法宝地方法规251-179\南宁市测绘地理信息局关于报送无人机测绘航空摄影相关情况的函(FBMCLI.14.6253467).pdf,https://www.pkulaw.com/lar/03bf9b389f442f76a5413e651d18858abdfb.html,引证码FBMCLI.14.6253467｜有附件｜未知位阶/无条文:地方工作文件
626,pkulaw,法规,地方工作文件,浙江省农业厅关于举办浙江省首届农用无人机操作技能大赛的通知,浙江省农业厅,,2018-06-08,2018-06-08,现行有效,,否,pkulaw\raw_pdf\北大法宝地方法规251-179\浙江省农业厅关于举办浙江省首届农用无人机操作技能大赛的通知(FBMCLI.14.2521859).pdf,https://www.pkulaw.com/lar/16539aaca7c22b19565681bfbd611f33bdfb.html,引证码FBMCLI.14.2521859｜有附件｜未知位阶/无条文:地方工作文件
627,pkulaw,法规,地方工作文件,中山市农业科技推广中心关于开展2018年“植保无人机水稻病虫防治服务”试验的通知,中山市农业科技推广中心,,2018-05-22,2018-05-22,现行有效,,否,pkulaw\raw_pdf\北大法宝地方法规251-179\中山市农业科技推广中心关于开展2018年“植保无人机水稻病虫防治服务”试验的通知(FBMCLI.14.5876674).pdf,https://www.pkulaw.com/lar/da1e5abf980b09acf41fbb2685667fc5bdfb.html,引证码FBMCLI.14.5876674｜有附件｜未知位阶/无条文:地方工作文件
628,pkulaw,法规,地方工作文件,成都市科学技术局关于《关于大力发展成都市无人机产业的建议》协办意见的函,成都市科学技术局,,2018-04-25,2018-04-25,现行有效,,否,pkulaw\raw_pdf\北大法宝地方法规251-179\成都市科学技术局关于《关于大力发展成都市无人机产业的建议》协办意见的函(FBMCLI.14.6311328).pdf,https://www.pkulaw.com/lar/cac6d0ea1e9bc729842127159d115d8ebdfb.html,引证码FBMCLI.14.6311328｜未知位阶/无条文:地方工作文件
629,pkulaw,法规,地方工作文件,东营市人民政府办公室关于成立无人机飞行校验系统飞行测试专项工作领导小组的通知,东营市人民政府,东政办字〔2018〕26号,2018-03-22,2018-03-22,现行有效,,否,pkulaw\raw_pdf\北大法宝地方法规251-179\东营市人民政府办公室关于成立无人机飞行校验系统飞行测试专项工作领导小组的通知(FBMCLI.14.2245300).pdf,https://www.pkulaw.com/lar/c56d93c7bd9bc74949bbacfc7e407b82bdfb.html,引证码FBMCLI.14.2245300｜未知位阶/无条文:地方工作文件
630,pkulaw,法规,地方工作文件,珠海市海洋农业和水务局关于印发珠海市农用无人机统防统治植保作业补贴方案的通知,珠海市海洋农业和水务局(原市海洋农渔和水务局),,2018-01-16,2018-01-16,废止或失效,,否,pkulaw\raw_pdf\北大法宝地方法规251-179\珠海市海洋农业和水务局关于印发珠海市农用无人机统防统治植保作业补贴方案的通知(FBMCLI.14.1543297).pdf,https://www.pkulaw.com/lar/e9e6ae474eec6bddc2e00e588339a120bdfb.html,引证码FBMCLI.14.1543297｜有附件｜未知位阶/无条文:地方工作文件
631,pkulaw,法规,地方工作文件,成都市经济和信息化委员会关于开展成都市无人机企业摸底工作的通知,成都市经济和信息化委员会,,2018-01-12,2018-01-12,现行有效,,否,pkulaw\raw_pdf\北大法宝地方法规251-179\成都市经济和信息化委员会关于开展成都市无人机企业摸底工作的通知(FBMCLI.14.6306423).pdf,https://www.pkulaw.com/lar/32b6e14be99d553850cb227dfe8f5bdabdfb.html,引证码FBMCLI.14.6306423｜有附件｜未知位阶/无条文:地方工作文件
632,pkulaw,法规,地方工作文件,绵阳市经济和信息化委员会关于开展无人机企业调研的通知,绵阳市经济和信息化委员会,绵经信重〔2018〕19号,2018-01-11,2018-01-11,现行有效,,否,pkulaw\raw_pdf\北大法宝地方法规251-179\绵阳市经济和信息化委员会关于开展无人机企业调研的通知(FBMCLI.14.9977614).pdf,https://www.pkulaw.com/lar/6cd8bfad0e5a4622bba3c3ca9d6e9dc6bdfb.html,引证码FBMCLI.14.9977614｜有附件｜未知位阶/无条文:地方工作文件
633,pkulaw,法规,地方工作文件,襄阳市公安局关于2017襄阳马拉松期间无人机等飞行物管控的通告,襄阳市公安局,,2017-10-24,2017-10-24,现行有效,,否,pkulaw\raw_pdf\北大法宝地方法规251-179\襄阳市公安局关于2017襄阳马拉松期间无人机等飞行物管控的通告(FBMCLI.14.6734740).pdf,https://www.pkulaw.com/lar/5ec4a3f6ed2301bda6a7c6cd9d5e18a2bdfb.html,引证码FBMCLI.14.6734740｜未知位阶/无条文:地方工作文件
634,pkulaw,法规,地方工作文件,哈尔滨市人民政府关于哈尔滨银行2017哈尔滨国际马拉松赛事期间对无人机等飞行物实行临时管控有关事宜的通告,哈尔滨市人民政府,哈政规〔2017〕36号,2017-08-25,2017-08-25,现行有效,,否,pkulaw\raw_pdf\北大法宝地方法规251-179\哈尔滨市人民政府关于哈尔滨银行2017哈尔滨国际马拉松赛事期间对无人机等飞行物实行临时管控有关事宜的通告(FBMCLI.14.4760573).pdf,https://www.pkulaw.com/lar/24aae0bc220e8e79a28d1f2cc4184e79bdfb.html,引证码FBMCLI.14.4760573｜未知位阶/无条文:地方工作文件
635,pkulaw,法规,地方工作文件,资源县公安局关于资源漂流世界杯赛事期间对无人机实行管控的通告,资源县公安局,,2017-08-15,2017-08-15,现行有效,,否,pkulaw\raw_pdf\北大法宝地方法规251-179\资源县公安局关于资源漂流世界杯赛事期间对无人机实行管控的通告(FBMCLI.14.4141487).pdf,https://www.pkulaw.com/lar/a35903a4f5cfa0d8a79ef80b3e1067b4bdfb.html,引证码FBMCLI.14.4141487｜未知位阶/无条文:地方工作文件
636,pkulaw,法规,地方工作文件,东海县人民政府办公室关于成立连云港白塔埠机场无人机暨净空保护联防联控工作领导小组的通知,东海县人民政府,东政办发〔2017〕60号,2017-07-17,2017-07-17,现行有效,,否,pkulaw\raw_pdf\北大法宝地方法规251-179\东海县人民政府办公室关于成立连云港白塔埠机场无人机暨净空保护联防联控工作领导小组的通知(FBMCLI.14.7968286).pdf,https://www.pkulaw.com/lar/c94c5c4e7f8246823ce853ef788412efbdfb.html,引证码FBMCLI.14.7968286｜未知位阶/无条文:地方工作文件
637,pkulaw,法规,地方工作文件,广东省公安厅关于加强无人机等“低慢小”航空器安全管理的通告,广东省公安厅,粤公通字〔2017〕118号,2017-06-23,2017-08-01,废止或失效,,否,pkulaw\raw_pdf\北大法宝地方法规251-179\广东省公安厅关于加强无人机等“低慢小”航空器安全管理的通告(FBMCLI.14.1606070).pdf,https://www.pkulaw.com/lar/90bd8e323059ff55270c49d684bb216abdfb.html,引证码FBMCLI.14.1606070｜未知位阶/无条文:地方工作文件
638,pkulaw,法规,地方工作文件,曲靖市人民政府办公室关于全面加强无人机等低慢小飞行器管理工作的通知,曲靖市人民政府,曲府办明电〔2017〕56号,2017-05-22,2017-05-22,现行有效,,否,pkulaw\raw_pdf\北大法宝地方法规251-179\曲靖市人民政府办公室关于全面加强无人机等低慢小飞行器管理工作的通知(FBMCLI.14.6899786).pdf,https://www.pkulaw.com/lar/9f88c7166a1058f3e0776440f2350d0fbdfb.html,引证码FBMCLI.14.6899786｜有附件｜未知位阶/无条文:地方工作文件
639,pkulaw,法规,地方工作文件,福建省新闻出版广电局关于同意国产故事影片《无人机》变更第一出品单位申请的批复,福建省新闻出版广电局,闽新广[2017]266号,2017-05-02,2017-05-02,现行有效,,否,pkulaw\raw_pdf\北大法宝地方法规251-179\福建省新闻出版广电局关于同意国产故事影片《无人机》变更第一出品单位申请的批复(FBMCLI.14.3681552).pdf,https://www.pkulaw.com/lar/9cf282ff43985962553a095fde0259f0bdfb.html,引证码FBMCLI.14.3681552｜行政事务性通知(非规范文本)
640,pkulaw,法规,地方工作文件,福建省林业厅关于林业无人机应用业务需求调查统计的通知,福建省林业厅,闽林航护[2017]1号,2017-02-17,2017-02-17,现行有效,,否,pkulaw\raw_pdf\北大法宝地方法规251-179\福建省林业厅关于林业无人机应用业务需求调查统计的通知(FBMCLI.14.3705849).pdf,https://www.pkulaw.com/lar/8e91378cf0d488b9f0b126d82374ff56bdfb.html,引证码FBMCLI.14.3705849｜有附件｜未知位阶/无条文:地方工作文件
641,pkulaw,法规,地方工作文件,2017年中央电视台春节联欢晚会桂林分会场无人机等“低慢小”飞行器管制通告,桂林市公安局,,2017-01-10,2017-01-10,现行有效,,否,pkulaw\raw_pdf\北大法宝地方法规251-179\2017年中央电视台春节联欢晚会桂林分会场无人机等“低慢小”飞行器管制通告(FBMCLI.14.2205067).pdf,https://www.pkulaw.com/lar/f0fd85e2935c52bb57aa50579c6a022ebdfb.html,引证码FBMCLI.14.2205067｜未知位阶/无条文:地方工作文件
642,pkulaw,法规,地方工作文件,惠州市民政局关于同意成立惠州市三航无人机技术研究院的批复,惠州市民政局,惠民社〔2016〕99号,2016-11-18,2016-11-18,现行有效,,否,pkulaw\raw_pdf\北大法宝地方法规251-179\惠州市民政局关于同意成立惠州市三航无人机技术研究院的批复(FBMCLI.14.5805863).pdf,https://www.pkulaw.com/lar/c7f137bfbf190b61cc20467ed82ebb42bdfb.html,引证码FBMCLI.14.5805863｜行政事务性通知(非规范文本)
643,pkulaw,法规,地方工作文件,成都市文化广电新闻出版局关于无人机采购项目的比选公告,成都市文化广电新闻出版局,,2016-11-16,2016-11-16,现行有效,,否,pkulaw\raw_pdf\北大法宝地方法规251-179\成都市文化广电新闻出版局关于无人机采购项目的比选公告(FBMCLI.14.6349977).pdf,https://www.pkulaw.com/lar/e12a3ea57e6d3da79b29f77adf5fffd8bdfb.html,引证码FBMCLI.14.6349977｜未知位阶/无条文:地方工作文件
644,pkulaw,法规,地方工作文件,重庆市科学技术委员会关于申报重庆市重点产业共性关键技术创新专项“大载荷工业级多旋翼无人机产业共性关键技术创新”主题专...,重庆市科学技术局(原重庆市科学技术委员会),,2016-10-31,2016-10-31,现行有效,,否,pkulaw\raw_pdf\北大法宝地方法规251-179\重庆市科学技术委员会关于申报重庆市重点产业共性关键技术创新专项“大载荷工业级多旋翼无人机产业共性关键技术创新”主题专...(FBMCLI.14.1978918).pdf,https://www.pkulaw.com/lar/26325313abcc0604f86f655af757361bbdfb.html,引证码FBMCLI.14.1978918｜有附件｜未知位阶/无条文:地方工作文件
645,pkulaw,法规,地方工作文件,成都市科学技术局关于《大力宣传推广植保无人机应用助力现代农业发展的建议》协办意见的函,成都市科学技术局,,2016-09-23,2016-09-23,现行有效,,否,pkulaw\raw_pdf\北大法宝地方法规251-179\成都市科学技术局关于《大力宣传推广植保无人机应用助力现代农业发展的建议》协办意见的函(FBMCLI.14.6311404).pdf,https://www.pkulaw.com/lar/9625dac30fbc8f0da6e3d936322e2654bdfb.html,引证码FBMCLI.14.6311404｜未知位阶/无条文:地方工作文件
646,pkulaw,法规,地方工作文件,宁波市安全生产监督管理局关于采购无人机的通知,宁波市安全生产监督管理局,,2016-09-05,2016-09-05,现行有效,,否,pkulaw\raw_pdf\北大法宝地方法规251-179\宁波市安全生产监督管理局关于采购无人机的通知(FBMCLI.14.2252543).pdf,https://www.pkulaw.com/lar/96c82f64dbd2b39fa901c72cb4f670f1bdfb.html,引证码FBMCLI.14.2252543｜未知位阶/无条文:地方工作文件
647,pkulaw,法规,地方工作文件,盘锦市人民政府关于印发《盘锦市无人机产业发展规划》的通知,盘锦市人民政府,盘政发〔2016〕29号,2016-06-20,2016-06-20,废止或失效,,否,pkulaw\raw_pdf\北大法宝地方法规251-179\盘锦市人民政府关于印发《盘锦市无人机产业发展规划》的通知(FBMCLI.14.1198346).pdf,https://www.pkulaw.com/lar/996a60ed3aa4b79e485ecc40ea8bdd88bdfb.html,引证码FBMCLI.14.1198346｜有附件｜未知位阶/无条文:地方工作文件
648,pkulaw,法规,地方工作文件,金华市金东区人民政府关于推进金东区智能制造(无人机)产业园建设相关意见(试行),金华市金东区人民政府,金区政〔2016〕29号,2016-04-18,2016-05-01,废止或失效,,否,pkulaw\raw_pdf\北大法宝地方法规251-179\金华市金东区人民政府关于推进金东区智能制造(无人机)产业园建设相关意见(试行)(FBMCLI.14.4860784).pdf,https://www.pkulaw.com/lar/2e91825b9bc05bcab49f41d2824d2490bdfb.html,引证码FBMCLI.14.4860784｜未知位阶/无条文:地方工作文件
649,pkulaw,法规,地方工作文件,临汾市人民政府办公厅关于加强无人机飞行安全监管确保机场飞行安全的通知,临汾市人民政府,临政办函〔2016〕9号,2016-02-22,2016-02-22,现行有效,,否,pkulaw\raw_pdf\北大法宝地方法规251-179\临汾市人民政府办公厅关于加强无人机飞行安全监管确保机场飞行安全的通知(FBMCLI.14.1693271).pdf,https://www.pkulaw.com/lar/50dd34afb336c6671b3252ad07d56638bdfb.html,引证码FBMCLI.14.1693271｜未知位阶/无条文:地方工作文件
650,pkulaw,法规,地方工作文件,北京市科学技术委员会关于征集无人机领域2015年北京市科技计划项目(课题)的通知,北京市科学技术委员会,,2014-06-27,2014-06-27,现行有效,,否,pkulaw\raw_pdf\北大法宝地方法规251-179\北京市科学技术委员会关于征集无人机领域2015年北京市科技计划项目(课题)的通知(FBMCLI.14.7196935).pdf,https://www.pkulaw.com/lar/0856d6b56c43ee5add88a454e4c10943bdfb.html,引证码FBMCLI.14.7196935｜有附件｜行政事务性通知(非规范文本)
651,pkulaw,法规,地方工作文件,南昌市发展和改革委员会关于同意江西洪都航空工业集团有限责任公司导弹 无人机制造中心建设项目备案的通知,南昌市发展和改革委员会,洪发改行备字〔2014〕69号,2014-05-30,2014-05-30,现行有效,,否,pkulaw\raw_pdf\北大法宝地方法规251-179\南昌市发展和改革委员会关于同意江西洪都航空工业集团有限责任公司导弹 无人机制造中心建设项目备案的通知(FBMCLI.14.906178).pdf,https://www.pkulaw.com/lar/842a54f7f43261bf01a775789698a77cbdfb.html,引证码FBMCLI.14.906178｜未知位阶/无条文:地方工作文件
652,pkulaw,法规,地方工作文件,大连市人民政府关于对无人机等“低慢小”航空器及空飘物实施临时管控的通告,大连市人民政府,大政发〔2025〕9号,2025-05-09,2025-05-09,现行有效,,否,pkulaw\raw_pdf\北大法宝地方法规51-100\大连市人民政府关于对无人机等“低慢小”航空器及空飘物实施临时管控的通告(FBMCLI.14.8730594).pdf,https://www.pkulaw.com/lar/2d54eac220e27f791c014e2f1fc918bcbdfb.html,引证码FBMCLI.14.8730594｜有附件｜未知位阶/无条文:地方工作文件
653,pkulaw,法规,地方工作文件,北京市东城区职业技能鉴定管理中心关于领取北京市第六届职业技能大赛无人机装调检修、工业视觉系统运维员竞赛职业技能等级证...,北京市东城区其他机构,,2025-05-09,2025-05-09,现行有效,,否,pkulaw\raw_pdf\北大法宝地方法规51-100\北京市东城区职业技能鉴定管理中心关于领取北京市第六届职业技能大赛无人机装调检修、工业视觉系统运维员竞赛职业技能等级证...(FBMCLI.14.8735556).pdf,https://www.pkulaw.com/lar/670276be146c0c1bb4806586d6081863bdfb.html,引证码FBMCLI.14.8735556｜有附件｜行政事务性通知(非规范文本)
654,pkulaw,法规,地方工作文件,绍兴市住房和城乡建设局关于开展2025年度绍兴市无人机测绘操控员培训的通知,绍兴市住房和城乡建设局,,2025-05-07,2025-05-07,现行有效,,否,pkulaw\raw_pdf\北大法宝地方法规51-100\绍兴市住房和城乡建设局关于开展2025年度绍兴市无人机测绘操控员培训的通知(FBMCLI.14.9309390).pdf,https://www.pkulaw.com/lar/87da10bd55dd74f3e3af5b62a2b8267ebdfb.html,引证码FBMCLI.14.9309390｜有附件｜未知位阶/无条文:地方工作文件
655,pkulaw,法规,地方工作文件,南昌市教育局关于开展南昌市青少年航空航天模型及无人机教育竞赛通知,南昌市教育局,,2025-03-28,2025-03-28,现行有效,,否,pkulaw\raw_pdf\北大法宝地方法规51-100\南昌市教育局关于开展南昌市青少年航空航天模型及无人机教育竞赛通知(FBMCLI.14.8696434).pdf,https://www.pkulaw.com/lar/fd274204a1a3a9c7e03205c7a70654aabdfb.html,引证码FBMCLI.14.8696434｜有附件｜行政事务性通知(非规范文本)
656,pkulaw,法规,地方工作文件,丽水市人民政府关于2025丽水马拉松无人机等“低慢小”飞行物管制的通告,丽水市人民政府,丽政通〔2025〕3号,2025-03-26,2025-03-26,现行有效,,否,pkulaw\raw_pdf\北大法宝地方法规51-100\丽水市人民政府关于2025丽水马拉松无人机等“低慢小”飞行物管制的通告(FBMCLI.14.8682094).pdf,https://www.pkulaw.com/lar/9c273ebca23c6c7a109a007a92cefacabdfb.html,引证码FBMCLI.14.8682094｜有附件｜未知位阶/无条文:地方工作文件
657,pkulaw,法规,地方工作文件,淮南市人民政府关于禁止无人机等航空器飞行的通告,淮南市人民政府,淮府秘〔2025〕20号,2025-03-25,2025-03-25,现行有效,,否,pkulaw\raw_pdf\北大法宝地方法规51-100\淮南市人民政府关于禁止无人机等航空器飞行的通告(FBMCLI.14.8692184).pdf,https://www.pkulaw.com/lar/08f9233d34609a1430dc57f0e1fb0575bdfb.html,引证码FBMCLI.14.8692184｜未知位阶/无条文:地方工作文件
658,pkulaw,法规,地方工作文件,黔西南州人民政府关于2025万峰林警察半程马拉松期间无人机等航空器飞行临时管控的通告,黔西南布依族苗族自治州人民政府,,2025-03-21,2025-03-21,现行有效,,否,pkulaw\raw_pdf\北大法宝地方法规51-100\黔西南州人民政府关于2025万峰林警察半程马拉松期间无人机等航空器飞行临时管控的通告(FBMCLI.14.9428832).pdf,https://www.pkulaw.com/lar/c85e8010848467347ddfd8b81be3ca7fbdfb.html,引证码FBMCLI.14.9428832｜未知位阶/无条文:地方工作文件
659,pkulaw,法规,地方工作文件,青海省农牧机械推广总站关于开展植保无人机高原性能试验的通告,青海省农牧机械推广总站,青农机推鉴〔2025〕11号,2025-03-17,2025-03-17,现行有效,,否,pkulaw\raw_pdf\北大法宝地方法规51-100\青海省农牧机械推广总站关于开展植保无人机高原性能试验的通告(FBMCLI.14.8630721).pdf,https://www.pkulaw.com/lar/9c8082c85d666b876f219a7ccacfdc5ebdfb.html,引证码FBMCLI.14.8630721｜有附件｜未知位阶/无条文:地方工作文件
660,pkulaw,法规,地方工作文件,珠海市人力资源和社会保障局、珠海市总工会关于公布2024年广东省无人机应用技职业技能大赛珠海市选拔赛暨珠海首届职工无人机...,珠海市人力资源和社会保障局 珠海市总工会,,2025-03-12,2025-03-12,现行有效,,否,pkulaw\raw_pdf\北大法宝地方法规51-100\珠海市人力资源和社会保障局、珠海市总工会关于公布2024年广东省无人机应用技职业技能大赛珠海市选拔赛暨珠海首届职工无人机...(FBMCLI.14.8804674).pdf,https://www.pkulaw.com/lar/5d901bd275000722c1d5ae3405331996bdfb.html,引证码FBMCLI.14.8804674｜有附件｜行政事务性通知(非规范文本)
661,pkulaw,法规,地方工作文件,四川省科学技术厅关于征集无人机高空救援技术方案的通知,四川省科学技术厅,,2025-03-10,2025-03-10,现行有效,,否,pkulaw\raw_pdf\北大法宝地方法规51-100\四川省科学技术厅关于征集无人机高空救援技术方案的通知(FBMCLI.14.8620033).pdf,https://www.pkulaw.com/lar/65f3702d6a3710d0dfda9c161a90a7febdfb.html,引证码FBMCLI.14.8620033｜有附件｜行政事务性通知(非规范文本)
662,pkulaw,法规,地方工作文件,沧州市人民政府关于加强对无人机等“低慢小”航空器和空飘物管控的通告,沧州市人民政府,沧政告〔2025〕1号,2025-02-28,2025-02-28,现行有效,,否,pkulaw\raw_pdf\北大法宝地方法规51-100\沧州市人民政府关于加强对无人机等“低慢小”航空器和空飘物管控的通告(FBMCLI.14.8610487).pdf,https://www.pkulaw.com/lar/1a6057f208db193b1a15da4dbf442482bdfb.html,引证码FBMCLI.14.8610487｜未知位阶/无条文:地方工作文件
663,pkulaw,法规,地方工作文件,人大代表建议及办理情况(第 J024 号【关于探索出台农用无人机规范化使用及意外保险政策的建议】),嘉善县人民政府,,,2025,现行有效,,否,pkulaw\raw_pdf\北大法宝地方法规51-100\人大代表建议及办理情况(第 J024 号【关于探索出台农用无人机规范化使用及意外保险政策的建议】)(FBMCLI.14.9145056).pdf,https://www.pkulaw.com/lar/4e39019165e28e7540cb6fee23a23df0bdfb.html,引证码FBMCLI.14.9145056｜未知位阶/无条文:地方工作文件
664,pkulaw,法规,地方工作文件,2025年北京市无人机产品质量监督抽查实施细则,北京市市场监督管理局,,,2025,现行有效,,否,pkulaw\raw_pdf\北大法宝地方法规51-100\2025年北京市无人机产品质量监督抽查实施细则(FBMCLI.14.9534859).pdf,https://www.pkulaw.com/lar/f095ab6f3a44e80fe39cbbd13d148ffcbdfb.html,引证码FBMCLI.14.9534859｜未知位阶/无条文:地方工作文件
665,pkulaw,法规,地方工作文件,黄山市人民政府关于对无人机等“低慢小”航空器飞行实施临时管控的通告,黄山市人民政府,黄政秘〔2024〕34号,2024-12-27,2024-12-27,现行有效,,否,pkulaw\raw_pdf\北大法宝地方法规51-100\黄山市人民政府关于对无人机等“低慢小”航空器飞行实施临时管控的通告(FBMCLI.14.9283975).pdf,https://www.pkulaw.com/lar/515a7bc3ba96e345e5cd81178d5517d6bdfb.html,引证码FBMCLI.14.9283975｜未知位阶/无条文:地方工作文件
666,pkulaw,法规,地方工作文件,海口市科学技术工业信息化局关于遴选2024年大型晚会无人机反制服务机构的邀请函,海口市科学技术工业信息化局,,2024-12-10,2024-12-10,现行有效,,否,pkulaw\raw_pdf\北大法宝地方法规51-100\海口市科学技术工业信息化局关于遴选2024年大型晚会无人机反制服务机构的邀请函(FBMCLI.14.8191569).pdf,https://www.pkulaw.com/lar/affd20184feabbc487236e3e1672d13bbdfb.html,引证码FBMCLI.14.8191569｜未知位阶/无条文:地方工作文件
667,pkulaw,法规,地方工作文件,重庆市体育局关于举办重庆市首届青少年无人机大赛暨青少年航空科技创新活动的通知,重庆市体育局,,2024-12-05,2024-12-05,现行有效,,否,pkulaw\raw_pdf\北大法宝地方法规51-100\重庆市体育局关于举办重庆市首届青少年无人机大赛暨青少年航空科技创新活动的通知(FBMCLI.14.8053244).pdf,https://www.pkulaw.com/lar/449e7073d501523349ac6e55fea989b5bdfb.html,引证码FBMCLI.14.8053244｜有附件｜未知位阶/无条文:地方工作文件
668,pkulaw,法规,地方工作文件,淮南市人民政府关于禁止无人机等航空器飞行的通告,淮南市人民政府,淮府秘〔2024〕119号,2024-12-04,2024-12-04,现行有效,,否,pkulaw\raw_pdf\北大法宝地方法规51-100\淮南市人民政府关于禁止无人机等航空器飞行的通告(FBMCLI.14.8454356).pdf,https://www.pkulaw.com/lar/7769ce1dce9135237a9f296dbdb60bddbdfb.html,引证码FBMCLI.14.8454356｜未知位阶/无条文:地方工作文件
669,pkulaw,法规,地方工作文件,珠海市人民政府、广东省人民政府横琴粤澳深度合作区工作办公室关于重大活动期间禁飞无人机等“低慢小”飞行物的公告,珠海市人民政府 广东省人民政府横琴粤澳深度合作区工作办公室,珠府〔2024〕105号,2024-11-30,2024-11-30,现行有效,,否,pkulaw\raw_pdf\北大法宝地方法规51-100\珠海市人民政府、广东省人民政府横琴粤澳深度合作区工作办公室关于重大活动期间禁飞无人机等“低慢小”飞行物的公告(FBMCLI.14.8046852).pdf,https://www.pkulaw.com/lar/bec9d76b961657f7853757598d590296bdfb.html,引证码FBMCLI.14.8046852｜未知位阶/无条文:地方工作文件
670,pkulaw,法规,地方工作文件,上海市体育局关于举办2025年世界无人机足球锦标赛的批复,上海市体育局,沪体赛〔2024〕164号,2024-11-29,2024-11-29,现行有效,,否,pkulaw\raw_pdf\北大法宝地方法规51-100\上海市体育局关于举办2025年世界无人机足球锦标赛的批复(FBMCLI.14.8188093).pdf,https://www.pkulaw.com/lar/0b4e8dd6d5824c1e24375cf41e2d1117bdfb.html,引证码FBMCLI.14.8188093｜行政事务性通知(非规范文本)
671,pkulaw,法规,地方工作文件,深圳市知识产权局关于举办2024年第四期知识产权质押融资入园惠企(罗湖无人机专场)活动的通知,深圳市知识产权局,,2024-11-06,2024-11-06,现行有效,,否,pkulaw\raw_pdf\北大法宝地方法规51-100\深圳市知识产权局关于举办2024年第四期知识产权质押融资入园惠企(罗湖无人机专场)活动的通知(FBMCLI.14.8821988).pdf,https://www.pkulaw.com/lar/c5e9e26f4f9fd50f7692a435fa304425bdfb.html,引证码FBMCLI.14.8821988｜有附件｜未知位阶/无条文:地方工作文件
672,pkulaw,法规,地方工作文件,溧阳市公安局、溧阳市文体广电和旅游局关于2024天目湖马拉松举办期间对无人机等“低慢小”航空器禁飞的通告,溧阳市公安局 溧阳市文体广电和旅游局,,2024-11-02,2024-11-02,现行有效,,否,pkulaw\raw_pdf\北大法宝地方法规51-100\溧阳市公安局、溧阳市文体广电和旅游局关于2024天目湖马拉松举办期间对无人机等“低慢小”航空器禁飞的通告(FBMCLI.14.7955949).pdf,https://www.pkulaw.com/lar/bdd651d20f3222ababc369272c88ced9bdfb.html,引证码FBMCLI.14.7955949｜未知位阶/无条文:地方工作文件
673,pkulaw,法规,地方工作文件,南昌市人民政府关于2024年南昌飞行大会城市宣传飞行活动期间禁止无人机等航空器在相关区域飞行的公告,南昌市人民政府,洪府函〔2024〕152号,2024-10-28,2024-10-28,现行有效,,否,pkulaw\raw_pdf\北大法宝地方法规51-100\南昌市人民政府关于2024年南昌飞行大会城市宣传飞行活动期间禁止无人机等航空器在相关区域飞行的公告(FBMCLI.14.7918261).pdf,https://www.pkulaw.com/lar/b6a0b0b70cfbc78242ccaa425ad17467bdfb.html,引证码FBMCLI.14.7918261｜未知位阶/无条文:地方工作文件
674,pkulaw,法规,地方工作文件,南昌市教育局关于举办南昌市青少年无人机大赛的通知,南昌市教育局,,2024-10-28,2024-10-28,现行有效,,否,pkulaw\raw_pdf\北大法宝地方法规51-100\南昌市教育局关于举办南昌市青少年无人机大赛的通知(FBMCLI.14.7931895).pdf,https://www.pkulaw.com/lar/5fa38e24bcd29482d2bd1103bc8fbc7ebdfb.html,引证码FBMCLI.14.7931895｜有附件｜未知位阶/无条文:地方工作文件
675,pkulaw,法规,地方工作文件,上海市人民政府关于加强第七届中国国际进口博览会期间无人机等“低慢小”航空器安全管理的通告,上海市人民政府,沪府规〔2024〕10号,2024-09-30,2024-09-30,现行有效,,否,pkulaw\raw_pdf\北大法宝地方法规51-100\上海市人民政府关于加强第七届中国国际进口博览会期间无人机等“低慢小”航空器安全管理的通告(FBMCLI.14.7840377).pdf,https://www.pkulaw.com/lar/04293e4f64f8e42b1deedc2a9f6f794dbdfb.html,引证码FBMCLI.14.7840377｜未知位阶/无条文:地方工作文件
676,pkulaw,法规,地方工作文件,黄山市人民政府关于对无人机等“低慢小”航空器实施临时管制的通告,黄山市人民政府,黄政秘〔2024〕24号,2024-09-25,2024-09-26,现行有效,,否,pkulaw\raw_pdf\北大法宝地方法规51-100\黄山市人民政府关于对无人机等“低慢小”航空器实施临时管制的通告(FBMCLI.14.9284129).pdf,https://www.pkulaw.com/lar/3a9f63f2b55e6e8ca208a4ea01a6490dbdfb.html,引证码FBMCLI.14.9284129｜未知位阶/无条文:地方工作文件
677,pkulaw,法规,地方工作文件,重庆市供销合作总社、重庆市总工会关于举办庆祝农民丰收节暨首届农用无人机驾驶员劳动和技能竞赛的通知,重庆市供销合作总社 重庆市总工会,渝供发〔2024〕18号,2024-09-20,2024-09-20,现行有效,,否,pkulaw\raw_pdf\北大法宝地方法规51-100\重庆市供销合作总社、重庆市总工会关于举办庆祝农民丰收节暨首届农用无人机驾驶员劳动和技能竞赛的通知(FBMCLI.14.7937748).pdf,https://www.pkulaw.com/lar/312d36ee90ae9d8708395b64d29213f9bdfb.html,引证码FBMCLI.14.7937748｜有附件｜行政事务性通知(非规范文本)
678,pkulaw,法规,地方工作文件,舟山市普陀区人民政府办公室关于印发普陀区无人机政务服务体系建设实施方案的通知,舟山市普陀区人民政府,舟普政办〔2024〕46号,2024-09-12,2024-09-12,现行有效,,否,pkulaw\raw_pdf\北大法宝地方法规51-100\舟山市普陀区人民政府办公室关于印发普陀区无人机政务服务体系建设实施方案的通知(FBMCLI.14.8281465).pdf,https://www.pkulaw.com/lar/703846ebee32319b99be376a144725ccbdfb.html,引证码FBMCLI.14.8281465｜未知位阶/无条文:地方工作文件
679,pkulaw,法规,地方工作文件,深圳市人力资源和社会保障局关于组织开展2024年广东省无人机应用技术职业技能大赛深圳选拔赛报名工作的通知,深圳市人力资源和社会保障局,,2024-09-05,2024-09-05,现行有效,,否,pkulaw\raw_pdf\北大法宝地方法规51-100\深圳市人力资源和社会保障局关于组织开展2024年广东省无人机应用技术职业技能大赛深圳选拔赛报名工作的通知(FBMCLI.14.7731844).pdf,https://www.pkulaw.com/lar/e8915ee5c797a57b650528a40f6e6139bdfb.html,引证码FBMCLI.14.7731844｜有附件｜行政事务性通知(非规范文本)
680,pkulaw,法规,地方工作文件,珠海市人力资源和社会保障局、珠海市总工会关于举办2024年广东省无人机应用技术职业技能大赛珠海市选拔赛的通知,珠海市人力资源和社会保障局 珠海市总工会,珠人社函〔2024〕32号,2024-08-27,2024-08-27,现行有效,,否,pkulaw\raw_pdf\北大法宝地方法规51-100\珠海市人力资源和社会保障局、珠海市总工会关于举办2024年广东省无人机应用技术职业技能大赛珠海市选拔赛的通知(FBMCLI.14.8848916).pdf,https://www.pkulaw.com/lar/6bdaa1ad349a66bdce70ade2cc1646b9bdfb.html,引证码FBMCLI.14.8848916｜有附件｜行政事务性通知(非规范文本)
681,pkulaw,法规,地方工作文件,淮南市人民政府关于禁止无人机等航空器飞行的通告,淮南市人民政府,淮府秘〔2024〕70号,2024-08-21,2024-08-21,现行有效,,否,pkulaw\raw_pdf\北大法宝地方法规51-100\淮南市人民政府关于禁止无人机等航空器飞行的通告(FBMCLI.14.8454381).pdf,https://www.pkulaw.com/lar/559e3bce7354fcc9a6a54ea8b0397665bdfb.html,引证码FBMCLI.14.8454381｜未知位阶/无条文:地方工作文件
682,pkulaw,法规,地方工作文件,广州市人力资源和社会保障局关于印发《2024年广东省无人机应用技术职业技能大赛广州市选拔集训和参赛工作实施方案》的通知,广州市人力资源和社会保障局,,2024-08-21,2024-08-21,现行有效,,否,pkulaw\raw_pdf\北大法宝地方法规51-100\广州市人力资源和社会保障局关于印发《2024年广东省无人机应用技术职业技能大赛广州市选拔集训和参赛工作实施方案》的通知(FBMCLI.14.7721013).pdf,https://www.pkulaw.com/lar/81543c49c10ffafcd2bfc64a34d7a8e8bdfb.html,引证码FBMCLI.14.7721013｜有附件｜行政事务性通知(非规范文本)
683,pkulaw,法规,地方工作文件,海盐县农业农村局、海盐县财政局关于印发《海盐县家庭农场地方特色保险农机具综合保险增设参保对象“农用无人机”实施方案》的通知,海盐县农业农村局 海盐县财政局,盐农〔2024〕68号,2024-07-09,2024-08-09,现行有效,,否,pkulaw\raw_pdf\北大法宝地方法规51-100\海盐县农业农村局、海盐县财政局关于印发《海盐县家庭农场地方特色保险农机具综合保险增设参保对象“农用无人机”实施方案》的通知(FBMCLI.14.8185621).pdf,https://www.pkulaw.com/lar/74020e34cafb6fb1283e2791ad6c6788bdfb.html,引证码FBMCLI.14.8185621｜有附件｜未知位阶/无条文:地方工作文件
684,pkulaw,法规,地方工作文件,深圳市公安局交通警察局关于举办第八届全国青少年无人机大赛广东省赛及系列活动调整交通组织的通告,深圳市公安局交通警察局,,2024-06-27,2024-06-27,现行有效,,否,pkulaw\raw_pdf\北大法宝地方法规51-100\深圳市公安局交通警察局关于举办第八届全国青少年无人机大赛广东省赛及系列活动调整交通组织的通告(FBMCLI.14.7573515).pdf,https://www.pkulaw.com/lar/3d1fc45484c0da394c6c6fb5cadc32b8bdfb.html,引证码FBMCLI.14.7573515｜未知位阶/无条文:地方工作文件
685,pkulaw,法规,地方工作文件,辽宁省人力资源和社会保障厅、辽宁省工业和信息化厅关于印发《辽宁省工程系列无人机科学与工程专业职称评审标准》的通知(202...,辽宁省人力资源和社会保障厅 辽宁省工业和信息化厅(原辽宁省工业和信息化委员会),辽人社职〔2024〕35号,2024-06-19,2024-06-19,现行有效,,否,pkulaw\raw_pdf\北大法宝地方法规51-100\辽宁省人力资源和社会保障厅、辽宁省工业和信息化厅关于印发《辽宁省工程系列无人机科学与工程专业职称评审标准》的通知(202...(FBMCLI.14.7568267).pdf,https://www.pkulaw.com/lar/3a6b2c1ea2ddaa1145535634ef9b471ebdfb.html,引证码FBMCLI.14.7568267｜未知位阶/无条文:地方工作文件
686,pkulaw,法规,地方工作文件,银川市人民政府关于加强对无人机等“低慢小”航空器管理的通告,银川市人民政府,,2024-06-18,2024-06-18,现行有效,,否,pkulaw\raw_pdf\北大法宝地方法规51-100\银川市人民政府关于加强对无人机等“低慢小”航空器管理的通告(FBMCLI.14.7560583).pdf,https://www.pkulaw.com/lar/7b7abfba21889d0dc135103428840549bdfb.html,引证码FBMCLI.14.7560583｜未知位阶/无条文:地方工作文件
687,pkulaw,法规,地方工作文件,大连市人民政府关于“2024夏季达沃斯论坛”期间对无人机等“低慢小”航空器及空飘物实施临时管控的通告,大连市人民政府,大政发〔2024〕14号,2024-06-17,2024-06-17,现行有效,,否,pkulaw\raw_pdf\北大法宝地方法规51-100\大连市人民政府关于“2024夏季达沃斯论坛”期间对无人机等“低慢小”航空器及空飘物实施临时管控的通告(FBMCLI.14.7669893).pdf,https://www.pkulaw.com/lar/d0b59163b7a311cbb2b04804cfe3e34dbdfb.html,引证码FBMCLI.14.7669893｜未知位阶/无条文:地方工作文件
688,pkulaw,法规,地方工作文件,淮南市人民政府关于2024年高考中考期间无人机等“低慢小”航空器临时禁飞的通告,淮南市人民政府,,2024-06-05,2024-06-05,现行有效,,否,pkulaw\raw_pdf\北大法宝地方法规51-100\淮南市人民政府关于2024年高考中考期间无人机等“低慢小”航空器临时禁飞的通告(FBMCLI.14.8575353).pdf,https://www.pkulaw.com/lar/2a8b70d21e1efef101557661a892a52abdfb.html,引证码FBMCLI.14.8575353｜未知位阶/无条文:地方工作文件
689,pkulaw,法规,地方工作文件,南昌市教育局关于举办第八届全国青少年无人机大赛南昌市赛的通知,南昌市教育局,,2024-05-28,2024-05-28,现行有效,,否,pkulaw\raw_pdf\北大法宝地方法规51-100\南昌市教育局关于举办第八届全国青少年无人机大赛南昌市赛的通知(FBMCLI.14.7521647).pdf,https://www.pkulaw.com/lar/d98d82c3139d9edd00dee45351810706bdfb.html,引证码FBMCLI.14.7521647｜有附件｜未知位阶/无条文:地方工作文件
690,pkulaw,法规,地方工作文件,银川市人民政府关于对无人机等“低慢小”飞行器管制的通告,银川市人民政府,,2024-05-16,2024-05-16,现行有效,,否,pkulaw\raw_pdf\北大法宝地方法规51-100\银川市人民政府关于对无人机等“低慢小”飞行器管制的通告(FBMCLI.14.8045160).pdf,https://www.pkulaw.com/lar/6f14178ba43b171888f964335b414032bdfb.html,引证码FBMCLI.14.8045160｜未知位阶/无条文:地方工作文件
691,pkulaw,法规,地方工作文件,大连市人民政府关于对无人机等“低慢小”航空器及空飘物实施临时管控的通告,大连市人民政府,大政发〔2024〕9号,2024-05-15,2024-05-17,现行有效,,否,pkulaw\raw_pdf\北大法宝地方法规51-100\大连市人民政府关于对无人机等“低慢小”航空器及空飘物实施临时管控的通告(FBMCLI.14.7492632).pdf,https://www.pkulaw.com/lar/d71c2796d67252d12fdd0c55615574f6bdfb.html,引证码FBMCLI.14.7492632｜未知位阶/无条文:地方工作文件
692,pkulaw,法规,地方工作文件,西藏自治区应急管理厅关于组织开展航空应急项目无人机能力实地测试的通知,西藏自治区应急管理厅,,2024-05-11,2024-05-11,现行有效,,否,pkulaw\raw_pdf\北大法宝地方法规51-100\西藏自治区应急管理厅关于组织开展航空应急项目无人机能力实地测试的通知(FBMCLI.14.7479910).pdf,https://www.pkulaw.com/lar/564ea6d13d01ffdc531966b55c44ead6bdfb.html,引证码FBMCLI.14.7479910｜有附件｜未知位阶/无条文:地方工作文件
693,pkulaw,法规,地方工作文件,青海省应急管理厅关于开展自然灾害应急能力提升工程航空应急项目高原型无人机实地测试的通知,青海省应急管理厅,,2024-05-11,2024-05-11,现行有效,,否,pkulaw\raw_pdf\北大法宝地方法规51-100\青海省应急管理厅关于开展自然灾害应急能力提升工程航空应急项目高原型无人机实地测试的通知(FBMCLI.14.8584576).pdf,https://www.pkulaw.com/lar/6c7a2eb0c007b403cf7e22d0140a61cdbdfb.html,引证码FBMCLI.14.8584576｜有附件｜未知位阶/无条文:地方工作文件
694,pkulaw,法规,地方工作文件,广东省政务服务数据管理局关于再次公开征集政务领域无人机服务资源的公告,广东省政务服务数据管理局,,2024-05-10,2024-05-10,现行有效,,否,pkulaw\raw_pdf\北大法宝地方法规51-100\广东省政务服务数据管理局关于再次公开征集政务领域无人机服务资源的公告(FBMCLI.14.7558794).pdf,https://www.pkulaw.com/lar/157c3483992c5dd494f468f1d86f45ddbdfb.html,引证码FBMCLI.14.7558794｜行政事务性通知(非规范文本)
695,pkulaw,法规,地方工作文件,重庆市体育局关于印发《“奔跑吧少年”“中国体育彩票”第十三届重庆市青少年纸折模型和无人机比赛竞赛规程》的通知,重庆市体育局,,2024-04-30,2024-04-30,现行有效,,否,pkulaw\raw_pdf\北大法宝地方法规51-100\重庆市体育局关于印发《“奔跑吧少年”“中国体育彩票”第十三届重庆市青少年纸折模型和无人机比赛竞赛规程》的通知(FBMCLI.14.7473857).pdf,https://www.pkulaw.com/lar/f5e6076a7dd1327eb1cbe1cec1a7e940bdfb.html,引证码FBMCLI.14.7473857｜有附件｜行政事务性通知(非规范文本)
696,pkulaw,法规,地方工作文件,陕西省地理信息产业协会关于征集全省无人机典型应用场景的通知,陕西省地理信息产业协会,陕信产协〔2024〕10号,2024-04-26,2024-04-26,现行有效,,否,pkulaw\raw_pdf\北大法宝地方法规51-100\陕西省地理信息产业协会关于征集全省无人机典型应用场景的通知(FBMCLI.14.7470087).pdf,https://www.pkulaw.com/lar/798a063b0cff4c4e2d45bc5688297d2dbdfb.html,引证码FBMCLI.14.7470087｜行政事务性通知(非规范文本)
697,pkulaw,法规,地方工作文件,山东省工业和信息化厅关于公布山东省无人机典型应用场景和重点产品(第一批)的通知,山东省工业和信息化厅,,2024-04-25,2024-04-25,现行有效,,否,pkulaw\raw_pdf\北大法宝地方法规51-100\山东省工业和信息化厅关于公布山东省无人机典型应用场景和重点产品(第一批)的通知(FBMCLI.14.8588892).pdf,https://www.pkulaw.com/lar/4f012172737ac2627b5ceb6043f652d0bdfb.html,引证码FBMCLI.14.8588892｜有附件｜未知位阶/无条文:地方工作文件
698,pkulaw,法规,地方工作文件,天津市应急管理局关于组织开展天津市应急航空项目(无人机)能力实地测试的通知,天津市应急管理局,,2024-04-19,2024-04-19,现行有效,,否,pkulaw\raw_pdf\北大法宝地方法规51-100\天津市应急管理局关于组织开展天津市应急航空项目(无人机)能力实地测试的通知(FBMCLI.14.7457288).pdf,https://www.pkulaw.com/lar/207b1b0a482625b6c3f00298853259b6bdfb.html,引证码FBMCLI.14.7457288｜有附件｜未知位阶/无条文:地方工作文件
699,pkulaw,法规,地方工作文件,山东省工业和信息化厅关于召开山东省无人机产业链创新发展会议的通知,山东省工业和信息化厅,,2024-04-15,2024-04-15,现行有效,,否,pkulaw\raw_pdf\北大法宝地方法规51-100\山东省工业和信息化厅关于召开山东省无人机产业链创新发展会议的通知(FBMCLI.14.8589572).pdf,https://www.pkulaw.com/lar/1961da20e9dac5e29b407769202f3527bdfb.html,引证码FBMCLI.14.8589572｜有附件｜未知位阶/无条文:地方工作文件
700,pkulaw,法规,地方工作文件,丽水市人民政府关于景宁畲族自治县成立四十周年庆祝活动期间禁止无人机等“低慢小”航空器在相关区域飞行的通告,丽水市人民政府,丽政通〔2024〕3号,2024-04-03,2024-04-03,现行有效,,否,pkulaw\raw_pdf\北大法宝地方法规51-100\丽水市人民政府关于景宁畲族自治县成立四十周年庆祝活动期间禁止无人机等“低慢小”航空器在相关区域飞行的通告(FBMCLI.14.7445565).pdf,https://www.pkulaw.com/lar/7b1983c101d96862f650200c9416dfa7bdfb.html,引证码FBMCLI.14.7445565｜有附件｜未知位阶/无条文:地方工作文件
701,pkulaw,法规,地方工作文件,丽水市人民政府关于2024丽水马拉松无人机管制通告,丽水市人民政府,丽政通〔2024〕2号,2024-03-22,2024-03-22,现行有效,,否,pkulaw\raw_pdf\北大法宝地方法规51-100\丽水市人民政府关于2024丽水马拉松无人机管制通告(FBMCLI.14.7435657).pdf,https://www.pkulaw.com/lar/ade106e5ebee334aab9e7af86aeeafabbdfb.html,引证码FBMCLI.14.7435657｜有附件｜未知位阶/无条文:地方工作文件
702,pkulaw,法规,地方规范性文件,上海市人民政府关于加强2026世界人工智能大会暨人工智能全球治理高级别会议期间无人机等“低慢小”航空器安全管理的通告,上海市人民政府,沪府规〔2026〕3号,2026-07-10,2026-07-10,现行有效,,否,pkulaw\raw_pdf\北大法宝地方规范性文件\上海市人民政府关于加强2026世界人工智能大会暨人工智能全球治理高级别会议期间无人机等“低慢小”航空器安全管理的通告(FBMCLI.12.10107304).pdf,https://www.pkulaw.com/lar/e38639ce76880ec213f810c3410264d9bdfb.html,引证码FBMCLI.12.10107304｜规范性文件但非结构化(通知/公告)
703,pkulaw,法规,地方规范性文件,邢台市人民政府关于在全市范围内对无人机等“低慢小”航空器及空飘物实施临时管控的通告,邢台市人民政府,,2026-02-26,2026-02-26,现行有效,,否,pkulaw\raw_pdf\北大法宝地方规范性文件\邢台市人民政府关于在全市范围内对无人机等“低慢小”航空器及空飘物实施临时管控的通告(FBMCLI.12.9676686).pdf,https://www.pkulaw.com/lar/80e6051697723730e8a4951450f9518abdfb.html,引证码FBMCLI.12.9676686｜规范性文件但非结构化(通知/公告)
704,pkulaw,法规,地方规范性文件,乌鲁木齐市人民政府关于对无人机等“低慢小”航空器和空飘物实施管控的通告,乌鲁木齐市人民政府,乌政通〔2025〕1号,2025-09-15,2025-09-15,现行有效,,否,pkulaw\raw_pdf\北大法宝地方规范性文件\乌鲁木齐市人民政府关于对无人机等“低慢小”航空器和空飘物实施管控的通告(FBMCLI.12.9176551).pdf,https://www.pkulaw.com/lar/f79de94e0650308e313cd0b29abb6136bdfb.html,引证码FBMCLI.12.9176551｜规范性文件但非结构化(通知/公告)
705,pkulaw,法规,地方规范性文件,邢台市人民政府关于对无人机等“低慢小”航空器及空飘物实施临时管控的通告,邢台市人民政府,,2025-08-28,2025-08-28,现行有效,,否,pkulaw\raw_pdf\北大法宝地方规范性文件\邢台市人民政府关于对无人机等“低慢小”航空器及空飘物实施临时管控的通告(FBMCLI.12.9154790).pdf,https://www.pkulaw.com/lar/3fbf716fd24db4273019c1e89ff21f96bdfb.html,引证码FBMCLI.12.9154790｜规范性文件但非结构化(通知/公告)
706,pkulaw,法规,地方规范性文件,大兴安岭地区公安局关于加强民用无人机安全管理的通告,大兴安岭地区公安局,,2025-08-08,2025-08-08,现行有效,,否,pkulaw\raw_pdf\北大法宝地方规范性文件\大兴安岭地区公安局关于加强民用无人机安全管理的通告(FBMCLI.12.9070656).pdf,https://www.pkulaw.com/lar/e2e591e34b3f153eb328514418d3e8d3bdfb.html,引证码FBMCLI.12.9070656｜规范性文件但非结构化(通知/公告)
707,pkulaw,法规,地方规范性文件,辽宁省工业和信息化厅、辽宁省公安厅、中国民用航空东北地区管理局关于禁止擅自安装卫星信号干扰器和无人机反制设备的通告,辽宁省工业和信息化厅(原辽宁省工业和信息化委员会) 辽宁省公安厅 中国民用航空东北地区管理,,2025-03-09,2025-03-09,现行有效,,否,pkulaw\raw_pdf\北大法宝地方规范性文件\辽宁省工业和信息化厅、辽宁省公安厅、中国民用航空东北地区管理局关于禁止擅自安装卫星信号干扰器和无人机反制设备的通告(FBMCLI.12.8730623).pdf,https://www.pkulaw.com/lar/6d841a03ad459b55353a7719f3a9b698bdfb.html,引证码FBMCLI.12.8730623｜规范性文件但非结构化(通知/公告)
708,pkulaw,法规,地方规范性文件,崇州市公安局关于2025崇州半程马拉松赛事期间对无人机等“低慢小”航空器进行飞行管控的通告,崇州市其他机构,,2025-03-05,2025-03-05,废止或失效,,否,pkulaw\raw_pdf\北大法宝地方规范性文件\崇州市公安局关于2025崇州半程马拉松赛事期间对无人机等“低慢小”航空器进行飞行管控的通告(FBMCLI.12.9334400).pdf,https://www.pkulaw.com/lar/fa3ac81e6cafdb1560cf7814d3651c5ebdfb.html,引证码FBMCLI.12.9334400｜规范性文件但非结构化(通知/公告)
709,pkulaw,法规,地方规范性文件,兰州市人民政府办公室关于印发《兰州市支持无人机产业发展扶持政策(试行)》的通知,兰州市人民政府,兰政办发〔2024〕102号,2024-07-01,2024-07-01,现行有效,,否,pkulaw\raw_pdf\北大法宝地方规范性文件\兰州市人民政府办公室关于印发《兰州市支持无人机产业发展扶持政策(试行)》的通知(FBMCLI.12.7793985).pdf,https://www.pkulaw.com/lar/f46066561f38f0ac960080971a7d49dbbdfb.html,引证码FBMCLI.12.7793985｜规范性文件但非结构化(通知/公告)
710,pkulaw,法规,地方规范性文件,成都市经济和信息化局、成都市财政局关于印发成都市促进工业无人机产业高质量发展的专项政策的通知,成都市经济和信息化局 成都市财政局,,2023-10-17,2023-11-16,现行有效,,否,pkulaw\raw_pdf\北大法宝地方规范性文件\成都市经济和信息化局、成都市财政局关于印发成都市促进工业无人机产业高质量发展的专项政策的通知(FBMCLI.12.7220326).pdf,https://www.pkulaw.com/lar/a9f4ddfa6b389d8765920e3991799847bdfb.html,引证码FBMCLI.12.7220326｜规范性文件但非结构化(通知/公告)
711,pkulaw,法规,地方规范性文件,重庆市体育局关于印发《第二十四届“飞向北京—飞向太空”全国青少年航空航天模型教育竞赛(重庆选拔赛)暨“奔跑吧·少年”第...,重庆市体育局,,2023-05-21,2023-05-21,现行有效,,否,pkulaw\raw_pdf\北大法宝地方规范性文件\重庆市体育局关于印发《第二十四届“飞向北京—飞向太空”全国青少年航空航天模型教育竞赛(重庆选拔赛)暨“奔跑吧·少年”第...(FBMCLI.12.6943566).pdf,https://www.pkulaw.com/lar/4420f7eacccfc9873d4309a6cd3433fabdfb.html,引证码FBMCLI.12.6943566｜有附件｜行政事务性通知(非规范文本)
712,pkulaw,法规,地方规范性文件,宁波市奉化区人民政府关于同意中国人民财产保险股份有限公司宁波市奉化支公司在奉化区开展政策性农用无人机植保飞机第三者责...,宁波市奉化区人民政府,奉农保办〔2021〕5号,2021-10-29,2021-10-29,现行有效,,否,pkulaw\raw_pdf\北大法宝地方规范性文件\宁波市奉化区人民政府关于同意中国人民财产保险股份有限公司宁波市奉化支公司在奉化区开展政策性农用无人机植保飞机第三者责...(FBMCLI.12.8416463).pdf,https://www.pkulaw.com/lar/86caf205ccede5b12410c49d0cec52a4bdfb.html,引证码FBMCLI.12.8416463｜有附件｜规范性文件但非结构化(通知/公告)
713,pkulaw,法规,地方规范性文件,2019汕头国际马拉松比赛组委会、汕头市公安局关于2019汕头国际马拉松比赛期间对无人机等“低慢小”航空器禁飞的通告,汕头市公安局,,2019-12-10,2019-12-10,现行有效,,否,pkulaw\raw_pdf\北大法宝地方规范性文件\2019汕头国际马拉松比赛组委会、汕头市公安局关于2019汕头国际马拉松比赛期间对无人机等“低慢小”航空器禁飞的通告(FBMCLI.12.1582367).pdf,https://www.pkulaw.com/lar/7f1f82fbd7900f51c35ce186995f33aabdfb.html,引证码FBMCLI.12.1582367｜规范性文件但非结构化(通知/公告)
714,pkulaw,法规,地方规范性文件,上海市人民政府关于加强第二届中国国际进口博览会期间无人机等“低慢小”航空器安全管理的通告,上海市人民政府,沪府规〔2019〕42号,2019-10-25,2019-11-02,废止或失效,,否,pkulaw\raw_pdf\北大法宝地方规范性文件\上海市人民政府关于加强第二届中国国际进口博览会期间无人机等“低慢小”航空器安全管理的通告(FBMCLI.12.1543372).pdf,https://www.pkulaw.com/lar/46e95491ba94319b021a9eaa3505af38bdfb.html,引证码FBMCLI.12.1543372｜规范性文件但非结构化(通知/公告)
715,pkulaw,法规,地方规范性文件,银川市总工会、银川市农业农村局关于2019年银川市首届无人机植保技能竞赛的表彰决定,银川市总工会 银川市农业农村局,银农发〔2019〕163号,2019-09-17,2019-09-17,现行有效,,否,pkulaw\raw_pdf\北大法宝地方规范性文件\银川市总工会、银川市农业农村局关于2019年银川市首届无人机植保技能竞赛的表彰决定(FBMCLI.12.6801990).pdf,https://www.pkulaw.com/lar/fdf656d7988ba69c30fd2e60f74f485bbdfb.html,引证码FBMCLI.12.6801990｜有附件｜行政事务性通知(非规范文本)
716,pkulaw,法规,地方规范性文件,上海市人民政府关于加强首届中国国际进口博览会期间无人机等“低慢小”航空器安全管理的通告,上海市人民政府,沪府规〔2018〕17号,2018-09-29,2018-10-23,废止或失效,,否,pkulaw\raw_pdf\北大法宝地方规范性文件\上海市人民政府关于加强首届中国国际进口博览会期间无人机等“低慢小”航空器安全管理的通告(FBMCLI.12.1476025).pdf,https://www.pkulaw.com/lar/cb57a3c4848d191cc7d84f814f4d5dfabdfb.html,引证码FBMCLI.12.1476025｜规范性文件但非结构化(通知/公告)
717,pkulaw,法规,地方规范性文件,东兴市国土海洋局关于印发《东兴市国土海洋局无人机管理使用制度》的通知,东兴市国土海洋局,东国土海洋发[2018]35号,2018-07-05,2018-07-05,现行有效,,否,pkulaw\raw_pdf\北大法宝地方规范性文件\东兴市国土海洋局关于印发《东兴市国土海洋局无人机管理使用制度》的通知(FBMCLI.12.4186491).pdf,https://www.pkulaw.com/lar/6310468475eb5fe03c5be38198113951bdfb.html,引证码FBMCLI.12.4186491｜规范性文件但非结构化(通知/公告)
718,pkulaw,法规,地方规范性文件,宿迁市人力资源和社会保障局关于同意成立京东无人机职业培训学校的批复,宿迁市人力资源和社会保障局,宿人社发〔2017〕231号,2017-09-28,2017-09-28,现行有效,,否,pkulaw\raw_pdf\北大法宝地方规范性文件\宿迁市人力资源和社会保障局关于同意成立京东无人机职业培训学校的批复(FBMCLI.12.9090817).pdf,https://www.pkulaw.com/lar/d52cb84fdd9e5bd49e447fedea16ce21bdfb.html,引证码FBMCLI.12.9090817｜行政事务性通知(非规范文本)
719,pkulaw,法规,地方规范性文件,江西省农业厅办公室关于2017年粮食适度规模经营补贴植保无人机有关事项的通知,江西省农业厅,,2017-08-24,2017-08-24,现行有效,,否,pkulaw\raw_pdf\北大法宝地方规范性文件\江西省农业厅办公室关于2017年粮食适度规模经营补贴植保无人机有关事项的通知(FBMCLI.12.5400762).pdf,https://www.pkulaw.com/lar/7ab9ece7d34197cc1ab40809c9a9c308bdfb.html,引证码FBMCLI.12.5400762｜有附件｜规范性文件但非结构化(通知/公告)
720,pkulaw,法规,地方规范性文件,广东省公安厅关于加强无人机等“低慢小”航空器安全管理的通告,广东省公安厅,,2017-07-06,2017-07-06,废止或失效,,否,pkulaw\raw_pdf\北大法宝地方规范性文件\广东省公安厅关于加强无人机等“低慢小”航空器安全管理的通告(FBMCLI.12.8925042).pdf,https://www.pkulaw.com/lar/88069b34cd66d8e6865a8c25fe3cca29bdfb.html,引证码FBMCLI.12.8925042｜规范性文件但非结构化(通知/公告)
721,pkulaw,法规,地方规范性文件,广州市工信委关于委托开展《广州市无人机产业发展规划》和《广州市无人机产业发展三年行动计划》编制工作的公告,广州市工业和信息化委员会,,,,现行有效,,否,pkulaw\raw_pdf\北大法宝地方规范性文件\广州市工信委关于委托开展《广州市无人机产业发展规划》和《广州市无人机产业发展三年行动计划》编制工作的公告(FBMCLI.12.5883522).pdf,https://www.pkulaw.com/lar/4b00e28078a67e212e7b4a142f07535abdfb.html,引证码FBMCLI.12.5883522｜规范性文件但非结构化(通知/公告)
722,pkulaw,法规,地方规范性文件,广州市工信委关于委托举办无人机产业发展圆桌会议的公告,广州市工业和信息化委员会,,,,现行有效,,否,pkulaw\raw_pdf\北大法宝地方规范性文件\广州市工信委关于委托举办无人机产业发展圆桌会议的公告(FBMCLI.12.5883517).pdf,https://www.pkulaw.com/lar/07b9cc3c7b0aabe9bf9888353bb713b3bdfb.html,引证码FBMCLI.12.5883517｜规范性文件但非结构化(通知/公告)
723,pkulaw,法规,部门工作文件,低空联网无人机安全飞行测试报告,中国民用航空局,,2018-02-06,2018-02-06,现行有效,,否,pkulaw\raw_pdf\北大法宝无人机中央法规51-62\低空联网无人机安全飞行测试报告(FBMCLI.4.5304907).pdf,https://www.pkulaw.com/chl/ef6a89ef109e0de2bdfb.html,引证码FBMCLI.4.5304907｜部门工作文件(通知/名单)
724,pkulaw,法规,部门工作文件,中国质量认证中心关于开通无人机用燃料电池发电系统认证业务的通知,中国质量认证中心,,2018-01-16,2018-01-16,现行有效,,否,pkulaw\raw_pdf\北大法宝无人机中央法规51-62\中国质量认证中心关于开通无人机用燃料电池发电系统认证业务的通知(FBMCLI.4.5177602).pdf,https://www.pkulaw.com/chl/f79feacb9a9a9eccbdfb.html,引证码FBMCLI.4.5177602｜部门工作文件(通知/名单)
725,pkulaw,法规,部门工作文件,民航局对无人机用户身份信息验证的公告,中国民用航空局,,2017-12-04,2017-12-04,现行有效,,否,pkulaw\raw_pdf\北大法宝无人机中央法规51-62\民航局对无人机用户身份信息验证的公告(FBMCLI.4.5306331).pdf,https://www.pkulaw.com/chl/20f0204c69dba79dbdfb.html,引证码FBMCLI.4.5306331｜部门工作文件(通知/名单)
726,pkulaw,法规,部门规范性文件,体育总局航管中心关于举办2017中国无人机公开赛总决赛的通知,国家体育总局,航管字〔2017〕354号,2017-08-15,2017-08-15,现行有效,,否,pkulaw\raw_pdf\北大法宝无人机中央法规51-62\体育总局航管中心关于举办2017中国无人机公开赛总决赛的通知(FBMCLI.4.300378).pdf,https://www.pkulaw.com/chl/1738b7bc37f829b7bdfb.html,引证码FBMCLI.4.300378｜有附件｜规范性文件但非结构化(通知/公告)
727,pkulaw,法规,部门规范性文件,体育总局航管中心关于2017中国无人机公开赛(深圳分站赛)有关事宜的通知,国家体育总局,,2017-07-13,2017-07-13,现行有效,,否,pkulaw\raw_pdf\北大法宝无人机中央法规51-62\体育总局航管中心关于2017中国无人机公开赛(深圳分站赛)有关事宜的通知(FBMCLI.4.298031).pdf,https://www.pkulaw.com/chl/8313fab0ea43bf39bdfb.html,引证码FBMCLI.4.298031｜有附件｜规范性文件但非结构化(通知/公告)
728,pkulaw,法规,部门工作文件,国家体育总局关于准予深圳开源创客坊科技有限公司成都创联天下科技有限公司举办中国无人机公开赛(深圳站)的决定,国家体育总局,体审批字〔2017〕2号,2017-03-15,2017-03-15,现行有效,,否,pkulaw\raw_pdf\北大法宝无人机中央法规51-62\国家体育总局关于准予深圳开源创客坊科技有限公司成都创联天下科技有限公司举办中国无人机公开赛(深圳站)的决定(FBMCLI.4.292143).pdf,https://www.pkulaw.com/chl/e83ffd5d9f6fb7ecbdfb.html,引证码FBMCLI.4.292143｜部门工作文件(通知/名单)
729,pkulaw,法规,部门工作文件,体育总局人力中心关于举办2017年全国退役运动员转型无人机飞控师培训班的通知,国家体育总局,,2017-02-24,2017-02-24,现行有效,,否,pkulaw\raw_pdf\北大法宝无人机中央法规51-62\体育总局人力中心关于举办2017年全国退役运动员转型无人机飞控师培训班的通知(FBMCLI.4.291022).pdf,https://www.pkulaw.com/chl/d20ca47e75c0623dbdfb.html,引证码FBMCLI.4.291022｜有附件｜行政事务性通知(非规范文本)
730,pkulaw,法规,部门工作文件,国家测绘局关于发布《无人机航摄安全作业基本要求》等6项测绘行业标准的通知,国家测绘地理信息局(原国家测绘局)(已撤销),国测科发〔2010〕5号,2010-08-24,2010-10-01,现行有效,,否,pkulaw\raw_pdf\北大法宝无人机中央法规51-62\国家测绘局关于发布《无人机航摄安全作业基本要求》等6项测绘行业标准的通知(FBMCLI.4.137066).pdf,https://www.pkulaw.com/chl/e44ecfc1408502abbdfb.html,引证码FBMCLI.4.137066｜部门工作文件(通知/名单)
731,pkulaw,法规,行业规定,中国消防协会关于批准立项编制团体标准《便携可装配式应急救援直升机、无人机起降平台》的通知,中国消防协会,中消协〔2026〕30号,2026-04-14,2026-04-14,现行有效,,否,pkulaw\raw_pdf\北大法宝无人机中央法规63-16（行业规定）\中国消防协会关于批准立项编制团体标准《便携可装配式应急救援直升机、无人机起降平台》的通知(FBMCLI.6.5342111).pdf,https://www.pkulaw.com/chl/9c666c1a8f5553e8bdfb.html,引证码FBMCLI.6.5342111｜有附件｜行政事务性通知(非规范文本)
732,pkulaw,法规,行业规定,中国林学会关于《无人机多模态数据单木参数提取和反演技术规范》等11项团体标准的立项公告,中国林学会,,,2026,现行有效,,否,pkulaw\raw_pdf\北大法宝无人机中央法规63-16（行业规定）\中国林学会关于《无人机多模态数据单木参数提取和反演技术规范》等11项团体标准的立项公告(FBMCLI.6.5345334).pdf,https://www.pkulaw.com/chl/000fd1a869056d08bdfb.html,引证码FBMCLI.6.5345334｜有附件｜行政事务性通知(非规范文本)
733,pkulaw,法规,行业规定,体育总局航管中心关于举办国际航联2024年世界无人机竞速公开赛的通知,中国航空运动协会,,2024-12-20,2024-12-20,现行有效,,否,pkulaw\raw_pdf\北大法宝无人机中央法规63-16（行业规定）\体育总局航管中心关于举办国际航联2024年世界无人机竞速公开赛的通知(FBMCLI.6.5288068).pdf,https://www.pkulaw.com/chl/59ed65ac536e3931bdfb.html,引证码FBMCLI.6.5288068｜行政事务性通知(非规范文本)
734,pkulaw,法规,行业规定,体育总局航管中心关于举办2024年中国无人机竞速联赛(临汾站)的通知,中国航空运动协会,,2024-07-05,2024-07-05,现行有效,,否,pkulaw\raw_pdf\北大法宝无人机中央法规63-16（行业规定）\体育总局航管中心关于举办2024年中国无人机竞速联赛(临汾站)的通知(FBMCLI.6.5226813).pdf,https://www.pkulaw.com/chl/413a3055d6337427bdfb.html,引证码FBMCLI.6.5226813｜有附件｜行政事务性通知(非规范文本)
735,pkulaw,法规,行业规定,体育总局航管中心关于举办2024年中国无人机竞速联赛(黄山站)的通知,国家体育总局,,2024-05-17,2024-05-17,现行有效,,否,pkulaw\raw_pdf\北大法宝无人机中央法规63-16（行业规定）\体育总局航管中心关于举办2024年中国无人机竞速联赛(黄山站)的通知(FBMCLI.6.5193371).pdf,https://www.pkulaw.com/chl/606d8583b37533fbbdfb.html,引证码FBMCLI.6.5193371｜有附件｜行政事务性通知(非规范文本)
736,pkulaw,法规,行业规定,中国航空运动协会关于举办2024年全国航空模型无人机项目(F9U)裁判员培训班的通知,中国航空运动协会,,2024-03-21,2024-03-21,现行有效,,否,pkulaw\raw_pdf\北大法宝无人机中央法规63-16（行业规定）\中国航空运动协会关于举办2024年全国航空模型无人机项目(F9U)裁判员培训班的通知(FBMCLI.6.5190222).pdf,https://www.pkulaw.com/chl/21573dcfc7fbdb21bdfb.html,引证码FBMCLI.6.5190222｜有附件｜行政事务性通知(非规范文本)
737,pkulaw,法规,行业规定,中国消防协会关于批准立项编制《无人机消防救援操控员》团体标准的通知,中国消防协会,中消协〔2024〕7号,2024-01-09,2024-01-09,现行有效,,否,pkulaw\raw_pdf\北大法宝无人机中央法规63-16（行业规定）\中国消防协会关于批准立项编制《无人机消防救援操控员》团体标准的通知(FBMCLI.6.5198094).pdf,https://www.pkulaw.com/chl/8a5bdfd0a0f3ba96bdfb.html,引证码FBMCLI.6.5198094｜有附件｜行政事务性通知(非规范文本)
738,pkulaw,法规,行业规定,中国消防协会关于批准立项编制团体标准《消防用无人机机载探测设备》的通知,中国消防协会,,2023-06-21,2023-06-21,现行有效,,否,pkulaw\raw_pdf\北大法宝无人机中央法规63-16（行业规定）\中国消防协会关于批准立项编制团体标准《消防用无人机机载探测设备》的通知(FBMCLI.6.5169470).pdf,https://www.pkulaw.com/chl/c81bda3a0ace1f88bdfb.html,引证码FBMCLI.6.5169470｜有附件｜行政事务性通知(非规范文本)
739,pkulaw,法规,行业规定,中国航空运动协会关于开展全国青少年航空航天模型及无人机教育竞赛活动器材认证工作的通知,中国航空运动协会,,2022-04-01,2022-04-01,现行有效,,否,pkulaw\raw_pdf\北大法宝无人机中央法规63-16（行业规定）\中国航空运动协会关于开展全国青少年航空航天模型及无人机教育竞赛活动器材认证工作的通知(FBMCLI.6.5122361).pdf,https://www.pkulaw.com/chl/91c2c87752b6dd12bdfb.html,引证码FBMCLI.6.5122361｜行政事务性通知(非规范文本)
740,pkulaw,法规,行业规定,中国网络空间安全协会秘书处关于举办“网安中国行·新产品新技术”专题活动暨无人机信息安全高端研讨会的通知,中国网络空间安全协会,,2021-12-18,2021-12-18,现行有效,,否,pkulaw\raw_pdf\北大法宝无人机中央法规63-16（行业规定）\中国网络空间安全协会秘书处关于举办“网安中国行·新产品新技术”专题活动暨无人机信息安全高端研讨会的通知(FBMCLI.6.5171269).pdf,https://www.pkulaw.com/chl/b0d1cf8b1549907abdfb.html,引证码FBMCLI.6.5171269｜有附件｜行政事务性通知(非规范文本)
741,pkulaw,法规,部门工作文件,体育总局航管中心关于举办2021年全国青少年无人机创新教育竞赛通讯赛的通知,国家体育总局,,2021-10-08,2021-10-08,现行有效,,否,pkulaw\raw_pdf\北大法宝无人机中央法规63-16（行业规定）\体育总局航管中心关于举办2021年全国青少年无人机创新教育竞赛通讯赛的通知(FBMCLI.4.5090267).pdf,https://www.pkulaw.com/chl/c7882c7062fb1a43bdfb.html,引证码FBMCLI.4.5090267｜有附件｜行政事务性通知(非规范文本)
742,pkulaw,法规,行业规定,中国消防协会关于批准立项团体标准《无人机储压灭火装置》等的公告,中国消防协会,中消协〔2020〕51号,2020-08-18,2020-08-18,现行有效,,否,pkulaw\raw_pdf\北大法宝无人机中央法规63-16（行业规定）\中国消防协会关于批准立项团体标准《无人机储压灭火装置》等的公告(FBMCLI.6.345259).pdf,https://www.pkulaw.com/chl/66a2c96a7ed65fd7bdfb.html,引证码FBMCLI.6.345259｜有附件｜行政事务性通知(非规范文本)
743,pkulaw,法规,部门工作文件,国家认监委秘书处关于征集微轻小型无人机产品认证技术专家组的通知,国家认证认可监督管理委员会,认秘函〔2026〕16号,2026-04-16,2026-04-16,现行有效,,否,pkulaw\raw_pdf\北大法宝中央法规批量下载2026072914510079\国家认监委秘书处关于征集微轻小型无人机产品认证技术专家组的通知(FBMCLI.4.5342276).pdf,https://www.pkulaw.com/chl/ede4a4446676bf74bdfb.html,引证码FBMCLI.4.5342276｜有附件｜行政事务性通知(非规范文本)
744,pkulaw,法规,部门工作文件,体育总局航管中心关于举办2024年中国无人机竞速联赛(南京站)的通知,国家体育总局,,2024-11-14,2024-11-14,现行有效,,否,pkulaw\raw_pdf\北大法宝中央法规批量下载2026072914510079\体育总局航管中心关于举办2024年中国无人机竞速联赛(南京站)的通知(FBMCLI.4.5234916).pdf,https://www.pkulaw.com/chl/d34b018a36b752c6bdfb.html,引证码FBMCLI.4.5234916｜有附件｜行政事务性通知(非规范文本)
745,pkulaw,法规,部门工作文件,体育总局航管中心关于举办2024年中国无人机竞速联赛(苏州站)的通知,国家体育总局,,2024-09-19,2024-09-19,现行有效,,否,pkulaw\raw_pdf\北大法宝中央法规批量下载2026072914510079\体育总局航管中心关于举办2024年中国无人机竞速联赛(苏州站)的通知(FBMCLI.4.5232059).pdf,https://www.pkulaw.com/chl/1c50418e26642042bdfb.html,引证码FBMCLI.4.5232059｜有附件｜行政事务性通知(非规范文本)
746,pkulaw,法规,部门工作文件,体育总局航管中心关于举办2024年中国无人机竞速联赛(柯桥站)的通知,国家体育总局,,2024-07-17,2024-07-17,现行有效,,否,pkulaw\raw_pdf\北大法宝中央法规批量下载2026072914510079\体育总局航管中心关于举办2024年中国无人机竞速联赛(柯桥站)的通知(FBMCLI.4.5227754).pdf,https://www.pkulaw.com/chl/db9ab1c342727bfcbdfb.html,引证码FBMCLI.4.5227754｜有附件｜行政事务性通知(非规范文本)
747,pkulaw,法规,部门工作文件,体育总局航管中心、中国航空运动协会关于开展2024年全国青少年航空航天模型教育竞赛活动无人机器材(套材)评价工作的通知,国家体育总局 中国航空运动协会,航管字〔2024〕167号,2024-06-04,2024-06-04,现行有效,,否,pkulaw\raw_pdf\北大法宝无人机中央法规前50\体育总局航管中心、中国航空运动协会关于开展2024年全国青少年航空航天模型教育竞赛活动无人机器材(套材)评价工作的通知(FBMCLI.4.5193973).pdf,https://www.pkulaw.com/chl/5645ba50037a97e7bdfb.html,引证码FBMCLI.4.5193973｜有附件｜行政事务性通知(非规范文本)
748,pkulaw,法规,部门工作文件,体育总局航管中心关于举办2024年中国无人机竞速联赛(广州站)的通知,国家体育总局,,2024-06-04,2024-06-04,现行有效,,否,pkulaw\raw_pdf\北大法宝无人机中央法规前50\体育总局航管中心关于举办2024年中国无人机竞速联赛(广州站)的通知(FBMCLI.4.5193981).pdf,https://www.pkulaw.com/chl/d99d7fc9251a23d4bdfb.html,引证码FBMCLI.4.5193981｜有附件｜行政事务性通知(非规范文本)
749,pkulaw,法规,部门工作文件,体育总局航管中心、中国航空运动协会关于发布2024年“飞向北京•飞向太空”全国青少年航空航天模型教育竞赛活动(无人机项目)...,国家体育总局 中国航空运动协会,,2024-04-16,2024-04-16,现行有效,,否,pkulaw\raw_pdf\北大法宝无人机中央法规前50\体育总局航管中心、中国航空运动协会关于发布2024年“飞向北京•飞向太空”全国青少年航空航天模型教育竞赛活动(无人机项目)...(FBMCLI.4.5192240).pdf,https://www.pkulaw.com/chl/b3bf79a8c15f372cbdfb.html,引证码FBMCLI.4.5192240｜有附件｜行政事务性通知(非规范文本)
750,pkulaw,法规,部门工作文件,体育总局航管中心、中国航空运动协会关于举办2024年全国航空航天模型(含无人机)初级教练员培训班的通知,国家体育总局 中国航空运动协会,,2024-04-02,2024-04-02,现行有效,,否,pkulaw\raw_pdf\北大法宝无人机中央法规前50\体育总局航管中心、中国航空运动协会关于举办2024年全国航空航天模型(含无人机)初级教练员培训班的通知(FBMCLI.4.5191308).pdf,https://www.pkulaw.com/chl/1d8f3a8d6301ff5cbdfb.html,引证码FBMCLI.4.5191308｜有附件｜行政事务性通知(非规范文本)
751,pkulaw,法规,部门工作文件,体育总局航管中心、中国航空运动协会关于发布2024年中国无人机竞速联赛竞赛规程、规则的通知,国家体育总局 中国航空运动协会,,2024-02-08,2024-02-08,现行有效,,否,pkulaw\raw_pdf\北大法宝无人机中央法规前50\体育总局航管中心、中国航空运动协会关于发布2024年中国无人机竞速联赛竞赛规程、规则的通知(FBMCLI.4.5188387).pdf,https://www.pkulaw.com/chl/245689004d59f9b4bdfb.html,引证码FBMCLI.4.5188387｜有附件｜行政事务性通知(非规范文本)
752,pkulaw,法规,部门工作文件,体育总局航管中心关于举办2023年大湾区国际无人机竞速邀请赛的通知,国家体育总局,,2023-12-15,2023-12-15,现行有效,,否,pkulaw\raw_pdf\北大法宝无人机中央法规前50\体育总局航管中心关于举办2023年大湾区国际无人机竞速邀请赛的通知(FBMCLI.4.5184674).pdf,https://www.pkulaw.com/chl/dd72cf4f4c8c02d4bdfb.html,引证码FBMCLI.4.5184674｜有附件｜行政事务性通知(非规范文本)
753,pkulaw,法规,部门工作文件,体育总局航管中心关于举办2023年中国无人机竞速公开赛(龙游站)的通知,国家体育总局,,2023-12-14,2023-12-14,现行有效,,否,pkulaw\raw_pdf\北大法宝无人机中央法规前50\体育总局航管中心关于举办2023年中国无人机竞速公开赛(龙游站)的通知(FBMCLI.4.5184450).pdf,https://www.pkulaw.com/chl/8da53a1f5d078671bdfb.html,引证码FBMCLI.4.5184450｜有附件｜行政事务性通知(非规范文本)
754,pkulaw,法规,部门工作文件,体育总局航管中心关于举办2023年中国无人机竞速公开赛(象山影视城站)的通知,国家体育总局,,2023-11-16,2023-11-16,现行有效,,否,pkulaw\raw_pdf\北大法宝无人机中央法规前50\体育总局航管中心关于举办2023年中国无人机竞速公开赛(象山影视城站)的通知(FBMCLI.4.5183379).pdf,https://www.pkulaw.com/chl/fd79edbdef160188bdfb.html,引证码FBMCLI.4.5183379｜有附件｜行政事务性通知(非规范文本)
755,pkulaw,法规,部门工作文件,中国民用航空局空管行业管理办公室关于公布实现飞行动态数据报送功能的民用无人机型号清单的通告,中国民用航空局,,2023-10-17,2023-10-17,现行有效,,否,pkulaw\raw_pdf\北大法宝无人机中央法规前50\中国民用航空局空管行业管理办公室关于公布实现飞行动态数据报送功能的民用无人机型号清单的通告(FBMCLI.4.5180227).pdf,https://www.pkulaw.com/chl/0f12a18afecc6c8abdfb.html,引证码FBMCLI.4.5180227｜有附件｜部门工作文件(通知/名单)
756,pkulaw,法规,部门工作文件,体育总局航管中心、中国航空运动协会关于举办2023年“飞向北京•飞向太空”全国青少年航空航天模型教育竞赛活动(无人机项目)...,国家体育总局 中国航空运动协会,,2023-10-09,2023-10-09,现行有效,,否,pkulaw\raw_pdf\北大法宝无人机中央法规前50\体育总局航管中心、中国航空运动协会关于举办2023年“飞向北京•飞向太空”全国青少年航空航天模型教育竞赛活动(无人机项目)...(FBMCLI.4.5178515).pdf,https://www.pkulaw.com/chl/9644664f94a0f4a7bdfb.html,引证码FBMCLI.4.5178515｜有附件｜行政事务性通知(非规范文本)
757,pkulaw,法规,部门工作文件,体育总局航管中心关于举办2023年中国无人机竞速公开赛(湖南站)的通知,国家体育总局,,2023-09-22,2023-09-22,现行有效,,否,pkulaw\raw_pdf\北大法宝无人机中央法规前50\体育总局航管中心关于举办2023年中国无人机竞速公开赛(湖南站)的通知(FBMCLI.4.5177272).pdf,https://www.pkulaw.com/chl/45b89c9e8c7ac732bdfb.html,引证码FBMCLI.4.5177272｜有附件｜行政事务性通知(非规范文本)
758,pkulaw,法规,部门工作文件,2024年中国无人机竞速联赛申办公告,国家体育总局,,2023-09-21,2023-09-21,现行有效,,否,pkulaw\raw_pdf\北大法宝无人机中央法规前50\2024年中国无人机竞速联赛申办公告(FBMCLI.4.5177275).pdf,https://www.pkulaw.com/chl/66de53c2453f6998bdfb.html,引证码FBMCLI.4.5177275｜有附件｜行政事务性通知(非规范文本)
759,pkulaw,法规,部门工作文件,商务部、海关总署、国家国防科工局、中央军委装备发展部公告关于对无人机相关物项实施出口管制的公告,商务部 海关总署 国家国防科技工业局 中央军委装备发展部,商务部公告2023年第27号,2023-07-31,2023-09-01,废止或失效,,否,pkulaw\raw_pdf\北大法宝无人机中央法规前50\商务部、海关总署、国家国防科工局、中央军委装备发展部公告关于对无人机相关物项实施出口管制的公告(FBMCLI.4.5172555).pdf,https://www.pkulaw.com/chl/6f45e9b427f5170bbdfb.html,引证码FBMCLI.4.5172555｜部门工作文件(通知/名单)
760,pkulaw,法规,部门工作文件,体育总局航管中心关于举办2023年全国青少年航空航天模型教育竞赛活动(无人机项目)集训的通知,国家体育总局,,2023-05-26,2023-05-26,现行有效,,否,pkulaw\raw_pdf\北大法宝无人机中央法规前50\体育总局航管中心关于举办2023年全国青少年航空航天模型教育竞赛活动(无人机项目)集训的通知(FBMCLI.4.5168312).pdf,https://www.pkulaw.com/chl/9518a6bfd69e6644bdfb.html,引证码FBMCLI.4.5168312｜有附件｜行政事务性通知(非规范文本)
761,pkulaw,法规,部门工作文件,中国民用航空局空管行业管理办公室关于组织参加国际民航组织“放飞无人机”专题讨论会信息征集的通知,中国民用航空局,,2022-05-30,2022-05-30,现行有效,,否,pkulaw\raw_pdf\北大法宝无人机中央法规前50\中国民用航空局空管行业管理办公室关于组织参加国际民航组织“放飞无人机”专题讨论会信息征集的通知(FBMCLI.4.5118219).pdf,https://www.pkulaw.com/chl/99c63b7771c76b17bdfb.html,引证码FBMCLI.4.5118219｜有附件｜行政事务性通知(非规范文本)
762,pkulaw,法规,行政许可批复,中国证券监督管理委员会关于同意中航(成都)无人机系统股份有限公司首次公开发行股票注册的批复,中国证券监督管理委员会,,2022-04-19,2022-04-19,现行有效,,否,pkulaw\raw_pdf\北大法宝无人机中央法规前50\中国证券监督管理委员会关于同意中航(成都)无人机系统股份有限公司首次公开发行股票注册的批复(FBMCLI.4.5116917).pdf,https://www.pkulaw.com/chl/d7a973f101e058adbdfb.html,引证码FBMCLI.4.5116917｜行政事务性通知(非规范文本)
763,pkulaw,法规,部门工作文件,中国民用航空局空管行业管理办公室关于公布实现飞行动态数据报送功能轻小型及植保无人机名单的通告,中国民用航空局,,2022-03-25,2022-03-25,现行有效,,否,pkulaw\raw_pdf\北大法宝无人机中央法规前50\中国民用航空局空管行业管理办公室关于公布实现飞行动态数据报送功能轻小型及植保无人机名单的通告(FBMCLI.4.5115431).pdf,https://www.pkulaw.com/chl/01091b022a7e8a80bdfb.html,引证码FBMCLI.4.5115431｜有附件｜行政事务性通知(非规范文本)
764,pkulaw,法规,部门工作文件,体育总局航管中心关于举办2021年全国青少年无人机创新教育竞赛通讯赛的补充通知,国家体育总局,,2021-12-19,2021-12-19,现行有效,,否,pkulaw\raw_pdf\北大法宝无人机中央法规前50\体育总局航管中心关于举办2021年全国青少年无人机创新教育竞赛通讯赛的补充通知(FBMCLI.4.5122972).pdf,https://www.pkulaw.com/chl/d5a02a1e98013a5bbdfb.html,引证码FBMCLI.4.5122972｜行政事务性通知(非规范文本)
765,pkulaw,法规,部门工作文件,人力资源社会保障部办公厅、自然资源部办公厅关于颁布无人机测绘操控员国家职业技能标准的通知,人力资源和社会保障部 自然资源部,人社厅发〔2021〕76号,2021-10-13,2021-10-13,现行有效,,否,pkulaw\raw_pdf\北大法宝无人机中央法规前50\人力资源社会保障部办公厅、自然资源部办公厅关于颁布无人机测绘操控员国家职业技能标准的通知(FBMCLI.4.5175355).pdf,https://www.pkulaw.com/chl/ee4e6d8cb24d2185bdfb.html,引证码FBMCLI.4.5175355｜有附件｜部门工作文件(通知/名单)
766,pkulaw,法规,部门工作文件,民航局空管行业管理办公室关于公布实现飞行动态数据报送功能的轻小型无人机及植保无人机名单的通告(2021年4月21日),中国民用航空局,,2021-04-21,2021-04-21,现行有效,,否,pkulaw\raw_pdf\北大法宝无人机中央法规前50\民航局空管行业管理办公室关于公布实现飞行动态数据报送功能的轻小型无人机及植保无人机名单的通告(2021年4月21日)(FBMCLI.4.5012060).pdf,https://www.pkulaw.com/chl/fb3c2a07119d09ecbdfb.html,引证码FBMCLI.4.5012060｜有附件｜行政事务性通知(非规范文本)
767,pkulaw,法规,部门工作文件,体育总局航管中心、中国航空运动协会关于举办2021年全国青少年无人机创新教育竞赛活动的通知,国家体育总局 中国航空运动协会,航管字〔2020〕269号,2020-12-30,2020-12-30,现行有效,,否,pkulaw\raw_pdf\北大法宝无人机中央法规前50\体育总局航管中心、中国航空运动协会关于举办2021年全国青少年无人机创新教育竞赛活动的通知(FBMCLI.4.349879).pdf,https://www.pkulaw.com/chl/c35533321435a1cdbdfb.html,引证码FBMCLI.4.349879｜有附件｜行政事务性通知(非规范文本)
768,pkulaw,法规,部门工作文件,国家标准化管理委员会关于下达《民用无人机产品安全要求》等55项强制性国家标准制修订计划及相关标准外文版计划的通知,国家标准化管理委员会,国标委发〔2020〕54号,2020-12-24,2020-12-24,现行有效,,否,pkulaw\raw_pdf\北大法宝无人机中央法规前50\国家标准化管理委员会关于下达《民用无人机产品安全要求》等55项强制性国家标准制修订计划及相关标准外文版计划的通知(FBMCLI.4.349995).pdf,https://www.pkulaw.com/chl/9666c6b45bc3715ebdfb.html,引证码FBMCLI.4.349995｜有附件｜行政事务性通知(非规范文本)
769,pkulaw,法规,部门工作文件,体育总局航管中心关于举办2020年大湾区无人机竞速邀请赛的通知,国家体育总局,,2020-12-21,2020-12-21,现行有效,,否,pkulaw\raw_pdf\北大法宝无人机中央法规前50\体育总局航管中心关于举办2020年大湾区无人机竞速邀请赛的通知(FBMCLI.4.5086451).pdf,https://www.pkulaw.com/chl/894615dda3e8aac5bdfb.html,引证码FBMCLI.4.5086451｜有附件｜行政事务性通知(非规范文本)
770,pkulaw,法规,部门工作文件,体育总局航管中心关于举办2020年中国无人机竞速公开赛(阜新站)的通知,国家体育总局,航管字〔2020〕166号,2020-10-13,2020-10-13,现行有效,,否,pkulaw\raw_pdf\北大法宝无人机中央法规前50\体育总局航管中心关于举办2020年中国无人机竞速公开赛(阜新站)的通知(FBMCLI.4.5086567).pdf,https://www.pkulaw.com/chl/f3b054dd22f0d8edbdfb.html,引证码FBMCLI.4.5086567｜有附件｜行政事务性通知(非规范文本)
771,pkulaw,法规,部门工作文件,民航局空管办关于公布实现飞行动态数据报送功能的轻小型无人机及植保无人机名单的通告,中国民用航空局,,2020-09-25,2020-09-25,现行有效,,否,pkulaw\raw_pdf\北大法宝无人机中央法规前50\民航局空管办关于公布实现飞行动态数据报送功能的轻小型无人机及植保无人机名单的通告(FBMCLI.4.351732).pdf,https://www.pkulaw.com/chl/348069b0225688ddbdfb.html,引证码FBMCLI.4.351732｜有附件｜行政事务性通知(非规范文本)
772,pkulaw,法规,部门工作文件,体育总局航管中心关于组建2019年中国无人机国家队相关事宜的通知,国家体育总局,航管字〔2019〕412号,2019-11-29,2019-11-29,现行有效,,否,pkulaw\raw_pdf\北大法宝无人机中央法规前50\体育总局航管中心关于组建2019年中国无人机国家队相关事宜的通知(FBMCLI.4.5090346).pdf,https://www.pkulaw.com/chl/8736794f3be21bafbdfb.html,引证码FBMCLI.4.5090346｜部门工作文件(通知/名单)
773,pkulaw,法规,部门工作文件,国家标准化管理委员会关于下达《多旋翼无人机用无刷伺服电动机系统通用规范》等93项国家标准外文版计划的通知,国家标准化管理委员会,国标委发〔2019〕31号,2019-10-31,2019-10-31,现行有效,,否,pkulaw\raw_pdf\北大法宝无人机中央法规前50\国家标准化管理委员会关于下达《多旋翼无人机用无刷伺服电动机系统通用规范》等93项国家标准外文版计划的通知(FBMCLI.4.337414).pdf,https://www.pkulaw.com/chl/e53cc8ecf75cb955bdfb.html,引证码FBMCLI.4.337414｜有附件｜行政事务性通知(非规范文本)
774,pkulaw,法规,部门工作文件,体育总局航管中心关于举办2019年中国无人机竞速公开赛(莱西站)的通知,国家体育总局,航管字〔2019〕251号,2019-07-26,2019-07-26,现行有效,,否,pkulaw\raw_pdf\北大法宝无人机中央法规前50\体育总局航管中心关于举办2019年中国无人机竞速公开赛(莱西站)的通知(FBMCLI.4.5090382).pdf,https://www.pkulaw.com/chl/ad6406ffc1b796c5bdfb.html,引证码FBMCLI.4.5090382｜有附件｜行政事务性通知(非规范文本)
775,pkulaw,法规,部门规范性文件,特定类无人机试运行管理规程(暂行),中国民用航空局,,2019-02-01,2019-02-01,现行有效,,否,pkulaw\raw_pdf\北大法宝无人机中央法规前50\特定类无人机试运行管理规程(暂行)(FBMCLI.4.5304270).pdf,https://www.pkulaw.com/chl/da5ad1489b73f33bbdfb.html,引证码FBMCLI.4.5304270｜规范性文件但非结构化(通知/公告)
776,pkulaw,法规,部门工作文件,体育总局航管中心关于举办2018年世界无人机锦标赛中国队选拔赛暨2018年全国航空航天模型锦标赛(无人机项目)的函,国家体育总局,航管字〔2018〕230号,2018-08-16,2018-08-16,现行有效,,否,pkulaw\raw_pdf\北大法宝无人机中央法规前50\体育总局航管中心关于举办2018年世界无人机锦标赛中国队选拔赛暨2018年全国航空航天模型锦标赛(无人机项目)的函(FBMCLI.4.321337).pdf,https://www.pkulaw.com/chl/08632de73722c6a0bdfb.html,引证码FBMCLI.4.321337｜有附件｜行政事务性通知(非规范文本)
777,pkulaw,法规,部门工作文件,中国质量认证中心关于开通民用轻小型旋翼无人机续航性能认证的通知,中国质量认证中心,,2018-07-31,2018-07-31,现行有效,,否,pkulaw\raw_pdf\北大法宝无人机中央法规前50\中国质量认证中心关于开通民用轻小型旋翼无人机续航性能认证的通知(FBMCLI.4.5177375).pdf,https://www.pkulaw.com/chl/072154d44827d700bdfb.html,引证码FBMCLI.4.5177375｜部门工作文件(通知/名单)
778,pkulaw,法规,行政许可批复,中国证监会关于核准广东澄星无人机股份有限公司定向发行股票的批复,中国证券监督管理委员会,证监许可〔2018〕1190号,2018-07-26,2018-07-26,现行有效,,否,pkulaw\raw_pdf\北大法宝无人机中央法规前50\中国证监会关于核准广东澄星无人机股份有限公司定向发行股票的批复(FBMCLI.4.318324).pdf,https://www.pkulaw.com/chl/a077f67dd4a07a97bdfb.html,引证码FBMCLI.4.318324｜行政事务性通知(非规范文本)
779,pkulaw,法规,部门工作文件,国家体育总局人力资源开发中心关于举办2018年全国退役运动员转型无人机飞控师培训班的通知,国家体育总局,体人力字〔2018〕85号,2018-03-30,2018-03-30,现行有效,,否,pkulaw\raw_pdf\北大法宝无人机中央法规前50\国家体育总局人力资源开发中心关于举办2018年全国退役运动员转型无人机飞控师培训班的通知(FBMCLI.4.312580).pdf,https://www.pkulaw.com/chl/01ea94c1b9bfe893bdfb.html,引证码FBMCLI.4.312580｜有附件｜行政事务性通知(非规范文本)
780,pkulaw,法规,部门工作文件,中国质量认证中心关于开通光伏电站用无人机系统认证业务的通知,中国质量认证中心,,2018-03-07,2018-03-07,现行有效,,否,pkulaw\raw_pdf\北大法宝无人机中央法规前50\中国质量认证中心关于开通光伏电站用无人机系统认证业务的通知(FBMCLI.4.5177589).pdf,https://www.pkulaw.com/chl/4c66f67ec95386f6bdfb.html,引证码FBMCLI.4.5177589｜部门工作文件(通知/名单)
781,pkulaw,法规,地方工作文件,上海市交通委员会关于2026世界人工智能大会暨人工智能全球治理高级别会议期间无人驾驶航空器临时管制空域范围的通告,上海市交通委员会,沪交空〔2026〕314号,2026-07-13,2026-07-13,现行有效,,否,pkulaw\raw_pdf\低空经济\无人驾驶航空器\上海市交通委员会关于2026世界人工智能大会暨人工智能全球治理高级别会议期间无人驾驶航空器临时管制空域范围的通告(FBMCLI.14.10109384).pdf,https://www.pkulaw.com/lar/201edafbd182b1530f78e261d63d4e5cbdfb.html,引证码FBMCLI.14.10109384｜未知位阶/无条文:地方工作文件
782,pkulaw,法规,地方工作文件,上海市人民政府关于公布微型轻型小型无人驾驶航空器适飞空域范围的通告,上海市人民政府,沪府发〔2025〕14号,2025-12-24,2025-12-24,现行有效,,否,pkulaw\raw_pdf\低空经济\无人驾驶航空器\上海市人民政府关于公布微型轻型小型无人驾驶航空器适飞空域范围的通告(FBMCLI.14.9642007).pdf,https://www.pkulaw.com/lar/dacbdcf218cf668098a504dc405f5ccbbdfb.html,引证码FBMCLI.14.9642007｜有附件｜未知位阶/无条文:地方工作文件
783,pkulaw,法规,地方工作文件,上海市农业农村委员会关于做好2026年农机购置与应用补贴“优机优补”和农用(植保)无人驾驶航空器产品投档工作的通知,上海市农业农村委员会,沪农委〔2026〕195号,2026-07-13,2026-07-13,现行有效,,否,pkulaw\raw_pdf\低空经济\无人驾驶航空器\上海市农业农村委员会关于做好2026年农机购置与应用补贴“优机优补”和农用(植保)无人驾驶航空器产品投档工作的通知(FBMCLI.14.10114409).pdf,https://www.pkulaw.com/lar/2ba36aebd1be5824e89d947ef96acabfbdfb.html,引证码FBMCLI.14.10114409｜有附件｜未知位阶/无条文:地方工作文件
784,pkulaw,法规,地方工作文件,上海市农业农村委员会关于做好上海市农用无人驾驶航空器购置与应用补贴投档工作的通知,上海市农业农村委员会,沪农委〔2025〕5号,2025-01-10,2025-01-10,现行有效,,否,pkulaw\raw_pdf\低空经济\无人驾驶航空器\上海市农业农村委员会关于做好上海市农用无人驾驶航空器购置与应用补贴投档工作的通知(FBMCLI.14.8460976).pdf,https://www.pkulaw.com/lar/c38e2e8f0915fe9ff997ba621d8bbc4fbdfb.html,引证码FBMCLI.14.8460976｜未知位阶/无条文:地方工作文件
785,pkulaw,法规,地方工作文件,上海市农业农村委员会关于做好本市2024—2025年度农用无人驾驶航空器购置补贴工作的通知,上海市农业农村委员会,沪农委〔2024〕450号,2024-12-18,2024-12-18,现行有效,,否,pkulaw\raw_pdf\低空经济\无人驾驶航空器\上海市农业农村委员会关于做好本市2024—2025年度农用无人驾驶航空器购置补贴工作的通知(FBMCLI.14.8563533).pdf,https://www.pkulaw.com/lar/97ebbd197ffa6e1116b2100e1abaed85bdfb.html,引证码FBMCLI.14.8563533｜未知位阶/无条文:地方工作文件
786,pkulaw,法规,地方规范性文件,上海市机电产品进出口办公室关于申请小型无人驾驶航空器自动进口许可有关问题的通知,上海市机电产品进出口办公室,,2015-07-15,2015-07-01,现行有效,,否,pkulaw\raw_pdf\低空经济\无人驾驶航空器\上海市机电产品进出口办公室关于申请小型无人驾驶航空器自动进口许可有关问题的通知(FBMCLI.12.1093967).pdf,https://www.pkulaw.com/lar/57ec769c8a8ec279b275f4002a99b684bdfb.html,引证码FBMCLI.12.1093967｜规范性文件但非结构化(通知/公告)
787,pkulaw,法规,地方工作文件,中共大连市委军民融合发展委员会办公室关于公布微型、轻型、小型无人驾驶航空器适飞空域范围的公告,中共大连市委员会,,2026-05-22,2026-05-22,现行有效,,否,pkulaw\raw_pdf\低空经济\无人驾驶航空器\中共大连市委军民融合发展委员会办公室关于公布微型、轻型、小型无人驾驶航空器适飞空域范围的公告(FBMCLI.14.9967812).pdf,https://www.pkulaw.com/lar/a908f7bbe46e6bf7f85b808c04437e6bbdfb.html,引证码FBMCLI.14.9967812｜未知位阶/无条文:地方工作文件
788,pkulaw,法规,部门规范性文件,中国民用航空局关于印发《持续完善民用无人驾驶航空器适航审定管理政策稳步推进项目审定实践工作方案》的通知,中国民用航空局,民航发〔2022〕24号,2022-04-14,2022-04-14,现行有效,,否,pkulaw\raw_pdf\低空经济\无人驾驶航空器\中国民用航空局关于印发《持续完善民用无人驾驶航空器适航审定管理政策稳步推进项目审定实践工作方案》的通知(FBMCLI.4.5302921).pdf,https://www.pkulaw.com/chl/564827ca3c0f01c2bdfb.html,引证码FBMCLI.4.5302921｜有附件｜规范性文件但非结构化(通知/公告)
789,pkulaw,法规,部门工作文件,中国民用航空局关于发布民用无人驾驶航空器飞行动态数据报送要求的公告,中国民用航空局,,2024-11-15,2024-11-15,现行有效,,否,pkulaw\raw_pdf\低空经济\无人驾驶航空器\中国民用航空局关于发布民用无人驾驶航空器飞行动态数据报送要求的公告(FBMCLI.4.5235096).pdf,https://www.pkulaw.com/chl/6d443005681707b1bdfb.html,引证码FBMCLI.4.5235096｜部门工作文件(通知/名单)
790,pkulaw,法规,部门工作文件,中国民用航空局关于民用无人驾驶航空器监管服务有关事宜的公告,中国民用航空局,,2023-12-31,2023-12-31,现行有效,,否,pkulaw\raw_pdf\低空经济\无人驾驶航空器\中国民用航空局关于民用无人驾驶航空器监管服务有关事宜的公告(FBMCLI.4.5185889).pdf,https://www.pkulaw.com/chl/af3ab459c01c956dbdfb.html,引证码FBMCLI.4.5185889｜有附件｜部门工作文件(通知/名单)
791,pkulaw,法规,部门规范性文件,中国民用航空局关于民用无人驾驶航空器系统网络式运行识别有关事项的公告,中国民用航空局,中国民用航空局公告2026年第5号,2026-03-04,2026-03-04,现行有效,,否,pkulaw\raw_pdf\低空经济\无人驾驶航空器\中国民用航空局关于民用无人驾驶航空器系统网络式运行识别有关事项的公告(FBMCLI.4.5339316).pdf,https://www.pkulaw.com/chl/39aede7305dde221bdfb.html,引证码FBMCLI.4.5339316｜有附件｜规范性文件但非结构化(通知/公告)
792,pkulaw,法规,部门工作文件,中国民用航空局关于民用无人驾驶航空器系统驾驶员资质管理有关问题的通知,中国民用航空局,民航发〔2015〕34号,2015-04-23,2015-04-30,废止或失效,,否,pkulaw\raw_pdf\低空经济\无人驾驶航空器\中国民用航空局关于民用无人驾驶航空器系统驾驶员资质管理有关问题的通知(FBMCLI.4.5167410).pdf,https://www.pkulaw.com/chl/222021cb5b2977e8bdfb.html,引证码FBMCLI.4.5167410｜部门工作文件(通知/名单)
793,pkulaw,法规,部门工作文件,中国民用航空局关于民用无人驾驶航空器运营合格证有关事宜的通告,中国民用航空局,民航通告〔2023〕1号,2023-12-06,2023-12-06,现行有效,,否,pkulaw\raw_pdf\低空经济\无人驾驶航空器\中国民用航空局关于民用无人驾驶航空器运营合格证有关事宜的通告(FBMCLI.4.5184027).pdf,https://www.pkulaw.com/chl/389e6b2ace2e1e84bdfb.html,引证码FBMCLI.4.5184027｜部门工作文件(通知/名单)
794,pkulaw,法规,部门工作文件,中国民用航空局空管委办公室开展无人驾驶航空器专项整治情况暨加强管理工作的问卷调查,中国民用航空局,,2017-08-24,2017-08-24,现行有效,,否,pkulaw\raw_pdf\低空经济\无人驾驶航空器\中国民用航空局空管委办公室开展无人驾驶航空器专项整治情况暨加强管理工作的问卷调查(FBMCLI.4.5306446).pdf,https://www.pkulaw.com/chl/1bf399f8441d42fbbdfb.html,引证码FBMCLI.4.5306446｜有附件｜部门工作文件(通知/名单)
795,pkulaw,法规,部门工作文件,中型民用无人驾驶航空器系统适航标准及符合性指导材料(试行),中国民用航空局,民航适函〔2024〕52号,2024-07-23,2024-07-23,现行有效,,否,pkulaw\raw_pdf\低空经济\无人驾驶航空器\中型民用无人驾驶航空器系统适航标准及符合性指导材料(试行)(FBMCLI.4.5306199).pdf,https://www.pkulaw.com/chl/8e8a0e7440eaf2bfbdfb.html,引证码FBMCLI.4.5306199｜有附件｜部门工作文件(通知/名单)
796,pkulaw,法规,地方工作文件,云南省公安厅关于举行《云南省民用无人驾驶航空器公共安全管理办法(草案)》立法听证会的公告,云南省公安厅,,2026-05-01,2026-05-01,现行有效,,否,pkulaw\raw_pdf\低空经济\无人驾驶航空器\云南省公安厅关于举行《云南省民用无人驾驶航空器公共安全管理办法(草案)》立法听证会的公告(FBMCLI.14.9950162).pdf,https://www.pkulaw.com/lar/44c69bfa2da36b2d309a322800c767cbbdfb.html,引证码FBMCLI.14.9950162｜有附件｜未知位阶/无条文:地方工作文件
797,pkulaw,法规,地方工作文件,云南省公安厅关于举行《云南省民用无人驾驶航空器公共安全管理办法(草案)》立法听证会的公告,云南省公安厅,云南省公安厅公告2026年第2号,2026-05-29,2026-05-29,现行有效,,否,pkulaw\raw_pdf\低空经济\无人驾驶航空器\云南省公安厅关于举行《云南省民用无人驾驶航空器公共安全管理办法(草案)》立法听证会的公告(FBMCLI.14.9981642).pdf,https://www.pkulaw.com/lar/9c1b98057cdd68f2bf37419a0a0a7974bdfb.html,引证码FBMCLI.14.9981642｜未知位阶/无条文:地方工作文件
798,pkulaw,法规,地方工作文件,云南省农业农村厅、云南省财政厅关于印发《云南省农用植保无人驾驶航空器购置与应用补贴实施方案》的通知,云南省农业农村厅 云南省财政厅,云农机〔2025〕1号,2025-01-26,2025-01-26,现行有效,,否,pkulaw\raw_pdf\低空经济\无人驾驶航空器\云南省农业农村厅、云南省财政厅关于印发《云南省农用植保无人驾驶航空器购置与应用补贴实施方案》的通知(FBMCLI.14.8477004).pdf,https://www.pkulaw.com/lar/74f6a3ab2a5df0fc930bdd95d347eff5bdfb.html,引证码FBMCLI.14.8477004｜有附件｜未知位阶/无条文:地方工作文件
799,pkulaw,法规,地方工作文件,云南省科技厅关于组织开展2022年度“双随机、一公开”执法检查工作的通知(云南警官学院无人驾驶航空器展览馆),云南省科学技术厅,,2022-08-30,2022-08-30,现行有效,,否,pkulaw\raw_pdf\低空经济\无人驾驶航空器\云南省科技厅关于组织开展2022年度“双随机、一公开”执法检查工作的通知(云南警官学院无人驾驶航空器展览馆)(FBMCLI.14.5534826).pdf,https://www.pkulaw.com/lar/89032c30a46ed15e835db5db3ec582c2bdfb.html,引证码FBMCLI.14.5534826｜未知位阶/无条文:地方工作文件
800,pkulaw,法规,部门规范性文件,亿航EH216―S型无人驾驶航空器系统专用条件,中国民用航空局,,2022-02-09,2022-02-09,现行有效,,否,pkulaw\raw_pdf\低空经济\无人驾驶航空器\亿航EH216―S型无人驾驶航空器系统专用条件(FBMCLI.4.5115102).pdf,https://www.pkulaw.com/chl/12ede82bb8d2e3c6bdfb.html,引证码FBMCLI.4.5115102｜有附件｜规范性文件但非结构化(通知/公告)
801,pkulaw,法规,地方工作文件,关于印发《金湖县2021―2023年植保无人驾驶航空器购机补贴补充方案》的通知,金湖县人民政府,金农建〔2025〕39号,2025-07-21,2025-07-21,现行有效,,否,pkulaw\raw_pdf\低空经济\无人驾驶航空器\关于印发《金湖县2021―2023年植保无人驾驶航空器购机补贴补充方案》的通知(FBMCLI.14.9049553).pdf,https://www.pkulaw.com/lar/6f7a193ded3dea0363a407bbd7dc19fdbdfb.html,引证码FBMCLI.14.9049553｜有附件｜未知位阶/无条文:地方工作文件
802,pkulaw,法规,地方工作文件,内蒙古自治区交通运输厅关于公布内蒙古自治区微型、轻型、小型无人驾驶航空器适飞空域范围的公告,内蒙古自治区交通运输厅,,2026-05-18,2026-05-18,现行有效,,否,pkulaw\raw_pdf\低空经济\无人驾驶航空器\内蒙古自治区交通运输厅关于公布内蒙古自治区微型、轻型、小型无人驾驶航空器适飞空域范围的公告(FBMCLI.14.9966040).pdf,https://www.pkulaw.com/lar/e40837776ba7304a8705a38de778a55cbdfb.html,引证码FBMCLI.14.9966040｜有附件｜未知位阶/无条文:地方工作文件
803,pkulaw,法规,部门工作文件,农业农村部农业机械化总站关于延期举办植保无人驾驶航空器及绿色植保装备技术培训班的通知,农业农村部,农机化总站(加)函〔2021〕52号,2021-10-29,2021-10-29,现行有效,,否,pkulaw\raw_pdf\低空经济\无人驾驶航空器\农业农村部农业机械化总站关于延期举办植保无人驾驶航空器及绿色植保装备技术培训班的通知(FBMCLI.4.5116990).pdf,https://www.pkulaw.com/chl/69b1a6886f9cf1bcbdfb.html,引证码FBMCLI.4.5116990｜行政事务性通知(非规范文本)
804,pkulaw,法规,地方工作文件,北京市人民政府关于公布无人驾驶航空器管制空域范围的通告,北京市人民政府,京政发〔2025〕20号,2025-08-03,2025-08-03,现行有效,,否,pkulaw\raw_pdf\低空经济\无人驾驶航空器\北京市人民政府关于公布无人驾驶航空器管制空域范围的通告(FBMCLI.14.9061005).pdf,https://www.pkulaw.com/lar/2d1b9c9590e338f6416ebda8dab3ee7dbdfb.html,引证码FBMCLI.14.9061005｜未知位阶/无条文:地方工作文件
805,pkulaw,法规,地方工作文件,北京市经济和信息化局关于印发《无人驾驶航空器核心部件名录(试行)》的通知,北京市经济和信息化局,,2026-03-27,2026-03-27,现行有效,,否,pkulaw\raw_pdf\低空经济\无人驾驶航空器\北京市经济和信息化局关于印发《无人驾驶航空器核心部件名录(试行)》的通知(FBMCLI.14.9787537).pdf,https://www.pkulaw.com/lar/e52089965bdad80b19840650fed556abbdfb.html,引证码FBMCLI.14.9787537｜有附件｜未知位阶/无条文:地方工作文件
806,pkulaw,法规,地方工作文件,北京海关公告2026年第2号——北京海关关于规范无人驾驶航空器申报事宜的公告,北京海关,北京海关公告2026年第2号,2026-04-01,2026-04-01,现行有效,,否,pkulaw\raw_pdf\低空经济\无人驾驶航空器\北京海关公告2026年第2号——北京海关关于规范无人驾驶航空器申报事宜的公告(FBMCLI.14.9819588).pdf,https://www.pkulaw.com/lar/2f180e9d939c4ba0d7c43a8e5048b16cbdfb.html,引证码FBMCLI.14.9819588｜未知位阶/无条文:地方工作文件
807,pkulaw,法规,地方工作文件,南宁市工业和信息化局转发自治区工业和信息化厅关于推进民用无人驾驶航空器设置唯一产品识别码以及备案工作的通知,南宁市工业和信息化局,,2024-09-25,2024-09-25,现行有效,,否,pkulaw\raw_pdf\低空经济\无人驾驶航空器\南宁市工业和信息化局转发自治区工业和信息化厅关于推进民用无人驾驶航空器设置唯一产品识别码以及备案工作的通知(FBMCLI.14.7827939).pdf,https://www.pkulaw.com/lar/7ade7be368035ffeb494caae0498dc4ebdfb.html,引证码FBMCLI.14.7827939｜有附件｜未知位阶/无条文:地方工作文件
808,pkulaw,法规,地方工作文件,南平市人民政府关于加强2026年福建省足球联赛南平赛区赛事期间无人驾驶航空器飞行活动安全管理的通告,南平市人民政府,南政综〔2026〕36号,2026-04-30,2026-04-30,现行有效,,否,pkulaw\raw_pdf\低空经济\无人驾驶航空器\南平市人民政府关于加强2026年福建省足球联赛南平赛区赛事期间无人驾驶航空器飞行活动安全管理的通告(FBMCLI.14.9954264).pdf,https://www.pkulaw.com/lar/807ab653c2cfcde4a76da435e01ac621bdfb.html,引证码FBMCLI.14.9954264｜未知位阶/无条文:地方工作文件
809,pkulaw,法规,地方工作文件,厦门市公安局、中国民用航空厦门安全监督管理局、厦门市气象局关于进一步加强无人机等民用无人驾驶航空器安全管理的通告,厦门市公安局 中国民用航空厦门安全监督管理局 厦门市气象局,厦公综〔2022〕228号,2022-09-20,2022-09-20,现行有效,,否,pkulaw\raw_pdf\低空经济\无人驾驶航空器\厦门市公安局、中国民用航空厦门安全监督管理局、厦门市气象局关于进一步加强无人机等民用无人驾驶航空器安全管理的通告(FBMCLI.14.5577839).pdf,https://www.pkulaw.com/lar/b6cd7a119eb07ba2f95e987cfd372fd3bdfb.html,引证码FBMCLI.14.5577839｜未知位阶/无条文:地方工作文件
810,pkulaw,法规,地方规范性文件,合肥市经济和信息化委员会关于开展合肥市无人驾驶航空器生产制造企业及产品有关情况调查摸底工作的通知,合肥市经济和信息化委员会,合经信装备〔2017〕328号,2017-08-11,2017-08-11,现行有效,,否,pkulaw\raw_pdf\低空经济\无人驾驶航空器\合肥市经济和信息化委员会关于开展合肥市无人驾驶航空器生产制造企业及产品有关情况调查摸底工作的通知(FBMCLI.12.1807944).pdf,https://www.pkulaw.com/lar/481670efc6c58eb652ad027ab4b09b26bdfb.html,引证码FBMCLI.12.1807944｜有附件｜规范性文件但非结构化(通知/公告)
811,pkulaw,法规,地方工作文件,嘉兴市人民政府关于对无人驾驶航空器及空飘物实施临时性管理措施的通告,嘉兴市人民政府,嘉政发〔2024〕18号,2024-09-13,2024-09-13,现行有效,,否,pkulaw\raw_pdf\低空经济\无人驾驶航空器\嘉兴市人民政府关于对无人驾驶航空器及空飘物实施临时性管理措施的通告(FBMCLI.14.7836581).pdf,https://www.pkulaw.com/lar/4083ba6adb9eaa3b4eca61b3d7b7eaedbdfb.html,引证码FBMCLI.14.7836581｜未知位阶/无条文:地方工作文件
812,pkulaw,法规,地方工作文件,嘉兴市人民政府关于对无人驾驶航空器和空飘物采取临时性管理措施的通告(2022),嘉兴市人民政府,嘉政发〔2022〕17号,2022-09-09,2022-09-09,现行有效,,否,pkulaw\raw_pdf\低空经济\无人驾驶航空器\嘉兴市人民政府关于对无人驾驶航空器和空飘物采取临时性管理措施的通告(2022)(FBMCLI.14.7928326).pdf,https://www.pkulaw.com/lar/b5221572829424efc8a7dabf16e19764bdfb.html,引证码FBMCLI.14.7928326｜未知位阶/无条文:地方工作文件
813,pkulaw,法规,地方工作文件,四川省2024年农机购置与应用补贴植保无人驾驶航空器投档产品现场演示评价结果公告,四川省农业机械鉴定站,,2024-09-27,2024-09-27,现行有效,,否,pkulaw\raw_pdf\低空经济\无人驾驶航空器\四川省2024年农机购置与应用补贴植保无人驾驶航空器投档产品现场演示评价结果公告(FBMCLI.14.7827139).pdf,https://www.pkulaw.com/lar/33b7c737068b7f79b1cd8c8254cd3c45bdfb.html,引证码FBMCLI.14.7827139｜有附件｜未知位阶/无条文:地方工作文件
814,pkulaw,法规,地方工作文件,四川省农业农村厅关于实施植保无人驾驶航空器农机购置与应用补贴的通知,四川省农业农村厅,川农发〔2025〕7 号,2025-03-10,2025-03-10,现行有效,,否,pkulaw\raw_pdf\低空经济\无人驾驶航空器\四川省农业农村厅关于实施植保无人驾驶航空器农机购置与应用补贴的通知(FBMCLI.14.8619845).pdf,https://www.pkulaw.com/lar/8b3e9a6ccf64430e9204ace2443f4577bdfb.html,引证码FBMCLI.14.8619845｜有附件｜未知位阶/无条文:地方工作文件
815,pkulaw,法规,地方工作文件,四川省农业机械鉴定站关于开展四川省2022年农机购置与应用补贴植保无人驾驶航空器产品现场演示评价的通知,四川省农业机械鉴定站,,2022-12-13,2022-12-13,现行有效,,否,pkulaw\raw_pdf\低空经济\无人驾驶航空器\四川省农业机械鉴定站关于开展四川省2022年农机购置与应用补贴植保无人驾驶航空器产品现场演示评价的通知(FBMCLI.14.5684354).pdf,https://www.pkulaw.com/lar/2a91b86e91204c5a8250ff59b1032e63bdfb.html,引证码FBMCLI.14.5684354｜有附件｜未知位阶/无条文:地方工作文件
816,pkulaw,法规,地方工作文件,四川省农业机械鉴定站关于开展四川省2022年植保无人驾驶航空器产品自主投档有关事项的通知,四川省农业机械鉴定站,,2022-10-23,2022-10-23,现行有效,,否,pkulaw\raw_pdf\低空经济\无人驾驶航空器\四川省农业机械鉴定站关于开展四川省2022年植保无人驾驶航空器产品自主投档有关事项的通知(FBMCLI.14.5620470).pdf,https://www.pkulaw.com/lar/39dec2039dcdf51a02f8adcf0ff3c65cbdfb.html,引证码FBMCLI.14.5620470｜未知位阶/无条文:地方工作文件
817,pkulaw,法规,地方工作文件,四川省农业机械鉴定站关于开展四川省2024年农机购置与应用补贴植保无人驾驶航空器产品现场演示评价的通知,四川省农业机械鉴定站,,2024-09-12,2024-09-12,现行有效,,否,pkulaw\raw_pdf\低空经济\无人驾驶航空器\四川省农业机械鉴定站关于开展四川省2024年农机购置与应用补贴植保无人驾驶航空器产品现场演示评价的通知(FBMCLI.14.7796160).pdf,https://www.pkulaw.com/lar/8c2ceb522b0cf3589ca84000403cc5ebbdfb.html,引证码FBMCLI.14.7796160｜有附件｜未知位阶/无条文:地方工作文件
818,pkulaw,法规,部门规范性文件,国家体育总局办公厅、中国教科文卫体工会全国委员会、中华全国体育总会秘书处关于印发2017年全国体育行业职业技能大赛无人驾...,国家体育总局 中国教科文卫体工会全国委员会 中华全国体育总会,体群字〔2017〕172号,2017-09-18,2017-09-18,现行有效,,否,pkulaw\raw_pdf\低空经济\无人驾驶航空器\国家体育总局办公厅、中国教科文卫体工会全国委员会、中华全国体育总会秘书处关于印发2017年全国体育行业职业技能大赛无人驾...(FBMCLI.4.302025).pdf,https://www.pkulaw.com/chl/241ecf8a55c0c5a0bdfb.html,引证码FBMCLI.4.302025｜有附件｜规范性文件但非结构化(通知/公告)
819,pkulaw,法规,部门规范性文件,国家机电产品进出口办公室关于小型无人驾驶航空器自动进口许可签发有关问题的通知,国家机电产品进出口办公室,机电办机进〔2015〕47号,2015-07-14,2015-07-14,现行有效,,否,pkulaw\raw_pdf\低空经济\无人驾驶航空器\国家机电产品进出口办公室关于小型无人驾驶航空器自动进口许可签发有关问题的通知(FBMCLI.4.251588).pdf,https://www.pkulaw.com/chl/d7afcaacdc6271d3bdfb.html,引证码FBMCLI.4.251588｜规范性文件但非结构化(通知/公告)
820,pkulaw,法规,部门工作文件,国家标准化管理委员会、工业和信息化部、自然资源部、农业农村部、国家能源局、中国民用航空局关于印发《无人驾驶航空器系统...,国家标准化管理委员会 工业和信息化部 自然资源部 农业农村部 国家能源局 中国民,国标委联〔2021〕24号,2021-09-13,2021-09-13,现行有效,,否,pkulaw\raw_pdf\低空经济\无人驾驶航空器\国家标准化管理委员会、工业和信息化部、自然资源部、农业农村部、国家能源局、中国民用航空局关于印发《无人驾驶航空器系统...(FBMCLI.4.5077860).pdf,https://www.pkulaw.com/chl/f57bd51515c9b3aabdfb.html,引证码FBMCLI.4.5077860｜有附件｜部门工作文件(通知/名单)
821,pkulaw,法规,部门工作文件,国家标准化管理委员会关于提前实施《民用无人驾驶航空器系统安全要求》国家标准主要条款的通知,国家标准化管理委员会,,2023-11-30,2023-11-30,现行有效,,否,pkulaw\raw_pdf\低空经济\无人驾驶航空器\国家标准化管理委员会关于提前实施《民用无人驾驶航空器系统安全要求》国家标准主要条款的通知(FBMCLI.4.5183652).pdf,https://www.pkulaw.com/chl/797732a10bcdc4f8bdfb.html,引证码FBMCLI.4.5183652｜有附件｜部门工作文件(通知/名单)
822,pkulaw,法规,部门工作文件,国家标准委办公室等关于印发《无人驾驶航空器系统标准体系建设指南(2017―2018年版)》的通知,国家标准化管理委员会 科学技术部 工业和信息化部 公安部 农业部(已撤销) 国家体,,2017-05-22,2017-05-22,现行有效,,否,pkulaw\raw_pdf\低空经济\无人驾驶航空器\国家标准委办公室等关于印发《无人驾驶航空器系统标准体系建设指南(2017―2018年版)》的通知(FBMCLI.4.296876).pdf,https://www.pkulaw.com/chl/14480da053deb777bdfb.html,引证码FBMCLI.4.296876｜有附件｜部门工作文件(通知/名单)
823,pkulaw,法规,部门工作文件,城市场景物流电动多旋翼无人驾驶航空器(轻小型)系统技术要求,中国民用航空局,,2022-03-07,2022-04-01,现行有效,,否,pkulaw\raw_pdf\低空经济\无人驾驶航空器\城市场景物流电动多旋翼无人驾驶航空器(轻小型)系统技术要求(FBMCLI.4.5304581).pdf,https://www.pkulaw.com/chl/fe6ae660d5083075bdfb.html,引证码FBMCLI.4.5304581｜部门工作文件(通知/名单)
824,pkulaw,法规,部门工作文件,城市场景轻小型无人驾驶航空器物流航线划设规范,中国民用航空局,,2022-07-29,2022-08-01,现行有效,,否,pkulaw\raw_pdf\低空经济\无人驾驶航空器\城市场景轻小型无人驾驶航空器物流航线划设规范(FBMCLI.4.5305871).pdf,https://www.pkulaw.com/chl/fb694872e5a127e6bdfb.html,引证码FBMCLI.4.5305871｜部门工作文件(通知/名单)
825,pkulaw,法规,部门工作文件,基于区块链的民用无人驾驶航空器飞行数据存证技术要求,中国民用航空局,,2024-01-10,2024-02-01,现行有效,,否,pkulaw\raw_pdf\低空经济\无人驾驶航空器\基于区块链的民用无人驾驶航空器飞行数据存证技术要求(FBMCLI.4.5305504).pdf,https://www.pkulaw.com/chl/62ba6d8f504d7c92bdfb.html,引证码FBMCLI.4.5305504｜部门工作文件(通知/名单)
826,pkulaw,法规,部门工作文件,大型民用无人驾驶航空器系统操控员训练要求,中国民用航空局,,2026-04-24,2026-05-01,现行有效,,否,pkulaw\raw_pdf\低空经济\无人驾驶航空器\大型民用无人驾驶航空器系统操控员训练要求(FBMCLI.4.5344060).pdf,https://www.pkulaw.com/chl/78e4c411d2806de9bdfb.html,引证码FBMCLI.4.5344060｜有附件｜部门工作文件(通知/名单)
827,pkulaw,法规,地方工作文件,大理白族自治州人民政府关于公布大理州无人驾驶航空器适飞空域范围的通告,大理白族自治州人民政府,大政发〔2026〕2号,2026-02-09,2026-02-09,现行有效,,否,pkulaw\raw_pdf\低空经济\无人驾驶航空器\大理白族自治州人民政府关于公布大理州无人驾驶航空器适飞空域范围的通告(FBMCLI.14.9984107).pdf,https://www.pkulaw.com/lar/5df43a75bd15a0bdaf6d9c7d3c23a480bdfb.html,引证码FBMCLI.14.9984107｜有附件｜未知位阶/无条文:地方工作文件
828,pkulaw,法规,地方工作文件,天津市农业农村委、天津市财政局关于印发《天津市农用无人驾驶航空器购置与应用补贴工作方案》的通知,天津市农业农村委员会 天津市财政局,津农委计财〔2025〕7号,2025-02-12,2025-02-12,现行有效,,否,pkulaw\raw_pdf\低空经济\无人驾驶航空器\天津市农业农村委、天津市财政局关于印发《天津市农用无人驾驶航空器购置与应用补贴工作方案》的通知(FBMCLI.14.8483324).pdf,https://www.pkulaw.com/lar/ce386b4a6b2a0e7db8473f1a5cec2d1ebdfb.html,引证码FBMCLI.14.8483324｜有附件｜未知位阶/无条文:地方工作文件
829,pkulaw,法规,地方工作文件,宁夏回族自治区交通运输厅关于公布微型、轻型、小型无人驾驶航空器适飞空域的通告,宁夏回族自治区交通运输厅,,,2026,现行有效,,否,pkulaw\raw_pdf\低空经济\无人驾驶航空器\宁夏回族自治区交通运输厅关于公布微型、轻型、小型无人驾驶航空器适飞空域的通告(FBMCLI.14.9956449).pdf,https://www.pkulaw.com/lar/47b398aa0a2efe538bf270d00a7d1ff5bdfb.html,引证码FBMCLI.14.9956449｜有附件｜未知位阶/无条文:地方工作文件
830,pkulaw,法规,地方工作文件,宁夏回族自治区自然资源厅办公室关于举办《无人驾驶航空器飞行管理暂行条例》专题讲座的通知,宁夏回族自治区自然资源厅,宁自然资办发〔2023〕63号,2023-10-16,2023-10-16,现行有效,,否,pkulaw\raw_pdf\低空经济\无人驾驶航空器\宁夏回族自治区自然资源厅办公室关于举办《无人驾驶航空器飞行管理暂行条例》专题讲座的通知(FBMCLI.14.7222815).pdf,https://www.pkulaw.com/lar/cd6bde3e95241089b03f363ea6ea120bbdfb.html,引证码FBMCLI.14.7222815｜有附件｜未知位阶/无条文:地方工作文件
831,pkulaw,法规,地方工作文件,宁波市人民政府关于对无人驾驶航空器实施临时管控的通告,宁波市人民政府,甬政告〔2024〕2 号,2024-10-10,2024-10-10,现行有效,,否,pkulaw\raw_pdf\低空经济\无人驾驶航空器\宁波市人民政府关于对无人驾驶航空器实施临时管控的通告(FBMCLI.14.7838896).pdf,https://www.pkulaw.com/lar/4a09cbadd01fc0ae95eea35cc88e49dfbdfb.html,引证码FBMCLI.14.7838896｜未知位阶/无条文:地方工作文件
832,pkulaw,法规,地方工作文件,安徽省农业农村厅、安徽省财政厅关于印发安徽省农用无人驾驶航空器购置与应用补贴实施方案的通知,安徽省农业农村厅 安徽省财政厅,,2025-02-20,2025-02-20,现行有效,,否,pkulaw\raw_pdf\低空经济\无人驾驶航空器\安徽省农业农村厅、安徽省财政厅关于印发安徽省农用无人驾驶航空器购置与应用补贴实施方案的通知(FBMCLI.14.8608392).pdf,https://www.pkulaw.com/lar/38d4ecb764330ddc97186feb905cbbd0bdfb.html,引证码FBMCLI.14.8608392｜有附件｜未知位阶/无条文:地方工作文件
833,pkulaw,法规,地方工作文件,安徽省农业农村厅、安徽省财政厅关于继续开展植保无人驾驶航空器规范应用试点工作的通知,安徽省农业农村厅 安徽省财政厅,皖农机函〔2022〕399号,2022-04-21,2022-04-21,现行有效,,否,pkulaw\raw_pdf\低空经济\无人驾驶航空器\安徽省农业农村厅、安徽省财政厅关于继续开展植保无人驾驶航空器规范应用试点工作的通知(FBMCLI.14.5073952).pdf,https://www.pkulaw.com/lar/8cd5cec4e7e10decc0bf4368c3a23eaebdfb.html,引证码FBMCLI.14.5073952｜有附件｜未知位阶/无条文:地方工作文件
834,pkulaw,法规,地方工作文件,安徽省经济和信息化委员会转发工业和信息化部办公厅关于开展民用无人驾驶航空器生产企业和产品信息填报工作的通知,安徽省经济和信息化委员会,皖经信装备函[2017]814号,2017-06-01,2017-06-01,现行有效,,否,pkulaw\raw_pdf\低空经济\无人驾驶航空器\安徽省经济和信息化委员会转发工业和信息化部办公厅关于开展民用无人驾驶航空器生产企业和产品信息填报工作的通知(FBMCLI.14.4967168).pdf,https://www.pkulaw.com/lar/bcb91ae5aba898c0e5bc5e288d97d64abdfb.html,引证码FBMCLI.14.4967168｜有附件｜未知位阶/无条文:地方工作文件
835,pkulaw,法规,地方工作文件,宜宾市人民政府关于对无人驾驶航空器实施临时管控的通告,宜宾市人民政府,宜府通〔2026〕1号,2026-01-07,2026-01-07,现行有效,,否,pkulaw\raw_pdf\低空经济\无人驾驶航空器\宜宾市人民政府关于对无人驾驶航空器实施临时管控的通告(FBMCLI.14.9603294).pdf,https://www.pkulaw.com/lar/24773461c6d4a63f160fe51f966f4a5ebdfb.html,引证码FBMCLI.14.9603294｜未知位阶/无条文:地方工作文件
836,pkulaw,法规,地方工作文件,宝鸡市人民政府关于公布微型、轻型、小型无人驾驶航空器适飞空域范围的通告,宝鸡市人民政府,,2026-07-05,2026-07-05,现行有效,,否,pkulaw\raw_pdf\低空经济\无人驾驶航空器\宝鸡市人民政府关于公布微型、轻型、小型无人驾驶航空器适飞空域范围的通告(FBMCLI.14.10100921).pdf,https://www.pkulaw.com/lar/72a936d66fe78b47ff07103885b258a7bdfb.html,引证码FBMCLI.14.10100921｜有附件｜未知位阶/无条文:地方工作文件
837,pkulaw,法规,地方工作文件,宣城市人民政府关于临时增加无人驾驶航空器管制空域的通告,宣城市人民政府,,2024-06-05,2024-06-05,现行有效,,否,pkulaw\raw_pdf\低空经济\无人驾驶航空器\宣城市人民政府关于临时增加无人驾驶航空器管制空域的通告(FBMCLI.14.9356678).pdf,https://www.pkulaw.com/lar/2bbf7757381190985992fa57ec1a1d1ebdfb.html,引证码FBMCLI.14.9356678｜未知位阶/无条文:地方工作文件
838,pkulaw,法规,地方工作文件,山东省农业农村厅关于印发《山东省农用无人驾驶航空器购置与应用补贴实施方案》的通知,山东省农业农村厅,鲁农函字〔2024〕295号,2024-12-31,2024-12-31,现行有效,,否,pkulaw\raw_pdf\低空经济\无人驾驶航空器\山东省农业农村厅关于印发《山东省农用无人驾驶航空器购置与应用补贴实施方案》的通知(FBMCLI.14.8436343).pdf,https://www.pkulaw.com/lar/7e7e24291563d3a9c872a03a7a99447fbdfb.html,引证码FBMCLI.14.8436343｜未知位阶/无条文:地方工作文件
839,pkulaw,法规,地方工作文件,山西省农业农村厅、山西省财政厅关于印发《农用无人驾驶航空器购置补贴方案》的通知,山西省农业农村厅 山西省财政厅,晋农发〔2025〕25号,2025-03-17,2025-03-17,现行有效,,否,pkulaw\raw_pdf\低空经济\无人驾驶航空器\山西省农业农村厅、山西省财政厅关于印发《农用无人驾驶航空器购置补贴方案》的通知(FBMCLI.14.8628873).pdf,https://www.pkulaw.com/lar/1667a78c0183ab52d3f25a58db8437ccbdfb.html,引证码FBMCLI.14.8628873｜有附件｜未知位阶/无条文:地方工作文件
840,pkulaw,法规,部门工作文件,工业和信息化部关于无人驾驶航空器系统频率使用事宜的通知,工业和信息化部,,2015-03-10,2015-03-10,现行有效,,否,pkulaw\raw_pdf\低空经济\无人驾驶航空器\工业和信息化部关于无人驾驶航空器系统频率使用事宜的通知(FBMCLI.4.246871).pdf,https://www.pkulaw.com/chl/0c7b1119b3dc758abdfb.html,引证码FBMCLI.4.246871｜有附件｜部门工作文件(通知/名单)
841,pkulaw,法规,部门工作文件,工业和信息化部办公厅关于开展民用无人驾驶航空器生产企业和产品信息填报工作的通知,工业和信息化部,工信厅装函〔2017〕314号,2017-05-22,2017-05-22,现行有效,,否,pkulaw\raw_pdf\低空经济\无人驾驶航空器\工业和信息化部办公厅关于开展民用无人驾驶航空器生产企业和产品信息填报工作的通知(FBMCLI.4.295231).pdf,https://www.pkulaw.com/chl/361062ca14ff6926bdfb.html,引证码FBMCLI.4.295231｜有附件｜部门工作文件(通知/名单)
842,pkulaw,法规,部门工作文件,市场监管总局关于对微型、轻型、小型民用无人驾驶航空器实施召回管理的公告,国家市场监督管理总局,国家市场监督管理总局公告2023年第49号,2023-11-27,2023-11-27,现行有效,,否,pkulaw\raw_pdf\低空经济\无人驾驶航空器\市场监管总局关于对微型、轻型、小型民用无人驾驶航空器实施召回管理的公告(FBMCLI.4.5183511).pdf,https://www.pkulaw.com/chl/f7e78e0a2398c647bdfb.html,引证码FBMCLI.4.5183511｜部门工作文件(通知/名单)
843,pkulaw,法规,地方工作文件,常州市经信委关于开展民用无人驾驶航空器生产企业和产品信息填报工作的通知,常州市经济和信息化委员会,常经信装备〔2017〕154号,2017-05-26,2017-05-26,现行有效,,否,pkulaw\raw_pdf\低空经济\无人驾驶航空器\常州市经信委关于开展民用无人驾驶航空器生产企业和产品信息填报工作的通知(FBMCLI.14.8676951).pdf,https://www.pkulaw.com/lar/cfe495f293bbd841ac3cadfc9a93e4e5bdfb.html,引证码FBMCLI.14.8676951｜有附件｜未知位阶/无条文:地方工作文件
844,pkulaw,法规,地方工作文件,广安市人民政府关于2025广安马拉松赛期间对民用无人驾驶航空器飞行管控的通告,广安市人民政府,,2025-11-05,2025-11-05,现行有效,,否,pkulaw\raw_pdf\低空经济\无人驾驶航空器\广安市人民政府关于2025广安马拉松赛期间对民用无人驾驶航空器飞行管控的通告(FBMCLI.14.9337256).pdf,https://www.pkulaw.com/lar/35bb20a62341ca29453de23415b33d75bdfb.html,引证码FBMCLI.14.9337256｜未知位阶/无条文:地方工作文件
845,pkulaw,法规,地方工作文件,广安市人民政府关于春节期间对民用无人驾驶航空器飞行管控的通告,广安市人民政府,,2025-01-22,2025-01-22,现行有效,,否,pkulaw\raw_pdf\低空经济\无人驾驶航空器\广安市人民政府关于春节期间对民用无人驾驶航空器飞行管控的通告(FBMCLI.14.8910905).pdf,https://www.pkulaw.com/lar/1185e5a30bedf878f27288e6cbe669e4bdfb.html,引证码FBMCLI.14.8910905｜未知位阶/无条文:地方工作文件
846,pkulaw,法规,地方工作文件,广西壮族自治区交通运输厅关于公布广西壮族自治区无人驾驶航空器新版适飞空域范围的公告,广西壮族自治区交通运输厅,,2026-05-12,2026-05-12,现行有效,,否,pkulaw\raw_pdf\低空经济\无人驾驶航空器\广西壮族自治区交通运输厅关于公布广西壮族自治区无人驾驶航空器新版适飞空域范围的公告(FBMCLI.14.9956597).pdf,https://www.pkulaw.com/lar/f7d6e095fd3542172b5bda2d2f7965c1bdfb.html,引证码FBMCLI.14.9956597｜有附件｜未知位阶/无条文:地方工作文件
847,pkulaw,法规,地方规范性文件,广西壮族自治区交通运输厅关于公布广西壮族自治区无人驾驶航空器适飞空域范围的公告,广西壮族自治区交通运输厅,,2025-12-02,2025-12-02,现行有效,,否,pkulaw\raw_pdf\低空经济\无人驾驶航空器\广西壮族自治区交通运输厅关于公布广西壮族自治区无人驾驶航空器适飞空域范围的公告(FBMCLI.12.9480415).pdf,https://www.pkulaw.com/lar/72f50e48ad0fbaed7d6e737ee506df12bdfb.html,引证码FBMCLI.12.9480415｜有附件｜规范性文件但非结构化(通知/公告)
848,pkulaw,法规,地方工作文件,广西壮族自治区农业农村厅、广西壮族自治区自治区财政厅关于印发广西农用无人驾驶航空器购置与应用补贴实施方案的通知,广西壮族自治区农业农村厅 广西壮族自治区财政厅,桂农厅规〔2025〕9号,2025-08-20,2025-08-20,现行有效,,否,pkulaw\raw_pdf\低空经济\无人驾驶航空器\广西壮族自治区农业农村厅、广西壮族自治区自治区财政厅关于印发广西农用无人驾驶航空器购置与应用补贴实施方案的通知(FBMCLI.14.9158177).pdf,https://www.pkulaw.com/lar/ed6a932f83b60be2676053c0cda44d4abdfb.html,引证码FBMCLI.14.9158177｜有附件｜未知位阶/无条文:地方工作文件
849,pkulaw,法规,地方工作文件,广西壮族自治区农业机械化服务中心关于发布广西2025年度第四批自主投档的农用无人驾驶航空器和揉丝机现场演示评价情况的通告,广西壮族自治区农业机械化服务中心,,2026-01-12,2026-01-12,现行有效,,否,pkulaw\raw_pdf\低空经济\无人驾驶航空器\广西壮族自治区农业机械化服务中心关于发布广西2025年度第四批自主投档的农用无人驾驶航空器和揉丝机现场演示评价情况的通告(FBMCLI.14.9613905).pdf,https://www.pkulaw.com/lar/0d67566c03582a8d51aa1c804ea54b7cbdfb.html,引证码FBMCLI.14.9613905｜有附件｜未知位阶/无条文:地方工作文件
850,pkulaw,法规,地方工作文件,广西壮族自治区农业机械化服务中心关于发布广西2026年度第一批自主投档的农用无人驾驶航空器现场演示评价情况的通告,广西壮族自治区农业机械化服务中心,,2026-05-22,2026-05-22,现行有效,,否,pkulaw\raw_pdf\低空经济\无人驾驶航空器\广西壮族自治区农业机械化服务中心关于发布广西2026年度第一批自主投档的农用无人驾驶航空器现场演示评价情况的通告(FBMCLI.14.9967616).pdf,https://www.pkulaw.com/lar/f9ca1ebe8bbb4bf0960e24f0dbe92e0ebdfb.html,引证码FBMCLI.14.9967616｜有附件｜未知位阶/无条文:地方工作文件
851,pkulaw,法规,地方工作文件,广西壮族自治区农业机械化服务中心关于开展2025年度第四批自主投档的农用无人驾驶航空器和揉丝机现场演示评价的通知,广西壮族自治区农业机械化服务中心,,2025-12-23,2025-12-23,现行有效,,否,pkulaw\raw_pdf\低空经济\无人驾驶航空器\广西壮族自治区农业机械化服务中心关于开展2025年度第四批自主投档的农用无人驾驶航空器和揉丝机现场演示评价的通知(FBMCLI.14.9533232).pdf,https://www.pkulaw.com/lar/dcd0dc92b3f363d58c76a6a1238a2390bdfb.html,引证码FBMCLI.14.9533232｜有附件｜未知位阶/无条文:地方工作文件
852,pkulaw,法规,地方工作文件,广西壮族自治区农业机械化服务中心关于开展2026年度第一批自主投档的农用无人驾驶航空器现场演示评价的通知,广西壮族自治区农业机械化服务中心,,2026-04-23,2026-04-23,现行有效,,否,pkulaw\raw_pdf\低空经济\无人驾驶航空器\广西壮族自治区农业机械化服务中心关于开展2026年度第一批自主投档的农用无人驾驶航空器现场演示评价的通知(FBMCLI.14.9916168).pdf,https://www.pkulaw.com/lar/41bae181cf3459a5b074fffb7efc8457bdfb.html,引证码FBMCLI.14.9916168｜有附件｜未知位阶/无条文:地方工作文件
853,pkulaw,法规,地方工作文件,张家界市人民政府办公室关于成立张家界市无人驾驶航空器及其他升空物体管理工作联席会议的通知,张家界市人民政府,张政办函〔2017〕130号,2017-10-23,2017-10-23,现行有效,,否,pkulaw\raw_pdf\低空经济\无人驾驶航空器\张家界市人民政府办公室关于成立张家界市无人驾驶航空器及其他升空物体管理工作联席会议的通知(FBMCLI.14.1416191).pdf,https://www.pkulaw.com/lar/0a3ba237a9a51be054aba0d12f25caecbdfb.html,引证码FBMCLI.14.1416191｜未知位阶/无条文:地方工作文件
854,pkulaw,法规,地方工作文件,德阳市人民政府办公室关于建立德阳市民用无人驾驶航空器安全管理联席会议制度的通知,德阳市人民政府,德办函〔2017〕84号,2017-12-21,2017-12-21,现行有效,,否,pkulaw\raw_pdf\低空经济\无人驾驶航空器\德阳市人民政府办公室关于建立德阳市民用无人驾驶航空器安全管理联席会议制度的通知(FBMCLI.14.1429844).pdf,https://www.pkulaw.com/lar/c4210e551838748deb32413c8288b55ebdfb.html,引证码FBMCLI.14.1429844｜未知位阶/无条文:地方工作文件
855,pkulaw,法规,地方工作文件,怒江州人民政府办公室关于全面加强无人驾驶航空器管理工作的通知,怒江傈僳族自治州人民政府,怒府办电〔2017〕14号,2017-07-18,2017-07-18,现行有效,,否,pkulaw\raw_pdf\低空经济\无人驾驶航空器\怒江州人民政府办公室关于全面加强无人驾驶航空器管理工作的通知(FBMCLI.14.1526057).pdf,https://www.pkulaw.com/lar/4669060510ed0e0e98b7f4c760cd1ed0bdfb.html,引证码FBMCLI.14.1526057｜未知位阶/无条文:地方工作文件
856,pkulaw,法规,地方工作文件,成都市经济和信息化委员会关于开展民用无人驾驶航空器生产企业和产品信息填报工作的通知,成都市经济和信息化委员会,,2017-05-27,2017-05-27,现行有效,,否,pkulaw\raw_pdf\低空经济\无人驾驶航空器\成都市经济和信息化委员会关于开展民用无人驾驶航空器生产企业和产品信息填报工作的通知(FBMCLI.14.6306602).pdf,https://www.pkulaw.com/lar/98712ebd436d1ee196af7e321771af98bdfb.html,引证码FBMCLI.14.6306602｜有附件｜未知位阶/无条文:地方工作文件
857,pkulaw,法规,地方规范性文件,扬州市农业农村局办公室关于进一步加强农用无人驾驶航空器安全生产工作的通知,扬州市农业农村局,扬农办〔2025〕11号,2025-03-31,2025-03-31,现行有效,,否,pkulaw\raw_pdf\低空经济\无人驾驶航空器\扬州市农业农村局办公室关于进一步加强农用无人驾驶航空器安全生产工作的通知(FBMCLI.12.9101799).pdf,https://www.pkulaw.com/lar/73385bb8783d9427c8a626ccc98a487bbdfb.html,引证码FBMCLI.12.9101799｜有附件｜规范性文件但非结构化(通知/公告)
858,pkulaw,法规,地方工作文件,扬州市发展和改革委员会、扬州市公安局、扬州市农业农村局、国网江苏省电力有限公司扬州供电分公司关于规范电力设施周边农用...,扬州市发展和改革委员会 扬州市公安局 扬州市农业农村局 国网江苏省电力有限公司扬州供电分,扬发改能源发〔2026〕79号,2026-06-08,2026-06-08,现行有效,,否,pkulaw\raw_pdf\低空经济\无人驾驶航空器\扬州市发展和改革委员会、扬州市公安局、扬州市农业农村局、国网江苏省电力有限公司扬州供电分公司关于规范电力设施周边农用...(FBMCLI.14.10079574).pdf,https://www.pkulaw.com/lar/f7ad439644c3978bd651b66c0fdc2604bdfb.html,引证码FBMCLI.14.10079574｜有附件｜未知位阶/无条文:地方工作文件
859,pkulaw,法规,地方工作文件,抚顺市人民政府关于加强无人驾驶航空器管理工作的通知,抚顺市人民政府,,2017-08-21,2017-08-21,现行有效,,否,pkulaw\raw_pdf\低空经济\无人驾驶航空器\抚顺市人民政府关于加强无人驾驶航空器管理工作的通知(FBMCLI.14.6630661).pdf,https://www.pkulaw.com/lar/bc9746c0f1e006867f30c2657828a7e5bdfb.html,引证码FBMCLI.14.6630661｜未知位阶/无条文:地方工作文件
860,pkulaw,法规,地方工作文件,拉萨市人民政府关于公布拉萨贡嘎国际机场无人驾驶航空器管制空域的通告,拉萨市人民政府,,2026-04-04,2026-04-04,现行有效,,否,pkulaw\raw_pdf\低空经济\无人驾驶航空器\拉萨市人民政府关于公布拉萨贡嘎国际机场无人驾驶航空器管制空域的通告(FBMCLI.14.9844799).pdf,https://www.pkulaw.com/lar/af91e05ab54ea963bdfbb3326c29814dbdfb.html,引证码FBMCLI.14.9844799｜未知位阶/无条文:地方工作文件
861,pkulaw,法规,地方工作文件,揭阳市经济和信息化局转发广东省经济和信息化委办公室关于开展民用无人驾驶航空器生产企业和产品信息填报工作的通知,揭阳市经济和信息化局,,2017-05-31,2017-05-31,现行有效,,否,pkulaw\raw_pdf\低空经济\无人驾驶航空器\揭阳市经济和信息化局转发广东省经济和信息化委办公室关于开展民用无人驾驶航空器生产企业和产品信息填报工作的通知(FBMCLI.14.1604319).pdf,https://www.pkulaw.com/lar/4f7bb26a318de6957235d7a0d0ef58e1bdfb.html,引证码FBMCLI.14.1604319｜有附件｜未知位阶/无条文:地方工作文件
862,pkulaw,法规,地方工作文件,文山州人民政府关于明确文山普者黑机场无人驾驶航空器禁飞区域的通告,文山壮族苗族自治州人民政府,文政发〔2017〕42号,2017-05-12,2017-05-12,现行有效,,否,pkulaw\raw_pdf\低空经济\无人驾驶航空器\文山州人民政府关于明确文山普者黑机场无人驾驶航空器禁飞区域的通告(FBMCLI.14.2329728).pdf,https://www.pkulaw.com/lar/f6c0c78eb05a9313dd14b585a8bd3e63bdfb.html,引证码FBMCLI.14.2329728｜有附件｜未知位阶/无条文:地方工作文件
863,pkulaw,法规,地方工作文件,文山州人民政府办公室关于成立文山州全面加强无人驾驶航空器管理工作领导小组的通知,文山壮族苗族自治州人民政府,文政办发〔2017〕94号,2017-05-12,2017-05-12,现行有效,,否,pkulaw\raw_pdf\低空经济\无人驾驶航空器\文山州人民政府办公室关于成立文山州全面加强无人驾驶航空器管理工作领导小组的通知(FBMCLI.14.2340617).pdf,https://www.pkulaw.com/lar/7ff33c3974f9845c854f3a3e04a21c81bdfb.html,引证码FBMCLI.14.2340617｜未知位阶/无条文:地方工作文件
864,pkulaw,法规,部门工作文件,无人驾驶航空器系统作业飞行技术规范,中国民用航空局,,2018-08-21,2018-11-01,现行有效,,否,pkulaw\raw_pdf\低空经济\无人驾驶航空器\无人驾驶航空器系统作业飞行技术规范(FBMCLI.4.5304654).pdf,https://www.pkulaw.com/chl/c7c422cea6d21dd7bdfb.html,引证码FBMCLI.4.5304654｜有附件｜部门工作文件(通知/名单)
865,pkulaw,法规,地方工作文件,昆明市人民政府关于公布微型、轻型、小型无人驾驶航空器适飞空域范围的通告,昆明市人民政府,昆政发〔2026〕1号,2026-02-05,2026-02-05,现行有效,,否,pkulaw\raw_pdf\低空经济\无人驾驶航空器\昆明市人民政府关于公布微型、轻型、小型无人驾驶航空器适飞空域范围的通告(FBMCLI.14.9661377).pdf,https://www.pkulaw.com/lar/b97404145122748a74789fe66e179b11bdfb.html,引证码FBMCLI.14.9661377｜有附件｜未知位阶/无条文:地方工作文件
866,pkulaw,法规,地方工作文件,昆明市人民政府关于更新公布市域微型、轻型、小型无人驾驶航空器适飞空域范围的通告,昆明市人民政府,昆政发〔2026〕10号,2026-06-15,2026-06-15,现行有效,,否,pkulaw\raw_pdf\低空经济\无人驾驶航空器\昆明市人民政府关于更新公布市域微型、轻型、小型无人驾驶航空器适飞空域范围的通告(FBMCLI.14.10039818).pdf,https://www.pkulaw.com/lar/bb973bb2c5cbed3d006e1c229cbd1c00bdfb.html,引证码FBMCLI.14.10039818｜有附件｜未知位阶/无条文:地方工作文件
867,pkulaw,法规,地方工作文件,昆明市全面加强无人驾驶航空器管理工作领导小组办公室关于上合昆明国际马拉松赛期间加强“低慢小”航空器管理工作的通告,昆明市全面加强无人驾驶航空器管理工作领导小组,,2019-11-27,2019-11-27,现行有效,,否,pkulaw\raw_pdf\低空经济\无人驾驶航空器\昆明市全面加强无人驾驶航空器管理工作领导小组办公室关于上合昆明国际马拉松赛期间加强“低慢小”航空器管理工作的通告(FBMCLI.14.4008566).pdf,https://www.pkulaw.com/lar/a95671bc4e1de3fa2e5bf3774839ffc3bdfb.html,引证码FBMCLI.14.4008566｜未知位阶/无条文:地方工作文件
868,pkulaw,法规,地方工作文件,昆明市全面加强无人驾驶航空器管理工作领导小组办公室关于加强“低慢小”航空器管理工作的通告,昆明市全面加强无人驾驶航空器管理工作领导小组,,2018-11-06,2018-11-06,现行有效,,否,pkulaw\raw_pdf\低空经济\无人驾驶航空器\昆明市全面加强无人驾驶航空器管理工作领导小组办公室关于加强“低慢小”航空器管理工作的通告(FBMCLI.14.4008594).pdf,https://www.pkulaw.com/lar/09df24db326355cee9cc94fbec505377bdfb.html,引证码FBMCLI.14.4008594｜未知位阶/无条文:地方工作文件
869,pkulaw,法规,地方工作文件,昆明市全面加强无人驾驶航空器管理工作领导小组办公室关于加强“低慢小”航空器管理工作的通告,昆明市全面加强无人驾驶航空器管理工作领导小组,,2022-07-18,2022-07-18,现行有效,,否,pkulaw\raw_pdf\低空经济\无人驾驶航空器\昆明市全面加强无人驾驶航空器管理工作领导小组办公室关于加强“低慢小”航空器管理工作的通告(FBMCLI.14.5600109).pdf,https://www.pkulaw.com/lar/b60c24ef4321ff758e39d840bbd67808bdfb.html,引证码FBMCLI.14.5600109｜未知位阶/无条文:地方工作文件
870,pkulaw,法规,地方工作文件,昆明市全面加强无人驾驶航空器管理工作领导小组办公室关于加强“低慢小”航空器管理工作的通告,昆明市公安局,,2022-07-18,2022-07-18,现行有效,,否,pkulaw\raw_pdf\低空经济\无人驾驶航空器\昆明市全面加强无人驾驶航空器管理工作领导小组办公室关于加强“低慢小”航空器管理工作的通告(FBMCLI.14.6352069).pdf,https://www.pkulaw.com/lar/639d543f79fafd7be67b8158b510c453bdfb.html,引证码FBMCLI.14.6352069｜未知位阶/无条文:地方工作文件
871,pkulaw,法规,地方工作文件,昆明市全面加强无人驾驶航空器管理工作领导小组办公室关于焰火表演活动期间加强“低慢小”航空器管理工作的通告,昆明市全面加强无人驾驶航空器管理工作领导小组,,2019-09-26,2019-09-26,现行有效,,否,pkulaw\raw_pdf\低空经济\无人驾驶航空器\昆明市全面加强无人驾驶航空器管理工作领导小组办公室关于焰火表演活动期间加强“低慢小”航空器管理工作的通告(FBMCLI.14.4008572).pdf,https://www.pkulaw.com/lar/1f7726e5501b58f165f4341d543de29ebdfb.html,引证码FBMCLI.14.4008572｜未知位阶/无条文:地方工作文件
872,pkulaw,法规,地方工作文件,昆明市全面加强无人驾驶航空器管理工作领导小组办公室关于龙舟赛期间加强“低慢小”航空器管理工作的通告,昆明市全面加强无人驾驶航空器管理工作领导小组,,2019-10-29,2019-10-29,现行有效,,否,pkulaw\raw_pdf\低空经济\无人驾驶航空器\昆明市全面加强无人驾驶航空器管理工作领导小组办公室关于龙舟赛期间加强“低慢小”航空器管理工作的通告(FBMCLI.14.4008568).pdf,https://www.pkulaw.com/lar/c337f484797279663539d88ad68047d8bdfb.html,引证码FBMCLI.14.4008568｜未知位阶/无条文:地方工作文件
873,pkulaw,法规,地方工作文件,杭州市人民政府关于加强2025—2026跨年夜期间无人驾驶航空器临时管控工作的通告,杭州市人民政府,,2025-12-26,2025-12-26,现行有效,,否,pkulaw\raw_pdf\低空经济\无人驾驶航空器\杭州市人民政府关于加强2025—2026跨年夜期间无人驾驶航空器临时管控工作的通告(FBMCLI.14.9595540).pdf,https://www.pkulaw.com/lar/9020b2db87ba7f44161ec822ef4e0051bdfb.html,引证码FBMCLI.14.9595540｜未知位阶/无条文:地方工作文件
874,pkulaw,法规,地方工作文件,杭州市人民政府关于加强重要活动期间无人驾驶航空器临时管控工作的通告,杭州市人民政府,,2026-01-11,2026-01-11,现行有效,,否,pkulaw\raw_pdf\低空经济\无人驾驶航空器\杭州市人民政府关于加强重要活动期间无人驾驶航空器临时管控工作的通告(FBMCLI.14.9608236).pdf,https://www.pkulaw.com/lar/a058258dc98d6564219b234850ce909fbdfb.html,引证码FBMCLI.14.9608236｜未知位阶/无条文:地方工作文件
875,pkulaw,法规,地方工作文件,横琴粤澳深度合作区公安局关于加强横琴粤澳深度合作区民用无人驾驶航空器登记备案和安全管理的通告,横琴粤澳深度合作区公安局,,2026-02-27,2026-02-27,现行有效,,否,pkulaw\raw_pdf\低空经济\无人驾驶航空器\横琴粤澳深度合作区公安局关于加强横琴粤澳深度合作区民用无人驾驶航空器登记备案和安全管理的通告(FBMCLI.14.9678144).pdf,https://www.pkulaw.com/lar/98009528bc5f49a787728174f84549febdfb.html,引证码FBMCLI.14.9678144｜未知位阶/无条文:地方工作文件
876,pkulaw,法规,部门工作文件,正常类多旋翼无人驾驶航空器系统(不载人)适航标准,中国民用航空局,,2026-04-03,2026-04-03,现行有效,,否,pkulaw\raw_pdf\低空经济\无人驾驶航空器\正常类多旋翼无人驾驶航空器系统(不载人)适航标准(FBMCLI.4.5342193).pdf,https://www.pkulaw.com/chl/de7d95322ad3e8b1bdfb.html,引证码FBMCLI.4.5342193｜有附件｜部门工作文件(通知/名单)
877,pkulaw,法规,部门规范性文件,民用微轻小型无人驾驶航空器系统运行识别概念(暂行),中国民用航空局,,2022-03-11,2022-03-11,现行有效,,否,pkulaw\raw_pdf\低空经济\无人驾驶航空器\民用微轻小型无人驾驶航空器系统运行识别概念(暂行)(FBMCLI.4.5115099).pdf,https://www.pkulaw.com/chl/7849fdc63b2488b9bdfb.html,引证码FBMCLI.4.5115099｜有附件｜规范性文件但非结构化(通知/公告)
878,pkulaw,法规,部门规范性文件,民用微轻小型无人驾驶航空器运行识别最低性能要求(试行),中国民用航空局,民航规〔2024〕9号,2024-01-16,2024-01-16,现行有效,,否,pkulaw\raw_pdf\低空经济\无人驾驶航空器\民用微轻小型无人驾驶航空器运行识别最低性能要求(试行)(FBMCLI.4.5303404).pdf,https://www.pkulaw.com/chl/e32adf7cc7822113bdfb.html,引证码FBMCLI.4.5303404｜有附件｜规范性文件但非结构化(通知/公告)
879,pkulaw,法规,部门规范性文件,民用无人驾驶航空器分布式操作试运行等级管理规程(暂行),中国民用航空局,,,2022,现行有效,,否,pkulaw\raw_pdf\低空经济\无人驾驶航空器\民用无人驾驶航空器分布式操作试运行等级管理规程(暂行)(FBMCLI.4.5304831).pdf,https://www.pkulaw.com/chl/dfc5cce8b896448ebdfb.html,引证码FBMCLI.4.5304831｜规范性文件但非结构化(通知/公告)
880,pkulaw,法规,部门工作文件,民用无人驾驶航空器固定设施设备巡检标准场景,中国民用航空局,,2024-04-16,2024-04-16,现行有效,,否,pkulaw\raw_pdf\低空经济\无人驾驶航空器\民用无人驾驶航空器固定设施设备巡检标准场景(FBMCLI.4.5305625).pdf,https://www.pkulaw.com/chl/cd5a1f49ad4bb63fbdfb.html,引证码FBMCLI.4.5305625｜有附件｜部门工作文件(通知/名单)
881,pkulaw,法规,部门工作文件,民用无人驾驶航空器实名登记数据交换接口规范,中国民用航空局,,2023-03-08,2023-04-01,现行有效,,否,pkulaw\raw_pdf\低空经济\无人驾驶航空器\民用无人驾驶航空器实名登记数据交换接口规范(FBMCLI.4.5304437).pdf,https://www.pkulaw.com/chl/cb937d4f0787ea17bdfb.html,引证码FBMCLI.4.5304437｜部门工作文件(通知/名单)
882,pkulaw,法规,部门工作文件,民用无人驾驶航空器空域信息数字化技术要求第1部分：编码及使用,中国民用航空局,,2026-01-11,2026-02-01,现行有效,,否,pkulaw\raw_pdf\低空经济\无人驾驶航空器\民用无人驾驶航空器空域信息数字化技术要求第1部分：编码及使用(FBMCLI.4.5334529).pdf,https://www.pkulaw.com/chl/082d86aec4d7262dbdfb.html,引证码FBMCLI.4.5334529｜有附件｜部门工作文件(通知/名单)
883,pkulaw,法规,部门工作文件,民用无人驾驶航空器系统分布式操控员能力要求与评估,中国民用航空局,,2026-04-24,2026-05-01,现行有效,,否,pkulaw\raw_pdf\低空经济\无人驾驶航空器\民用无人驾驶航空器系统分布式操控员能力要求与评估(FBMCLI.4.5344058).pdf,https://www.pkulaw.com/chl/da9c3edf2a5cd9dabdfb.html,引证码FBMCLI.4.5344058｜有附件｜部门工作文件(通知/名单)
884,pkulaw,法规,部门工作文件,民用无人驾驶航空器系统物流运行通用要求第1部分：海岛场景,中国民用航空局,,2023-10-30,2023-11-01,现行有效,,否,pkulaw\raw_pdf\低空经济\无人驾驶航空器\民用无人驾驶航空器系统物流运行通用要求第1部分：海岛场景(FBMCLI.4.5305005).pdf,https://www.pkulaw.com/chl/1778a018cb598eb1bdfb.html,引证码FBMCLI.4.5305005｜部门工作文件(通知/名单)
885,pkulaw,法规,部门工作文件,民用无人驾驶航空器系统适航安全评定指南,中国民用航空局,民航适函〔2024〕5号,2024-02-05,2024-02-05,现行有效,,否,pkulaw\raw_pdf\低空经济\无人驾驶航空器\民用无人驾驶航空器系统适航安全评定指南(FBMCLI.4.5304826).pdf,https://www.pkulaw.com/chl/fad343f24478305cbdfb.html,引证码FBMCLI.4.5304826｜部门工作文件(通知/名单)
886,pkulaw,法规,部门工作文件,民用无人驾驶航空器系统适航审定分级分类和系统安全性分析指南,中国民用航空局,民航适发〔2022〕18号,2022-12-21,2022-12-21,现行有效,,否,pkulaw\raw_pdf\低空经济\无人驾驶航空器\民用无人驾驶航空器系统适航审定分级分类和系统安全性分析指南(FBMCLI.4.5304059).pdf,https://www.pkulaw.com/chl/beb5314cb1e4699fbdfb.html,引证码FBMCLI.4.5304059｜部门工作文件(通知/名单)
887,pkulaw,法规,部门工作文件,民用无人驾驶航空器系统适航审定管理程序,中国民用航空局,民航规〔2022〕64号,2022-12-19,2022-12-19,现行有效,,否,pkulaw\raw_pdf\低空经济\无人驾驶航空器\民用无人驾驶航空器系统适航审定管理程序(FBMCLI.4.5304759).pdf,https://www.pkulaw.com/chl/09e71c785caed184bdfb.html,引证码FBMCLI.4.5304759｜部门工作文件(通知/名单)
888,pkulaw,法规,部门工作文件,民用无人驾驶航空器航行服务系统数据安全技术要求,中国民用航空局,,2026-01-11,2026-02-01,现行有效,,否,pkulaw\raw_pdf\低空经济\无人驾驶航空器\民用无人驾驶航空器航行服务系统数据安全技术要求(FBMCLI.4.5334530).pdf,https://www.pkulaw.com/chl/5c4a541e9b00dbffbdfb.html,引证码FBMCLI.4.5334530｜有附件｜部门工作文件(通知/名单)
889,pkulaw,法规,部门规范性文件,民用航空器国籍登记和民用无人驾驶航空器实名登记管理程序,中国民用航空局,民航规〔2026〕16号,2026-06-25,2026-06-25,现行有效,,否,pkulaw\raw_pdf\低空经济\无人驾驶航空器\民用航空器国籍登记和民用无人驾驶航空器实名登记管理程序(FBMCLI.4.5347093).pdf,https://www.pkulaw.com/chl/ed1cd62e4fe672e8bdfb.html,引证码FBMCLI.4.5347093｜有附件｜规范性文件但非结构化(通知/公告)
890,pkulaw,法规,部门工作文件,民用轻小型无人驾驶航空器物流配送试运行审定指南,中国民用航空局,,2022-08-29,2022-08-29,现行有效,,否,pkulaw\raw_pdf\低空经济\无人驾驶航空器\民用轻小型无人驾驶航空器物流配送试运行审定指南(FBMCLI.4.5304191).pdf,https://www.pkulaw.com/chl/5da2a3e2cf1a6e3dbdfb.html,引证码FBMCLI.4.5304191｜部门工作文件(通知/名单)
891,pkulaw,法规,部门规范性文件,民航局关于印发《民用无人驾驶航空器国籍登记管理程序》的通知,中国民用航空局,民航规〔2023〕3号,2023-01-20,2023-01-20,废止或失效,,否,pkulaw\raw_pdf\低空经济\无人驾驶航空器\民航局关于印发《民用无人驾驶航空器国籍登记管理程序》的通知(FBMCLI.4.5304901).pdf,https://www.pkulaw.com/chl/a1686a5a21de4a91bdfb.html,引证码FBMCLI.4.5304901｜规范性文件但非结构化(通知/公告)
892,pkulaw,法规,部门工作文件,民航局关于发布民用航空行业标准《民用无人驾驶航空器实名登记数据交换接口规范》的公告,中国民用航空局,,2023-03-08,2023-04-01,现行有效,,否,pkulaw\raw_pdf\低空经济\无人驾驶航空器\民航局关于发布民用航空行业标准《民用无人驾驶航空器实名登记数据交换接口规范》的公告(FBMCLI.4.5305166).pdf,https://www.pkulaw.com/chl/53ef3224dabad124bdfb.html,引证码FBMCLI.4.5305166｜有附件｜部门工作文件(通知/名单)
893,pkulaw,法规,地方工作文件,江苏省农业农村厅、江苏省财政厅关于印发《江苏省农用无人驾驶航空器购置补贴实施方案》的通知,江苏省农业农村厅 江苏省财政厅,苏农机〔2025〕1号,2025-02-21,2025-02-21,现行有效,,否,pkulaw\raw_pdf\低空经济\无人驾驶航空器\江苏省农业农村厅、江苏省财政厅关于印发《江苏省农用无人驾驶航空器购置补贴实施方案》的通知(FBMCLI.14.8621329).pdf,https://www.pkulaw.com/lar/5ffd7bb3f0f8d9bd02e8b8f9719dbe34bdfb.html,引证码FBMCLI.14.8621329｜有附件｜未知位阶/无条文:地方工作文件
894,pkulaw,法规,地方工作文件,江苏省农业农村厅、江苏省财政厅关于继续实施引导植保无人驾驶航空器规范应用试点工作的通知,江苏省农业农村厅 江苏省财政厅,苏农机〔2021〕28号,2021-12-29,2021-12-29,现行有效,,否,pkulaw\raw_pdf\低空经济\无人驾驶航空器\江苏省农业农村厅、江苏省财政厅关于继续实施引导植保无人驾驶航空器规范应用试点工作的通知(FBMCLI.14.7098298).pdf,https://www.pkulaw.com/lar/4092f638ebf278e9ab7c306d6111c6abbdfb.html,引证码FBMCLI.14.7098298｜有附件｜未知位阶/无条文:地方工作文件
895,pkulaw,法规,地方工作文件,河北省交通运输厅关于公布优化后微型、轻型、小型无人驾驶航空器适飞空域范围的通告,河北省交通运输厅,,2026-06-16,2026-06-16,现行有效,,否,pkulaw\raw_pdf\低空经济\无人驾驶航空器\河北省交通运输厅关于公布优化后微型、轻型、小型无人驾驶航空器适飞空域范围的通告(FBMCLI.14.10040061).pdf,https://www.pkulaw.com/lar/82d562eb9d8d52893cc7ae92fd6a6961bdfb.html,引证码FBMCLI.14.10040061｜有附件｜未知位阶/无条文:地方工作文件
896,pkulaw,法规,地方工作文件,河南省发展和改革委员会关于公布微型、轻型、小型无人驾驶航空器适飞空域范围的通告,河南省发展和改革委员会,,2026-05-15,2026-05-15,现行有效,,否,pkulaw\raw_pdf\低空经济\无人驾驶航空器\河南省发展和改革委员会关于公布微型、轻型、小型无人驾驶航空器适飞空域范围的通告(FBMCLI.14.9959524).pdf,https://www.pkulaw.com/lar/1c8dc0b3c6cdeaa5b3161c9a40b3dfdebdfb.html,引证码FBMCLI.14.9959524｜有附件｜未知位阶/无条文:地方工作文件
897,pkulaw,法规,地方工作文件,洛阳市人民政府关于临时增加无人驾驶航空器管制空域的通告(2025),洛阳市人民政府,洛政通〔2025〕11号,2025-01-26,2025-01-26,现行有效,,否,pkulaw\raw_pdf\低空经济\无人驾驶航空器\洛阳市人民政府关于临时增加无人驾驶航空器管制空域的通告(2025)(FBMCLI.14.8475218).pdf,https://www.pkulaw.com/lar/e940b7cf6dc7376b0ca96e88a2f730c7bdfb.html,引证码FBMCLI.14.8475218｜未知位阶/无条文:地方工作文件
898,pkulaw,法规,地方工作文件,洛阳市人民政府关于临时增加无人驾驶航空器管制空域的通告,洛阳市人民政府,洛政通〔2026〕6号,2026-06-08,2026-06-08,现行有效,,否,pkulaw\raw_pdf\低空经济\无人驾驶航空器\洛阳市人民政府关于临时增加无人驾驶航空器管制空域的通告(FBMCLI.14.10025769).pdf,https://www.pkulaw.com/lar/dfea5c817d8ea8c56eaafeae11c7240abdfb.html,引证码FBMCLI.14.10025769｜未知位阶/无条文:地方工作文件
899,pkulaw,法规,地方工作文件,洛阳市人民政府关于临时增加无人驾驶航空器管制空域的通告,洛阳市人民政府,洛政通〔2024〕17号,2024-02-07,2024-02-07,现行有效,,否,pkulaw\raw_pdf\低空经济\无人驾驶航空器\洛阳市人民政府关于临时增加无人驾驶航空器管制空域的通告(FBMCLI.14.7373648).pdf,https://www.pkulaw.com/lar/99fd5e2584526d4307bfe70190883009bdfb.html,引证码FBMCLI.14.7373648｜未知位阶/无条文:地方工作文件
900,pkulaw,法规,地方工作文件,洛阳市人民政府关于临时增加无人驾驶航空器管制空域的通告,洛阳市人民政府,洛政通〔2025〕15号,2025-07-23,2025-07-23,现行有效,,否,pkulaw\raw_pdf\低空经济\无人驾驶航空器\洛阳市人民政府关于临时增加无人驾驶航空器管制空域的通告(FBMCLI.14.8969936).pdf,https://www.pkulaw.com/lar/8a6def5522495a588a25d82cd7299308bdfb.html,引证码FBMCLI.14.8969936｜未知位阶/无条文:地方工作文件
901,pkulaw,法规,地方工作文件,洛阳市人民政府关于临时增加无人驾驶航空器管制空域的通告,洛阳市人民政府,洛政通〔2025〕16号,2025-09-11,2025-09-11,现行有效,,否,pkulaw\raw_pdf\低空经济\无人驾驶航空器\洛阳市人民政府关于临时增加无人驾驶航空器管制空域的通告(FBMCLI.14.9174953).pdf,https://www.pkulaw.com/lar/f3014fb5e5751a155ac4fc0a9980330bbdfb.html,引证码FBMCLI.14.9174953｜未知位阶/无条文:地方工作文件
902,pkulaw,法规,地方工作文件,洛阳市人民政府关于临时增加无人驾驶航空器管制空域的通告,洛阳市人民政府,洛政通〔2025〕17号,2025-10-15,2025-10-15,现行有效,,否,pkulaw\raw_pdf\低空经济\无人驾驶航空器\洛阳市人民政府关于临时增加无人驾驶航空器管制空域的通告(FBMCLI.14.9284032).pdf,https://www.pkulaw.com/lar/962826eef9d476b59ce15ccff7cacaa9bdfb.html,引证码FBMCLI.14.9284032｜未知位阶/无条文:地方工作文件
903,pkulaw,法规,地方工作文件,洛阳市人民政府关于临时增加无人驾驶航空器管制空域的通告,洛阳市人民政府,洛政通〔2025〕20号,2025-12-30,2025-12-30,现行有效,,否,pkulaw\raw_pdf\低空经济\无人驾驶航空器\洛阳市人民政府关于临时增加无人驾驶航空器管制空域的通告(FBMCLI.14.9595605).pdf,https://www.pkulaw.com/lar/fe5311ec91c04686b6d14c4ed0b895d9bdfb.html,引证码FBMCLI.14.9595605｜未知位阶/无条文:地方工作文件
904,pkulaw,法规,地方工作文件,洛阳市人民政府关于临时增加无人驾驶航空器管制空域的通告,洛阳市人民政府,洛政通〔2026〕5号,2026-05-26,2026-05-26,现行有效,,否,pkulaw\raw_pdf\低空经济\无人驾驶航空器\洛阳市人民政府关于临时增加无人驾驶航空器管制空域的通告(FBMCLI.14.9974848).pdf,https://www.pkulaw.com/lar/8a42b4fa743f60d32ddb9e86ac380ebabdfb.html,引证码FBMCLI.14.9974848｜未知位阶/无条文:地方工作文件
905,pkulaw,法规,地方工作文件,洛阳市人民政府关于临时增加无人驾驶航空器管制空域的通告(洛政通〔2024〕31号),洛阳市人民政府,洛政通〔2024〕31号,2024-04-19,2024-04-19,现行有效,,否,pkulaw\raw_pdf\低空经济\无人驾驶航空器\洛阳市人民政府关于临时增加无人驾驶航空器管制空域的通告(洛政通〔2024〕31号)(FBMCLI.14.7459003).pdf,https://www.pkulaw.com/lar/4cad67414ef87ca72a433d04bd01111abdfb.html,引证码FBMCLI.14.7459003｜未知位阶/无条文:地方工作文件
906,pkulaw,法规,地方工作文件,洛阳市人民政府关于临时增加无人驾驶航空器管制空域的通告(洛政通〔2024〕38号),洛阳市人民政府,洛政通〔2024〕38号,2024-05-30,2024-05-30,现行有效,,否,pkulaw\raw_pdf\低空经济\无人驾驶航空器\洛阳市人民政府关于临时增加无人驾驶航空器管制空域的通告(洛政通〔2024〕38号)(FBMCLI.14.7543474).pdf,https://www.pkulaw.com/lar/6e528906372be953734b6ab5539555e0bdfb.html,引证码FBMCLI.14.7543474｜未知位阶/无条文:地方工作文件
907,pkulaw,法规,地方工作文件,洛阳市人民政府关于临时增加无人驾驶航空器管制空域的通告(洛政通〔2025〕13号),洛阳市人民政府,洛政通〔2025〕13号,2025-05-23,2025-05-23,现行有效,,否,pkulaw\raw_pdf\低空经济\无人驾驶航空器\洛阳市人民政府关于临时增加无人驾驶航空器管制空域的通告(洛政通〔2025〕13号)(FBMCLI.14.8748287).pdf,https://www.pkulaw.com/lar/386775e3972ae3044ee1bdaa138de08bbdfb.html,引证码FBMCLI.14.8748287｜未知位阶/无条文:地方工作文件
908,pkulaw,法规,地方工作文件,洛阳市人民政府关于孟津区临时增加无人驾驶航空器管制空域的通告,洛阳市人民政府,洛政通〔2024〕18号,2024-02-20,2024-02-20,现行有效,,否,pkulaw\raw_pdf\低空经济\无人驾驶航空器\洛阳市人民政府关于孟津区临时增加无人驾驶航空器管制空域的通告(FBMCLI.14.7376129).pdf,https://www.pkulaw.com/lar/75e3a13b169c8d5aa0d00826dab65bfbbdfb.html,引证码FBMCLI.14.7376129｜未知位阶/无条文:地方工作文件
909,pkulaw,法规,地方工作文件,洛阳市人民政府关于栾川县临时增加无人驾驶航空器管制空域的通告,洛阳市人民政府,洛政通〔2024〕19号,2024-02-22,2024-02-22,现行有效,,否,pkulaw\raw_pdf\低空经济\无人驾驶航空器\洛阳市人民政府关于栾川县临时增加无人驾驶航空器管制空域的通告(FBMCLI.14.7380156).pdf,https://www.pkulaw.com/lar/806a0c2d037dd6596bda1e1d1e24330abdfb.html,引证码FBMCLI.14.7380156｜未知位阶/无条文:地方工作文件
910,pkulaw,法规,地方工作文件,洛阳市人民政府关于汝阳县临时增加无人驾驶航空器管制空域的通告,洛阳市人民政府,洛政通〔2024〕20号,2024-02-22,2024-02-22,现行有效,,否,pkulaw\raw_pdf\低空经济\无人驾驶航空器\洛阳市人民政府关于汝阳县临时增加无人驾驶航空器管制空域的通告(FBMCLI.14.7380157).pdf,https://www.pkulaw.com/lar/60131dd9597d5750246554a0a39d37d8bdfb.html,引证码FBMCLI.14.7380157｜未知位阶/无条文:地方工作文件
911,pkulaw,法规,地方规范性文件,洛阳市工业和信息化局关于开展民用无人驾驶航空器生产企业和产品信息填报工作的通知,洛阳市工业和信息化局,,2017-05-31,2017-05-31,现行有效,,否,pkulaw\raw_pdf\低空经济\无人驾驶航空器\洛阳市工业和信息化局关于开展民用无人驾驶航空器生产企业和产品信息填报工作的通知(FBMCLI.12.1790313).pdf,https://www.pkulaw.com/lar/1f3f70b1debf7219d008d8e7365f1725bdfb.html,引证码FBMCLI.12.1790313｜有附件｜规范性文件但非结构化(通知/公告)
912,pkulaw,法规,地方工作文件,济南市人民政府关于在泉城广场及周边区域对无人驾驶航空器飞行活动实施临时管制的通告,济南市人民政府,,2025-12-29,2025-12-29,现行有效,,否,pkulaw\raw_pdf\低空经济\无人驾驶航空器\济南市人民政府关于在泉城广场及周边区域对无人驾驶航空器飞行活动实施临时管制的通告(FBMCLI.14.9591058).pdf,https://www.pkulaw.com/lar/ec62726291f7e3db71a4c89e71d287f3bdfb.html,引证码FBMCLI.14.9591058｜未知位阶/无条文:地方工作文件
913,pkulaw,法规,地方工作文件,济宁市人民政府关于对无人驾驶航空器飞行活动实施临时管制的通告,济宁市人民政府,通告〔2025〕3号,2025-04-01,2025-04-01,现行有效,,否,pkulaw\raw_pdf\低空经济\无人驾驶航空器\济宁市人民政府关于对无人驾驶航空器飞行活动实施临时管制的通告(FBMCLI.14.8705245).pdf,https://www.pkulaw.com/lar/c3f8d4461d5c81bf6743128278b83bc6bdfb.html,引证码FBMCLI.14.8705245｜未知位阶/无条文:地方工作文件
914,pkulaw,法规,地方工作文件,浙江省公安厅关于明确无人驾驶航空器具体范围的通知,浙江省公安厅,,2019-12-02,2019-12-02,现行有效,,否,pkulaw\raw_pdf\低空经济\无人驾驶航空器\浙江省公安厅关于明确无人驾驶航空器具体范围的通知(FBMCLI.14.2884137).pdf,https://www.pkulaw.com/lar/094b297c399abd35b659488e1574a488bdfb.html,引证码FBMCLI.14.2884137｜未知位阶/无条文:地方工作文件
915,pkulaw,法规,地方工作文件,淮南市人民政府关于2026年高考、中考期间增加无人驾驶航空器临时管制空域的通告,淮南市人民政府,淮府秘〔2026〕39号,2026-05-27,2026-05-27,现行有效,,否,pkulaw\raw_pdf\低空经济\无人驾驶航空器\淮南市人民政府关于2026年高考、中考期间增加无人驾驶航空器临时管制空域的通告(FBMCLI.14.10059486).pdf,https://www.pkulaw.com/lar/7cb969c0a5d76d26bd058329a5e2e376bdfb.html,引证码FBMCLI.14.10059486｜有附件｜未知位阶/无条文:地方工作文件
916,pkulaw,法规,地方工作文件,淮南市人民政府关于“2025淮南马拉松”活动期间增加无人驾驶航空器临时管制空域的通告,淮南市人民政府,淮府秘〔2025〕123号,2025-11-18,2025-11-18,现行有效,,否,pkulaw\raw_pdf\低空经济\无人驾驶航空器\淮南市人民政府关于“2025淮南马拉松”活动期间增加无人驾驶航空器临时管制空域的通告(FBMCLI.14.9650938).pdf,https://www.pkulaw.com/lar/32fded6eb65a4ad31a6bef2389b83c70bdfb.html,引证码FBMCLI.14.9650938｜未知位阶/无条文:地方工作文件
917,pkulaw,法规,地方工作文件,淮南市人民政府关于临时增加无人驾驶航空器管制空域的通告,淮南市人民政府,淮府秘〔2025〕122号,2025-11-12,2025-11-12,现行有效,,否,pkulaw\raw_pdf\低空经济\无人驾驶航空器\淮南市人民政府关于临时增加无人驾驶航空器管制空域的通告(FBMCLI.14.9650944).pdf,https://www.pkulaw.com/lar/33a2e712ea133102b78361c7acf62584bdfb.html,引证码FBMCLI.14.9650944｜未知位阶/无条文:地方工作文件
918,pkulaw,法规,地方工作文件,淮南市人民政府关于临时增加无人驾驶航空器管制空域的通告,淮南市人民政府,淮府秘〔2025〕129号,2025-11-27,2025-11-27,现行有效,,否,pkulaw\raw_pdf\低空经济\无人驾驶航空器\淮南市人民政府关于临时增加无人驾驶航空器管制空域的通告(FBMCLI.14.9650947).pdf,https://www.pkulaw.com/lar/457fee66a87c133aed56183a51b7d3f3bdfb.html,引证码FBMCLI.14.9650947｜未知位阶/无条文:地方工作文件
919,pkulaw,法规,地方工作文件,淮南市人民政府关于临时增加无人驾驶航空器管制空域的通告,淮南市人民政府,淮府秘〔2026〕25号,2026-03-23,2026-03-23,现行有效,,否,pkulaw\raw_pdf\低空经济\无人驾驶航空器\淮南市人民政府关于临时增加无人驾驶航空器管制空域的通告(FBMCLI.14.9819889).pdf,https://www.pkulaw.com/lar/41edb9e956d6774678e13508f0da9161bdfb.html,引证码FBMCLI.14.9819889｜未知位阶/无条文:地方工作文件
920,pkulaw,法规,地方工作文件,淮南市公安局关于开展无人驾驶航空器实名登记与管理服务登记的通告,淮南市公安局,,2024-10-31,2024-10-31,现行有效,,否,pkulaw\raw_pdf\低空经济\无人驾驶航空器\淮南市公安局关于开展无人驾驶航空器实名登记与管理服务登记的通告(FBMCLI.14.8189601).pdf,https://www.pkulaw.com/lar/da46bff76f3987179806831e5005465bbdfb.html,引证码FBMCLI.14.8189601｜未知位阶/无条文:地方工作文件
921,pkulaw,法规,地方工作文件,清远市人民政府关于2025年粤港澳(清远·清城)龙舟争霸赛暨清远市第八届运动会龙舟赛赛事期间无人驾驶航空器安全管控的公告,清远市人民政府,清远市人民政府公告清府〔2025〕31号,2025-06-26,2025-06-26,现行有效,,否,pkulaw\raw_pdf\低空经济\无人驾驶航空器\清远市人民政府关于2025年粤港澳(清远·清城)龙舟争霸赛暨清远市第八届运动会龙舟赛赛事期间无人驾驶航空器安全管控的公告(FBMCLI.14.8850985).pdf,https://www.pkulaw.com/lar/ad5a372693b203271d888d9c4a6862debdfb.html,引证码FBMCLI.14.8850985｜未知位阶/无条文:地方工作文件
922,pkulaw,法规,地方工作文件,温州市人民政府关于设置无人驾驶航空器临时禁飞区域的通告,温州市人民政府,通告〔2020〕3号,2020-10-13,2020-10-18,废止或失效,,否,pkulaw\raw_pdf\低空经济\无人驾驶航空器\温州市人民政府关于设置无人驾驶航空器临时禁飞区域的通告(FBMCLI.14.1645601).pdf,https://www.pkulaw.com/lar/21e2b549412467a9fe306cd2768b6d8dbdfb.html,引证码FBMCLI.14.1645601｜未知位阶/无条文:地方工作文件
923,pkulaw,法规,地方工作文件,温州市人民政府关于设置无人驾驶航空器禁飞区域的通告,温州市人民政府,通告[2021]2号,2021-11-09,2021-11-09,现行有效,,否,pkulaw\raw_pdf\低空经济\无人驾驶航空器\温州市人民政府关于设置无人驾驶航空器禁飞区域的通告(FBMCLI.14.4814678).pdf,https://www.pkulaw.com/lar/ce85afba2ce5064ba48106536b8090e0bdfb.html,引证码FBMCLI.14.4814678｜未知位阶/无条文:地方工作文件
924,pkulaw,法规,地方工作文件,温州市人民政府关于设置无人驾驶航空器禁飞区域的通告,温州市人民政府,温州市人民政府通告〔2022〕3号,2022-12-02,2022-12-02,废止或失效,,否,pkulaw\raw_pdf\低空经济\无人驾驶航空器\温州市人民政府关于设置无人驾驶航空器禁飞区域的通告(FBMCLI.14.5671854).pdf,https://www.pkulaw.com/lar/9eaced69d96b69e1cf62e7245f12af50bdfb.html,引证码FBMCLI.14.5671854｜未知位阶/无条文:地方工作文件
925,pkulaw,法规,地方工作文件,温州市人民政府关于设置无人驾驶航空器禁飞区域的通告,温州市人民政府,温州市人民政府通告〔2023〕3号,2023-06-22,2023-06-22,现行有效,,否,pkulaw\raw_pdf\低空经济\无人驾驶航空器\温州市人民政府关于设置无人驾驶航空器禁飞区域的通告(FBMCLI.14.6994058).pdf,https://www.pkulaw.com/lar/4536b6a8fc89e52f09886df2ac9be95fbdfb.html,引证码FBMCLI.14.6994058｜未知位阶/无条文:地方工作文件
926,pkulaw,法规,地方工作文件,湖北省人民政府办公厅关于印发湖北省无人驾驶航空器专项整治联防联控工作实施方案的通知,湖北省人民政府,鄂政办函〔2017〕78号,2017-10-30,2017-10-30,现行有效,,否,pkulaw\raw_pdf\低空经济\无人驾驶航空器\湖北省人民政府办公厅关于印发湖北省无人驾驶航空器专项整治联防联控工作实施方案的通知(FBMCLI.14.1414098).pdf,https://www.pkulaw.com/lar/dad77c9c30f076b355827894d10fff04bdfb.html,引证码FBMCLI.14.1414098｜未知位阶/无条文:地方工作文件
927,pkulaw,法规,地方工作文件,湖北省农业农村厅关于印发湖北省2024―2026年农业无人驾驶航空器购置补贴实施方案的通知,湖北省农业农村厅,鄂农发〔2024〕59号,2024-12-25,2024-12-25,现行有效,,否,pkulaw\raw_pdf\低空经济\无人驾驶航空器\湖北省农业农村厅关于印发湖北省2024―2026年农业无人驾驶航空器购置补贴实施方案的通知(FBMCLI.14.8430211).pdf,https://www.pkulaw.com/lar/13073058db7dccfb9fa68ae3f627bd8ebdfb.html,引证码FBMCLI.14.8430211｜未知位阶/无条文:地方工作文件
928,pkulaw,法规,地方工作文件,湖北省农业农村厅关于调整农用(植保)无人驾驶航空器等机具补贴额一览表的通告,湖北省农业农村厅,鄂农通告〔2026〕5号,2026-02-28,2026-03-06,现行有效,,否,pkulaw\raw_pdf\低空经济\无人驾驶航空器\湖北省农业农村厅关于调整农用(植保)无人驾驶航空器等机具补贴额一览表的通告(FBMCLI.14.9683179).pdf,https://www.pkulaw.com/lar/c3ceb18cf158ef07f7a026b8de766988bdfb.html,引证码FBMCLI.14.9683179｜有附件｜未知位阶/无条文:地方工作文件
929,pkulaw,法规,地方工作文件,湖北省发改委关于公布微型、轻型、小型无人驾驶航空器适飞空域范围的公告,湖北省发展和改革委员会,,2026-05-12,2026-05-12,现行有效,,否,pkulaw\raw_pdf\低空经济\无人驾驶航空器\湖北省发改委关于公布微型、轻型、小型无人驾驶航空器适飞空域范围的公告(FBMCLI.14.9957033).pdf,https://www.pkulaw.com/lar/ae5212d2a3587923842da388e077c23abdfb.html,引证码FBMCLI.14.9957033｜有附件｜未知位阶/无条文:地方工作文件
930,pkulaw,法规,地方工作文件,湛江市公安局关于2019年湛江湾燃放烟花活动期间禁止使用“低慢小”无人驾驶航空器的通告,湛江市公安局,,2019-09-25,2019-09-25,现行有效,,否,pkulaw\raw_pdf\低空经济\无人驾驶航空器\湛江市公安局关于2019年湛江湾燃放烟花活动期间禁止使用“低慢小”无人驾驶航空器的通告(FBMCLI.14.1598608).pdf,https://www.pkulaw.com/lar/28227bd30c64414bff105bcb854844b8bdfb.html,引证码FBMCLI.14.1598608｜未知位阶/无条文:地方工作文件
931,pkulaw,法规,地方工作文件,漳州市人民政府关于加强2026年福建省文旅经济发展大会期间无人驾驶航空器飞行活动安全管理的通告,漳州市人民政府,漳政综〔2026〕16号,2026-04-16,2026-04-16,现行有效,,否,pkulaw\raw_pdf\低空经济\无人驾驶航空器\漳州市人民政府关于加强2026年福建省文旅经济发展大会期间无人驾驶航空器飞行活动安全管理的通告(FBMCLI.14.9900645).pdf,https://www.pkulaw.com/lar/f99f067a3147381ac23df8e932830ac7bdfb.html,引证码FBMCLI.14.9900645｜未知位阶/无条文:地方工作文件
932,pkulaw,法规,地方工作文件,漳州市工业和信息化局关于做好无人驾驶航空器唯一产品识别码备案检查相关迎检工作的通知,漳州市工业和信息化局,漳工信函电子〔2024〕113号,2024-12-03,2024-12-03,现行有效,,否,pkulaw\raw_pdf\低空经济\无人驾驶航空器\漳州市工业和信息化局关于做好无人驾驶航空器唯一产品识别码备案检查相关迎检工作的通知(FBMCLI.14.8053556).pdf,https://www.pkulaw.com/lar/639dfe9df06f53da98a45b4bc27a698abdfb.html,引证码FBMCLI.14.8053556｜有附件｜未知位阶/无条文:地方工作文件
933,pkulaw,法规,地方工作文件,玉溪市人民政府办公室关于加强无人驾驶航空器管理工作的通知,玉溪市人民政府,玉政办函〔2017〕63号,2017-06-09,2017-06-09,现行有效,,否,pkulaw\raw_pdf\低空经济\无人驾驶航空器\玉溪市人民政府办公室关于加强无人驾驶航空器管理工作的通知(FBMCLI.14.1447641).pdf,https://www.pkulaw.com/lar/3d8beb9cb8d7818cb2be041bb85fd254bdfb.html,引证码FBMCLI.14.1447641｜有附件｜未知位阶/无条文:地方工作文件
934,pkulaw,法规,地方工作文件,白城市人民政府关于在特定区域对无人驾驶航空器实施临时管制的公告,白城市人民政府,白政函〔2024〕126号,2024-08-01,2024-08-01,现行有效,,否,pkulaw\raw_pdf\低空经济\无人驾驶航空器\白城市人民政府关于在特定区域对无人驾驶航空器实施临时管制的公告(FBMCLI.14.7831507).pdf,https://www.pkulaw.com/lar/63e8486a54876f49ddd33f03f5c7cb2dbdfb.html,引证码FBMCLI.14.7831507｜未知位阶/无条文:地方工作文件
935,pkulaw,法规,地方工作文件,福州市无线电管理局关于报送民用无人驾驶航空器无线电发射设备使用情况及建设规划的函,福州市无线电管理局,闽工信函无线榕〔2024〕7号,2024-08-19,2024-08-19,现行有效,,否,pkulaw\raw_pdf\低空经济\无人驾驶航空器\福州市无线电管理局关于报送民用无人驾驶航空器无线电发射设备使用情况及建设规划的函(FBMCLI.14.7721798).pdf,https://www.pkulaw.com/lar/bf784c61dd9cb43ca3590e4e252d4dc0bdfb.html,引证码FBMCLI.14.7721798｜有附件｜未知位阶/无条文:地方工作文件
936,pkulaw,法规,地方工作文件,福建省农业农村厅关于开展农用无人驾驶航空器购置与应用补贴产品投档工作的通告,福建省农业农村厅,福建省农业农村厅通告2025年8号,2025-03-12,2025-03-12,现行有效,,否,pkulaw\raw_pdf\低空经济\无人驾驶航空器\福建省农业农村厅关于开展农用无人驾驶航空器购置与应用补贴产品投档工作的通告(FBMCLI.14.8624246).pdf,https://www.pkulaw.com/lar/5704d436b4d39e265e1b4de8519a35aebdfb.html,引证码FBMCLI.14.8624246｜未知位阶/无条文:地方工作文件
937,pkulaw,法规,地方工作文件,秦皇岛市人民政府关于实施无人驾驶航空器管制的通告,秦皇岛市人民政府,,2024-08-22,2024-08-22,现行有效,,否,pkulaw\raw_pdf\低空经济\无人驾驶航空器\秦皇岛市人民政府关于实施无人驾驶航空器管制的通告(FBMCLI.14.7730069).pdf,https://www.pkulaw.com/lar/cfd5b53c8dc3b5c254d6f80922544111bdfb.html,引证码FBMCLI.14.7730069｜未知位阶/无条文:地方工作文件
938,pkulaw,法规,部门规范性文件,空管行业管理办公室关于发布信息通告《国外无人驾驶航空器系统管理政策法规》的通知,中国民用航空局,,2020-04-21,2020-04-21,现行有效,,否,pkulaw\raw_pdf\低空经济\无人驾驶航空器\空管行业管理办公室关于发布信息通告《国外无人驾驶航空器系统管理政策法规》的通知(FBMCLI.4.5304833).pdf,https://www.pkulaw.com/chl/f0cd867959db78bbbdfb.html,引证码FBMCLI.4.5304833｜有附件｜规范性文件但非结构化(通知/公告)
939,pkulaw,法规,地方工作文件,芜湖市人民政府关于临时增加无人驾驶航空器管制空域的通告,芜湖市人民政府,芜政秘〔2026〕9号,2026-02-27,2026-02-27,现行有效,,否,pkulaw\raw_pdf\低空经济\无人驾驶航空器\芜湖市人民政府关于临时增加无人驾驶航空器管制空域的通告(FBMCLI.14.9682944).pdf,https://www.pkulaw.com/lar/da85c6f640a4d8f4a842ae39b63ec4f6bdfb.html,引证码FBMCLI.14.9682944｜未知位阶/无条文:地方工作文件
940,pkulaw,法规,地方工作文件,芜湖市人民政府关于临时增加无人驾驶航空器管制空域的通告,芜湖市人民政府,芜政秘〔2026〕29号,2026-06-03,2026-06-03,现行有效,,否,pkulaw\raw_pdf\低空经济\无人驾驶航空器\芜湖市人民政府关于临时增加无人驾驶航空器管制空域的通告(FBMCLI.14.9990001).pdf,https://www.pkulaw.com/lar/bc0ba36d6232cf5ff216b60dea9d096cbdfb.html,引证码FBMCLI.14.9990001｜有附件｜未知位阶/无条文:地方工作文件
941,pkulaw,法规,地方工作文件,西双版纳州人民政府办公室关于成立西双版纳州全面加强无人驾驶航空器管理工作领导小组的通知,西双版纳傣族自治州人民政府,西政办发〔2017〕33号,2017-05-12,2017-05-12,现行有效,,否,pkulaw\raw_pdf\低空经济\无人驾驶航空器\西双版纳州人民政府办公室关于成立西双版纳州全面加强无人驾驶航空器管理工作领导小组的通知(FBMCLI.14.2356827).pdf,https://www.pkulaw.com/lar/c135b2626b48c23a53edb9b75315a50fbdfb.html,引证码FBMCLI.14.2356827｜未知位阶/无条文:地方工作文件
942,pkulaw,法规,地方工作文件,贵州省发展和改革委员会关于公布贵州省微型轻型小型无人驾驶航空器适飞空域范围的通告,贵州省发展和改革委员会,,2026-06-04,2026-06-04,现行有效,,否,pkulaw\raw_pdf\低空经济\无人驾驶航空器\贵州省发展和改革委员会关于公布贵州省微型轻型小型无人驾驶航空器适飞空域范围的通告(FBMCLI.14.9987884).pdf,https://www.pkulaw.com/lar/e0290ae415bb74132e3e199b88344abcbdfb.html,引证码FBMCLI.14.9987884｜有附件｜未知位阶/无条文:地方工作文件
943,pkulaw,法规,地方工作文件,通辽市人民政府关于通辽市无人驾驶航空器管制空域的通告,通辽市人民政府,通政通告〔2026〕2号,2026-03-25,2026-03-25,现行有效,,否,pkulaw\raw_pdf\低空经济\无人驾驶航空器\通辽市人民政府关于通辽市无人驾驶航空器管制空域的通告(FBMCLI.14.9788980).pdf,https://www.pkulaw.com/lar/955d6240b7d319206270a78f63cf4b60bdfb.html,引证码FBMCLI.14.9788980｜未知位阶/无条文:地方工作文件
944,pkulaw,法规,地方规范性文件,重庆市公安局关于加强民用无人驾驶航空器飞行管理的通告,重庆市公安局,渝公规〔2017〕2号,2017-05-10,2017-05-10,废止或失效,,否,pkulaw\raw_pdf\低空经济\无人驾驶航空器\重庆市公安局关于加强民用无人驾驶航空器飞行管理的通告(FBMCLI.12.1511908).pdf,https://www.pkulaw.com/lar/586379e74067f6eb211c5223ecc5dd59bdfb.html,引证码FBMCLI.12.1511908｜规范性文件但非结构化(通知/公告)
945,pkulaw,法规,地方规范性文件,重庆市公安局关于废止重庆市公安局关于加强民用无人驾驶航空器飞行管理的通告的决定,重庆市公安局,渝公规〔2018〕7号,2018-03-07,2018-03-07,现行有效,,否,pkulaw\raw_pdf\低空经济\无人驾驶航空器\重庆市公安局关于废止重庆市公安局关于加强民用无人驾驶航空器飞行管理的通告的决定(FBMCLI.12.5404245).pdf,https://www.pkulaw.com/lar/dd5ffc36f14f04a21d3137f67921cb58bdfb.html,引证码FBMCLI.12.5404245｜规范性文件但非结构化(通知/公告)
946,pkulaw,法规,地方工作文件,重庆市经济和信息化委员会关于印发2025年度民用无人驾驶航空器生产企业唯一产品识别码备案情况“双随机、一公开”执法检查工...,重庆市经济和信息化委员会,渝经信执法〔2025〕7号,2025-03-10,2025-03-10,现行有效,,否,pkulaw\raw_pdf\低空经济\无人驾驶航空器\重庆市经济和信息化委员会关于印发2025年度民用无人驾驶航空器生产企业唯一产品识别码备案情况“双随机、一公开”执法检查工...(FBMCLI.14.8623837).pdf,https://www.pkulaw.com/lar/2f55b863f8649f3549797443cfcdbb88bdfb.html,引证码FBMCLI.14.8623837｜未知位阶/无条文:地方工作文件
947,pkulaw,法规,地方工作文件,重庆市经济和信息化委员会关于印发2026年度民用无人驾驶航空器生产企业唯一产品识别码备案情况“双随机、一公开”执法检查工...,重庆市经济和信息化委员会,渝经信执法〔2026〕7号,2026-03-05,2026-03-05,现行有效,,否,pkulaw\raw_pdf\低空经济\无人驾驶航空器\重庆市经济和信息化委员会关于印发2026年度民用无人驾驶航空器生产企业唯一产品识别码备案情况“双随机、一公开”执法检查工...(FBMCLI.14.9687065).pdf,https://www.pkulaw.com/lar/b9bc65f4f42cdc6e31781d5242924c36bdfb.html,引证码FBMCLI.14.9687065｜未知位阶/无条文:地方工作文件
948,pkulaw,法规,地方工作文件,金华市人民政府关于对无人驾驶航空器和空飘物实施临时管控的通告,金华市人民政府,金政告〔2023〕1号,2023-08-18,2023-08-18,现行有效,,否,pkulaw\raw_pdf\低空经济\无人驾驶航空器\金华市人民政府关于对无人驾驶航空器和空飘物实施临时管控的通告(FBMCLI.14.7089692).pdf,https://www.pkulaw.com/lar/58cc37cfc573d2586878081a01e5c679bdfb.html,引证码FBMCLI.14.7089692｜未知位阶/无条文:地方工作文件
949,pkulaw,法规,地方工作文件,铜陵市人民政府关于2026年高考中考期间增加无人驾驶航空器临时管制空域的通告,铜陵市人民政府,铜政告〔2026〕6号,2026-05-30,2026-05-30,现行有效,,否,pkulaw\raw_pdf\低空经济\无人驾驶航空器\铜陵市人民政府关于2026年高考中考期间增加无人驾驶航空器临时管制空域的通告(FBMCLI.14.9983935).pdf,https://www.pkulaw.com/lar/5300d8f2326aeb41710b6f229059a25fbdfb.html,引证码FBMCLI.14.9983935｜未知位阶/无条文:地方工作文件
950,pkulaw,法规,地方工作文件,铜陵市人民政府关于临时增加无人驾驶航空器管制空域的通告,铜陵市人民政府,铜政告〔2026〕3号,2026-03-27,2026-03-27,现行有效,,否,pkulaw\raw_pdf\低空经济\无人驾驶航空器\铜陵市人民政府关于临时增加无人驾驶航空器管制空域的通告(FBMCLI.14.9828500).pdf,https://www.pkulaw.com/lar/bc8997f27c43650636863496cd157623bdfb.html,引证码FBMCLI.14.9828500｜未知位阶/无条文:地方工作文件
951,pkulaw,法规,地方工作文件,阜阳市人民政府关于2026年高考中考期间增加无人驾驶航空器等临时管制空域的通告,阜阳市人民政府,阜政秘〔2026〕54号,2026-06-05,2026-06-05,现行有效,,否,pkulaw\raw_pdf\低空经济\无人驾驶航空器\阜阳市人民政府关于2026年高考中考期间增加无人驾驶航空器等临时管制空域的通告(FBMCLI.14.9993738).pdf,https://www.pkulaw.com/lar/47724bcf893a2bb2584b6bba3a64c2c3bdfb.html,引证码FBMCLI.14.9993738｜有附件｜未知位阶/无条文:地方工作文件
952,pkulaw,法规,部门工作文件,限用类无人驾驶航空器系统适航标准,中国民用航空局,,2026-02-12,2026-02-12,现行有效,,否,pkulaw\raw_pdf\低空经济\无人驾驶航空器\限用类无人驾驶航空器系统适航标准(FBMCLI.4.5338798).pdf,https://www.pkulaw.com/chl/20e6f40ef4bb7d4fbdfb.html,引证码FBMCLI.4.5338798｜有附件｜部门工作文件(通知/名单)
953,pkulaw,法规,地方工作文件,陕西省农业农村厅关于印发《陕西省农用无人驾驶航空器购置与应用补贴实施方案》的通知,陕西省农业农村厅,陕农发〔2025〕8号,2025-02-19,2025-02-19,现行有效,,否,pkulaw\raw_pdf\低空经济\无人驾驶航空器\陕西省农业农村厅关于印发《陕西省农用无人驾驶航空器购置与应用补贴实施方案》的通知(FBMCLI.14.8611166).pdf,https://www.pkulaw.com/lar/12b54e8396e975eb82b6a75bd83a49d0bdfb.html,引证码FBMCLI.14.8611166｜未知位阶/无条文:地方工作文件
954,pkulaw,法规,地方工作文件,陕西省环境保护厅关于无人驾驶航空器飞行空域申请的函,陕西省环境保护厅,陕环生态函〔2018〕77号,2018-05-30,2018-05-30,现行有效,,否,pkulaw\raw_pdf\低空经济\无人驾驶航空器\陕西省环境保护厅关于无人驾驶航空器飞行空域申请的函(FBMCLI.14.2586821).pdf,https://www.pkulaw.com/lar/5d50e46273523ec9257f082ccc44e2d4bdfb.html,引证码FBMCLI.14.2586821｜有附件｜未知位阶/无条文:地方工作文件
955,pkulaw,法规,地方工作文件,青岛市农业农村局关于农机购置与应用补贴产品“植保无人驾驶航空器”投档的补充通知,青岛市农业农村局,,2022-05-30,2022-05-30,现行有效,,否,pkulaw\raw_pdf\低空经济\无人驾驶航空器\青岛市农业农村局关于农机购置与应用补贴产品“植保无人驾驶航空器”投档的补充通知(FBMCLI.14.5456409).pdf,https://www.pkulaw.com/lar/db829ef1bcbf2e68f77ef999a355220cbdfb.html,引证码FBMCLI.14.5456409｜未知位阶/无条文:地方工作文件
956,pkulaw,法规,地方工作文件,青岛市农业农村局关于印发《青岛市农用无人驾驶航空器购置补贴实施方案》的通知,青岛市农业农村局,青农计财字〔2025〕11号,2025-04-03,2025-04-03,现行有效,,否,pkulaw\raw_pdf\低空经济\无人驾驶航空器\青岛市农业农村局关于印发《青岛市农用无人驾驶航空器购置补贴实施方案》的通知(FBMCLI.14.8739803).pdf,https://www.pkulaw.com/lar/228840116437fee720f6665afb9b3c97bdfb.html,引证码FBMCLI.14.8739803｜未知位阶/无条文:地方工作文件
957,pkulaw,法规,地方工作文件,青岛市农业农村局关于印发农用无人驾驶航空器购置补贴实施方案的通知,青岛市农业农村局,青农计财字〔2025〕11号,2025-04-03,2025-04-03,现行有效,,否,pkulaw\raw_pdf\低空经济\无人驾驶航空器\青岛市农业农村局关于印发农用无人驾驶航空器购置补贴实施方案的通知(FBMCLI.14.8694401).pdf,https://www.pkulaw.com/lar/f3fa96b6ccae01092701f577b89a84efbdfb.html,引证码FBMCLI.14.8694401｜未知位阶/无条文:地方工作文件
958,pkulaw,法规,地方工作文件,青海省农牧机械推广总站关于开展植保无人驾驶航空器高原性能试验的通知,青海省农牧机械推广总站,,2022-05-05,2022-05-05,现行有效,,否,pkulaw\raw_pdf\低空经济\无人驾驶航空器\青海省农牧机械推广总站关于开展植保无人驾驶航空器高原性能试验的通知(FBMCLI.14.5084751).pdf,https://www.pkulaw.com/lar/bae2ff224cc97cbfca9a44f4e0f38cc6bdfb.html,引证码FBMCLI.14.5084751｜未知位阶/无条文:地方工作文件
959,pkulaw,法规,地方工作文件,鞍山市农业农村局、鞍山市财政局关于印发鞍山市农用无人驾驶航空器购置与应用补贴实施方案的通知,鞍山市农业农村局 鞍山市财政局,,2025-01-14,2025-01-14,现行有效,,否,pkulaw\raw_pdf\低空经济\无人驾驶航空器\鞍山市农业农村局、鞍山市财政局关于印发鞍山市农用无人驾驶航空器购置与应用补贴实施方案的通知(FBMCLI.14.9298038).pdf,https://www.pkulaw.com/lar/ee1a9a8f432ec3114f2f575945a9ae47bdfb.html,引证码FBMCLI.14.9298038｜有附件｜未知位阶/无条文:地方工作文件
960,pkulaw,法规,地方工作文件,黄山市人民政府关于2024年高考、中考期间增加无人驾驶航空器临时管制空域的通告,黄山市人民政府,黄政秘〔2024〕15号,2024-06-06,2024-06-06,现行有效,,否,pkulaw\raw_pdf\低空经济\无人驾驶航空器\黄山市人民政府关于2024年高考、中考期间增加无人驾驶航空器临时管制空域的通告(FBMCLI.14.9284146).pdf,https://www.pkulaw.com/lar/f7de609e3a1ee95c6c5739c262fbb0eabdfb.html,引证码FBMCLI.14.9284146｜有附件｜未知位阶/无条文:地方工作文件
961,pkulaw,法规,地方工作文件,黑河市交通运输局关于发布黑龙江省无人驾驶航空器适飞空域范围的通告,黑河市交通运输局,,2026-01-16,2026-01-16,现行有效,,否,pkulaw\raw_pdf\低空经济\无人驾驶航空器\黑河市交通运输局关于发布黑龙江省无人驾驶航空器适飞空域范围的通告(FBMCLI.14.9614286).pdf,https://www.pkulaw.com/lar/b09d03775046e0dd420cabcda0f62f52bdfb.html,引证码FBMCLI.14.9614286｜有附件｜未知位阶/无条文:地方工作文件
962,pkulaw,法规,地方工作文件,龙岩市人民政府关于“闽安－2025”地震应急综合演练期间进行无人驾驶航空器管控的通告,龙岩市人民政府,,2025-05-07,2025-05-07,现行有效,,否,pkulaw\raw_pdf\低空经济\无人驾驶航空器\龙岩市人民政府关于“闽安－2025”地震应急综合演练期间进行无人驾驶航空器管控的通告(FBMCLI.14.8729575).pdf,https://www.pkulaw.com/lar/f6b9f0bd2e988e60d83db64638eea2e6bdfb.html,引证码FBMCLI.14.8729575｜未知位阶/无条文:地方工作文件
963,pkulaw,法规,地方工作文件,龙岩市人民政府关于在2024年国庆节升国旗仪式期间进行无人驾驶航空器管控的通告,龙岩市人民政府,龙政通告〔2024〕3号,2024-09-28,2024-09-28,现行有效,,否,pkulaw\raw_pdf\低空经济\无人驾驶航空器\龙岩市人民政府关于在2024年国庆节升国旗仪式期间进行无人驾驶航空器管控的通告(FBMCLI.14.7829859).pdf,https://www.pkulaw.com/lar/80b19b59fd25150c3c7faa9d2a2e5ffbbdfb.html,引证码FBMCLI.14.7829859｜未知位阶/无条文:地方工作文件
964,pkulaw,法规,地方工作文件,龙岩市人民政府关于在2026年福建省城市足球联赛(龙岩赛区)活动期间进行无人驾驶航空器管控的通告,龙岩市人民政府,,2026-04-22,2026-04-22,现行有效,,否,pkulaw\raw_pdf\低空经济\无人驾驶航空器\龙岩市人民政府关于在2026年福建省城市足球联赛(龙岩赛区)活动期间进行无人驾驶航空器管控的通告(FBMCLI.14.9914803).pdf,https://www.pkulaw.com/lar/db73262d1d01aec0508962bfe3b785dfbdfb.html,引证码FBMCLI.14.9914803｜未知位阶/无条文:地方工作文件
965,pkulaw,法规,地方工作文件,龙岩市人民政府关于在2026年长汀春节活动期间进行无人驾驶航空器管控的通告,龙岩市人民政府,龙政通告〔2026〕1号,2026-02-11,2026-02-11,现行有效,,否,pkulaw\raw_pdf\低空经济\无人驾驶航空器\龙岩市人民政府关于在2026年长汀春节活动期间进行无人驾驶航空器管控的通告(FBMCLI.14.9672257).pdf,https://www.pkulaw.com/lar/50d179826c4a3580af320d4a6e93a481bdfb.html,引证码FBMCLI.14.9672257｜未知位阶/无条文:地方工作文件
966,pkulaw,法规,地方工作文件,龙岩市人民政府关于在第二届客家非遗奇妙夜活动期间进行无人驾驶航空器管控的通告,龙岩市人民政府,龙政通告〔2024〕2号,2024-09-12,2024-09-12,现行有效,,否,pkulaw\raw_pdf\低空经济\无人驾驶航空器\龙岩市人民政府关于在第二届客家非遗奇妙夜活动期间进行无人驾驶航空器管控的通告(FBMCLI.14.7790845).pdf,https://www.pkulaw.com/lar/9029b3b64b5ec934e3ca3111d3534a11bdfb.html,引证码FBMCLI.14.7790845｜未知位阶/无条文:地方工作文件
967,law精选,法规,标准,民用微轻小型无人驾驶航空器运行识别最低性能要求(试行),中国民航局空管办,(同 IB-TM-2024-01),2024,2024,现行有效,微/轻/小型无人机运行识别最低性能,否,law/05_标准/民用微轻小型无人驾驶航空器运行识别最低性能要求(试行).pdf,https://www.caac.gov.cn/,"[跨源重复,已在更高优先源] 与 IB-TM-2024-01 同源，入库时择一/去重"
968,dikongjie,地方规范性文件,地方政府规章/规范性文件,济南市低空经济发展促进办法,山东济南,,2026-01-31,,有效,,否,raw\dikongjie_html\9343.html,https://dikongjie.com/9343.html,"[跨源重复,已在更高优先源] ｜40条"
969,dikongjie,地方法规,地方性法规,无锡市低空经济发展促进条例,江苏无锡,,2025-08-06,,有效,,否,raw\dikongjie_html\7848.html,https://dikongjie.com/7848.html,"[跨源重复,已在更高优先源] ｜54条"
970,dikongjie,地方法规,地方性法规,广州市低空经济发展条例,广东广州,,2025-01-21,,有效,,否,raw\dikongjie_html\4473.html,https://dikongjie.com/4473.html,"[跨源重复,已在更高优先源] ｜41条"
971,dikongjie,地方规范性文件,地方政府规章/规范性文件,南京市低空飞行服务保障办法（试行）,江苏南京,,2024-12-03,,有效,,否,raw\dikongjie_html\3181.html,https://dikongjie.com/3181.html,"[跨源重复,已在更高优先源] ｜37条"
972,dikongjie,地方法规,地方性法规,珠海经济特区低空交通建设管理条例,珠海,,2024-11-21,,有效,,否,raw\dikongjie_html\2831.html,https://dikongjie.com/2831.html,"[跨源重复,已在更高优先源] ｜60条"
973,pkulaw,法规,设区的市地方性法规,广州市低空经济发展条例,广州市人大(含常委会),广州市第十六届人民代表大会常务委员会公告第54号,2025-01-21,2025-02-28,现行有效,,否,pkulaw\raw_pdf\低空经济\低空经济\广州市低空经济发展条例(FBMCLI.10.8462686).pdf,https://www.pkulaw.com/lar/49cc9d284d7a77c8d67d172bbe641bc1bdfb.html,"[跨源重复,已在更高优先源] 引证码FBMCLI.10.8462686｜未知位阶但结构化"
974,pkulaw,法规,设区的市地方性法规,无锡市低空经济发展促进条例,无锡市人大(含常委会),无锡市第十七届人民代表大会常务委员会公告第39号,2025-08-05,2025-10-01,现行有效,,否,pkulaw\raw_pdf\低空经济\低空经济\无锡市低空经济发展促进条例(FBMCLI.10.9063300).pdf,https://www.pkulaw.com/lar/d0d3e0a54fb622ac819c39bd5d07957bbdfb.html,"[跨源重复,已在更高优先源] 引证码FBMCLI.10.9063300｜未知位阶但结构化"
975,pkulaw,法规,,济南市低空经济发展促进办法,济南市人民政府,济南市人民政府令第302号,2026-01-01,2026-03-01,现行有效,,否,pkulaw\raw_pdf\低空经济\低空经济\济南市低空经济发展促进办法(FBMCLI.11.9643627).pdf,https://www.pkulaw.com/lar/26c03a27a171d5d52a48a8f3ccdb7e16bdfb.html,"[跨源重复,已在更高优先源] 引证码FBMCLI.11.9643627｜未知位阶但结构化"
976,pkulaw,法规,经济特区法规,深圳经济特区低空经济产业促进条例,深圳市人大(含常委会),深圳市第七届人民代表大会常务委员会公告第128号,2024-01-03,2024-02-01,现行有效,,否,pkulaw\raw_pdf\低空经济\低空经济\深圳经济特区低空经济产业促进条例(FBMCLI.10.7326927).pdf,https://www.pkulaw.com/lar/878321ea57a73781b6ddc410797929f1bdfb.html,"[跨源重复,已在更高优先源] 引证码FBMCLI.10.7326927｜强效力位阶"
977,pkulaw,法规,,芜湖市低空经济健康发展促进办法,芜湖市人民政府,芜湖市人民政府令第75号,2026-01-27,2026-03-01,现行有效,,否,pkulaw\raw_pdf\低空经济\低空经济\芜湖市低空经济健康发展促进办法(FBMCLI.11.9670779).pdf,https://www.pkulaw.com/lar/7f426c5983a804eec82a6c761b7a0be0bdfb.html,"[跨源重复,已在更高优先源] 引证码FBMCLI.11.9670779｜未知位阶但结构化"
978,pkulaw,法规,设区的市地方性法规,苏州市低空经济促进条例,苏州市人大(含常委会),苏州市第十七届人民代表大会常务委员会公告第29号,2025-08-06,2025-10-01,现行有效,,否,pkulaw\raw_pdf\低空经济\低空经济\苏州市低空经济促进条例(FBMCLI.10.9063294).pdf,https://www.pkulaw.com/lar/498717d78e3ddd83f125741c86f9b4dfbdfb.html,"[跨源重复,已在更高优先源] 引证码FBMCLI.10.9063294｜未知位阶但结构化"
979,pkulaw,法规,,山东省民用无人驾驶航空器公共安全管理办法,山东省人民政府,山东省人民政府令第371号,2025-10-31,2026-01-01,现行有效,,否,pkulaw\raw_pdf\低空经济\无人驾驶航空器\山东省民用无人驾驶航空器公共安全管理办法(FBMCLI.11.9335640).pdf,https://www.pkulaw.com/lar/22bdcc9577669f6e488d449761f4f9fcbdfb.html,"[跨源重复,已在更高优先源] 引证码FBMCLI.11.9335640｜未知位阶但结构化"
980,pkulaw,法规,部门规范性文件,民用无人驾驶航空器实名制登记管理规定,中国民用航空局,,2017-05-16,2017-05-16,废止或失效,,否,pkulaw\raw_pdf\低空经济\无人驾驶航空器\民用无人驾驶航空器实名制登记管理规定(FBMCLI.4.294943).pdf,https://www.pkulaw.com/chl/c165b7fc2f982a1fbdfb.html,"[跨源重复,已在更高优先源] 引证码FBMCLI.4.294943｜规范性文件+结构化"
981,pkulaw,法规,部门规范性文件,民用无人驾驶航空器经营性飞行活动管理办法(暂行),中国民用航空局,,2018-03-21,2018-06-01,现行有效,,否,pkulaw\raw_pdf\低空经济\无人驾驶航空器\民用无人驾驶航空器经营性飞行活动管理办法(暂行)(FBMCLI.4.313238).pdf,https://www.pkulaw.com/chl/7ac5f6a4aeebbad6bdfb.html,"[跨源重复,已在更高优先源] 引证码FBMCLI.4.313238｜规范性文件+结构化"
982,pkulaw,法规,部门规章,民用无人驾驶航空器运行安全管理规则,交通运输部,中华人民共和国交通运输部令2024年第1号,2024-01-01,2024-01-01,现行有效,,否,pkulaw\raw_pdf\低空经济\无人驾驶航空器\民用无人驾驶航空器运行安全管理规则(FBMCLI.4.5185999).pdf,https://www.pkulaw.com/chl/8332eb4e5595a36abdfb.html,"[跨源重复,已在更高优先源] 引证码FBMCLI.4.5185999｜强效力位阶"
983,pkulaw,法规,部门规范性文件,民用无人驾驶航空器降落伞系统规范,中国民用航空局,,2026-01-11,2026-02-01,现行有效,,否,pkulaw\raw_pdf\低空经济\无人驾驶航空器\民用无人驾驶航空器降落伞系统规范(FBMCLI.4.5334532).pdf,https://www.pkulaw.com/chl/49035757c747d6d0bdfb.html,"[跨源重复,已在更高优先源] 引证码FBMCLI.4.5334532｜有附件｜规范性文件+结构化"
984,pkulaw,法规,部门规范性文件,海关总署公告2026年第78号――关于规范无人机及相关物项出口申报的公告,海关总署,海关总署公告2026年第78号,2026-06-09,2026-06-30,现行有效,,否,pkulaw\raw_pdf\北大法宝中央法规批量下载2026072914472349\海关总署公告2026年第78号――关于规范无人机及相关物项出口申报的公告(FBMCLI.4.5345691).pdf,https://www.pkulaw.com/chl/e0e4d4ac2c63502bbdfb.html,"[跨源重复,已在更高优先源] 引证码FBMCLI.4.5345691｜规范性文件+结构化"
985,pkulaw,法规,地方规范性文件,沧州市人民政府关于加强对无人机等“低慢小”航空器和空飘物管控的通告,沧州市人民政府,沧政告〔2025〕2号,2025-08-21,2025-08-21,现行有效,,否,pkulaw\raw_pdf\北大法宝地方规范性文件\沧州市人民政府关于加强对无人机等“低慢小”航空器和空飘物管控的通告(FBMCLI.12.9145415).pdf,https://www.pkulaw.com/lar/b33ace791ecc10c8e03888eaaa6a2cb1bdfb.html,"[跨源重复,已在更高优先源] 引证码FBMCLI.12.9145415｜规范性文件+结构化"
986,pkulaw,法规,地方规范性文件,宝鸡市人民政府办公室关于印发《宝鸡市民用无人机管理暂行规定》的通知,宝鸡市人民政府,宝政办发[2017]68号,2017-09-06,2017-10-01,废止或失效,,否,pkulaw\raw_pdf\北大法宝地方规范性文件\宝鸡市人民政府办公室关于印发《宝鸡市民用无人机管理暂行规定》的通知(FBMCLI.12.3940565).pdf,https://www.pkulaw.com/lar/153df1998058678994716165f19da5ccbdfb.html,"[跨源重复,已在更高优先源] 引证码FBMCLI.12.3940565｜规范性文件+结构化"
987,pkulaw,法规,部门规范性文件,无人机云系统接口数据规范,中国民用航空局,,2017-10-20,2017-12-01,现行有效,,否,pkulaw\raw_pdf\北大法宝无人机中央法规51-62\无人机云系统接口数据规范(FBMCLI.4.5304507).pdf,https://www.pkulaw.com/chl/1aeb60ea831a1b7cbdfb.html,"[跨源重复,已在更高优先源] 引证码FBMCLI.4.5304507｜有附件｜规范性文件+结构化"
988,pkulaw,法规,部门规范性文件,轻小无人机运行规定(试行),中国民用航空局,,2015-12-29,2015-12-29,部分废止或失效,,否,pkulaw\raw_pdf\北大法宝无人机中央法规51-62\轻小无人机运行规定(试行)(FBMCLI.4.5167411).pdf,https://www.pkulaw.com/chl/f48a74a98f33d72cbdfb.html,"[跨源重复,已在更高优先源] 引证码FBMCLI.4.5167411｜有附件｜规范性文件+结构化"
989,pkulaw,法规,部门规范性文件,海关总署公告2026年第78号――关于规范无人机及相关物项出口申报的公告,海关总署,海关总署公告2026年第78号,2026-06-09,2026-06-30,现行有效,,否,pkulaw\raw_pdf\北大法宝中央法规批量下载2026072914472349\海关总署公告2026年第78号――关于规范无人机及相关物项出口申报的公告(FBMCLI.4.5345691).pdf,https://www.pkulaw.com/chl/e0e4d4ac2c63502bbdfb.html,"[跨源重复,已在更高优先源] 引证码FBMCLI.4.5345691｜规范性文件+结构化"
990,pkulaw,法规,部门规范性文件,交通运输部办公厅关于印发《低空无人机应用公路桥梁巡检技术指南(试行)》的通知,交通运输部,交办公路〔2026〕8号,2026-02-06,2026-02-06,现行有效,,否,pkulaw\raw_pdf\北大法宝中央法规批量下载2026072914510079\交通运输部办公厅关于印发《低空无人机应用公路桥梁巡检技术指南(试行)》的通知(FBMCLI.4.5338964).pdf,https://www.pkulaw.com/chl/cc3280f98004b546bdfb.html,"[跨源重复,已在更高优先源] 引证码FBMCLI.4.5338964｜有附件｜规范性文件+结构化"
991,pkulaw,法规,部门规范性文件,不可靠实体清单工作机制公告2025年第10号——关于将反无人机技术公司等外国实体列入不可靠实体清单的公告,商务部,不可靠实体清单工作机制公告2025年第10号,2025-10-09,2025-10-09,现行有效,,否,pkulaw\raw_pdf\北大法宝中央法规批量下载2026072914510079\不可靠实体清单工作机制公告2025年第10号——关于将反无人机技术公司等外国实体列入不可靠实体清单的公告(FBMCLI.4.5310462).pdf,https://www.pkulaw.com/chl/02bc15d0774b161bbdfb.html,"[跨源重复,已在更高优先源] 引证码FBMCLI.4.5310462｜规范性文件+结构化"
992,pkulaw,法规,部门规范性文件,商务部、海关总署、中央军委装备发展部公告2024年第31号――关于优化调整无人机出口管制措施的公告,商务部 海关总署 中央军委装备发展部,商务部、海关总署、中央军委装备发展部公告2024年第31号,2024-07-31,2024-09-01,废止或失效,,否,pkulaw\raw_pdf\北大法宝中央法规批量下载2026072914510079\商务部、海关总署、中央军委装备发展部公告2024年第31号――关于优化调整无人机出口管制措施的公告(FBMCLI.4.5228390).pdf,https://www.pkulaw.com/chl/714df89904610dfbbdfb.html,"[跨源重复,已在更高优先源] 引证码FBMCLI.4.5228390｜规范性文件+结构化"
993,pkulaw,法规,部门规范性文件,无人机云系统数据规范,中国民用航空局,,2019-10-22,2020-01-01,现行有效,,否,pkulaw\raw_pdf\北大法宝无人机中央法规前50\无人机云系统数据规范(FBMCLI.4.5305290).pdf,https://www.pkulaw.com/chl/79c95ac5a58dde8abdfb.html,"[跨源重复,已在更高优先源] 引证码FBMCLI.4.5305290｜规范性文件+结构化"
994,pkulaw,法规,部门规范性文件,民用无人机驾驶员管理规定(2018修订),中国民用航空局,,2018-08-31,2018-08-31,现行有效,,否,pkulaw\raw_pdf\北大法宝无人机中央法规前50\民用无人机驾驶员管理规定(2018修订)(FBMCLI.4.5112465).pdf,https://www.pkulaw.com/chl/58cb8a717fdf8c9fbdfb.html,"[跨源重复,已在更高优先源] 引证码FBMCLI.4.5112465｜有附件｜规范性文件+结构化"
995,pkulaw,案例,司法案例,北京富德芯创国际科技有限公司、北京韦加无人机科技股份有限公司合同纠纷一审民事裁定书,,,,,,,否,pkulaw\raw_pdf\无人机司法案例pdf\无人机司法案例pdf\北京富德芯创国际科技有限公司、北京韦加无人机科技股份有限公司合同纠纷一审民事裁定书(FBMCLI.C.59039471).pdf,https://www.pkulaw.com/pfnl/a25051f3312b07f375bd8227dd5850e81445c02abea,"[跨源重复,已在更高优先源] 引证码FBMCLI.C.59039471｜司法案例(单独管线)"
996,pkulaw,案例,司法案例,北京富德芯创国际科技有限公司、北京韦加无人机科技股份有限公司合同纠纷一审民事裁定书,,,,,,,否,pkulaw\raw_pdf\无人机司法案例pdf\无人机司法案例pdf\北京富德芯创国际科技有限公司、北京韦加无人机科技股份有限公司合同纠纷一审民事裁定书(FBMCLI.C.59097792).pdf,https://www.pkulaw.com/pfnl/a25051f3312b07f31bc050e9c6dd86d90505b2ac478,"[跨源重复,已在更高优先源] 引证码FBMCLI.C.59097792｜司法案例(单独管线)"
997,pkulaw,案例,司法案例,北京富德芯创国际科技有限公司、北京韦加无人机科技股份有限公司合同纠纷一审民事裁定书,,,,,,,否,pkulaw\raw_pdf\无人机司法案例pdf\无人机司法案例pdf\北京富德芯创国际科技有限公司、北京韦加无人机科技股份有限公司合同纠纷一审民事裁定书(FBMCLI.C.59097847).pdf,https://www.pkulaw.com/pfnl/a25051f3312b07f318c174de59448a9beddb078950a,"[跨源重复,已在更高优先源] 引证码FBMCLI.C.59097847｜司法案例(单独管线)"
998,pkulaw,案例,司法案例,北京富德芯创国际科技有限公司、北京韦加无人机科技股份有限公司合同纠纷一审民事裁定书,,,,,,,否,pkulaw\raw_pdf\无人机司法案例pdf\无人机司法案例pdf\北京富德芯创国际科技有限公司、北京韦加无人机科技股份有限公司合同纠纷一审民事裁定书(FBMCLI.C.59108576).pdf,https://www.pkulaw.com/pfnl/a25051f3312b07f3c856ddd31e159218183e0d50bd2,"[跨源重复,已在更高优先源] 引证码FBMCLI.C.59108576｜司法案例(单独管线)"
999,pkulaw,案例,司法案例,北京富德芯创国际科技有限公司、北京韦加无人机科技股份有限公司合同纠纷一审民事裁定书,,,,,,,否,pkulaw\raw_pdf\无人机司法案例pdf\无人机司法案例pdf\北京富德芯创国际科技有限公司、北京韦加无人机科技股份有限公司合同纠纷一审民事裁定书(FBMCLI.C.59121468).pdf,https://www.pkulaw.com/pfnl/a25051f3312b07f38ebe17b7a7779fbc5fb7251ad1cb,"[跨源重复,已在更高优先源] 引证码FBMCLI.C.59121468｜司法案例(单独管线)"
1000,pkulaw,案例,司法案例,北京富德芯创国际科技有限公司、北京韦加无人机科技股份有限公司合同纠纷一审民事裁定书,,,,,,,否,pkulaw\raw_pdf\无人机司法案例pdf\无人机司法案例pdf\北京富德芯创国际科技有限公司、北京韦加无人机科技股份有限公司合同纠纷一审民事裁定书(FBMCLI.C.59121526).pdf,https://www.pkulaw.com/pfnl/a25051f3312b07f3f80add6e98543ad1dbebf74b0918,"[跨源重复,已在更高优先源] 引证码FBMCLI.C.59121526｜司法案例(单独管线)"
1001,pkulaw,案例,司法案例,北京富德芯创国际科技有限公司、北京韦加无人机科技股份有限公司合同纠纷一审民事裁定书,,,,,,,否,pkulaw\raw_pdf\无人机司法案例pdf\无人机司法案例pdf\北京富德芯创国际科技有限公司、北京韦加无人机科技股份有限公司合同纠纷一审民事裁定书(FBMCLI.C.59215963).pdf,https://www.pkulaw.com/pfnl/a25051f3312b07f34b55c94dae6a2934d27f9f790bfa,"[跨源重复,已在更高优先源] 引证码FBMCLI.C.59215963｜司法案例(单独管线)"
1002,pkulaw,案例,司法案例,北京富德芯创国际科技有限公司、北京韦加无人机科技股份有限公司合同纠纷一审民事裁定书,,,,,,,否,pkulaw\raw_pdf\无人机司法案例pdf\无人机司法案例pdf\北京富德芯创国际科技有限公司、北京韦加无人机科技股份有限公司合同纠纷一审民事裁定书(FBMCLI.C.59215990).pdf,https://www.pkulaw.com/pfnl/a25051f3312b07f32c0a8822c95a644b344ef7c82c7d,"[跨源重复,已在更高优先源] 引证码FBMCLI.C.59215990｜司法案例(单独管线)"
1003,pkulaw,案例,司法案例,北京富德芯创国际科技有限公司、北京韦加无人机科技股份有限公司合同纠纷一审民事裁定书,,,,,,,否,pkulaw\raw_pdf\无人机司法案例pdf\无人机司法案例pdf\北京富德芯创国际科技有限公司、北京韦加无人机科技股份有限公司合同纠纷一审民事裁定书(FBMCLI.C.59218897).pdf,https://www.pkulaw.com/pfnl/a25051f3312b07f3b955ee32df6c4dd485d08624f41d,"[跨源重复,已在更高优先源] 引证码FBMCLI.C.59218897｜司法案例(单独管线)"
1004,pkulaw,案例,司法案例,周桂华与成都三足乌无人机科技有限公司、四川新川实业有限公司机动车交通事故责任纠纷,,,,,,,否,pkulaw\raw_pdf\无人机司法案例pdf\无人机司法案例pdf\周桂华与成都三足乌无人机科技有限公司、四川新川实业有限公司机动车交通事故责任纠纷(FBMCLI.C.50678320).pdf,https://www.pkulaw.com/pfnl/a25051f3312b07f39a4de03c5db6a0164d50b921aba,"[跨源重复,已在更高优先源] 引证码FBMCLI.C.50678320｜司法案例(单独管线)"
1005,pkulaw,案例,司法案例,威海万准测绘有限公司与烟台云都海鹰无人机应用技术有限公司买卖合同纠纷一审民事裁定书,,,,,,,否,pkulaw\raw_pdf\无人机司法案例pdf\无人机司法案例pdf\威海万准测绘有限公司与烟台云都海鹰无人机应用技术有限公司买卖合同纠纷一审民事裁定书(FBMCLI.C.96637778).pdf,https://www.pkulaw.com/pfnl/a6bdb3332ec0adc4ac16c01dfb41083abd84bedd913,"[跨源重复,已在更高优先源] 引证码FBMCLI.C.96637778｜司法案例(单独管线)"
1006,pkulaw,案例,司法案例,张瑞福与深圳市飞客无人机科技有限公司买卖合同纠纷一审民事裁定书,,,,,,,否,pkulaw\raw_pdf\无人机司法案例pdf\无人机司法案例pdf\张瑞福与深圳市飞客无人机科技有限公司买卖合同纠纷一审民事裁定书(FBMCLI.C.90154491).pdf,https://www.pkulaw.com/pfnl/a6bdb3332ec0adc468fd83f797a62905d937c6863bc,"[跨源重复,已在更高优先源] 引证码FBMCLI.C.90154491｜司法案例(单独管线)"
1007,pkulaw,案例,司法案例,"武侯区无线航模玩具经营部与赵德力,东莞市汇天无人机科技有限公司侵害外观设计专利权纠纷二审民事裁定书",,,,,,,否,"pkulaw\raw_pdf\无人机司法案例pdf\无人机司法案例pdf\武侯区无线航模玩具经营部与赵德力,东莞市汇天无人机科技有限公司侵害外观设计专利权纠纷二审民事裁定书(FBMCLI.C.50811079).pdf",https://www.pkulaw.com/pfnl/a25051f3312b07f3dcd018eab30e3626295e24156b5,"[跨源重复,已在更高优先源] 引证码FBMCLI.C.50811079｜司法案例(单独管线)"
1008,pkulaw,案例,司法案例,汕头市澄海区港口建筑工程有限公司、广东澄星无人机股份有限公司其他案由执行实施类执行裁定书,,,,,,,否,pkulaw\raw_pdf\无人机司法案例pdf\无人机司法案例pdf\汕头市澄海区港口建筑工程有限公司、广东澄星无人机股份有限公司其他案由执行实施类执行裁定书(FBMCLI.C.311415625).pdf,https://www.pkulaw.com/pfnl/c05aeed05a57db0aaf23132b9f8b762318451ee765f,"[跨源重复,已在更高优先源] 引证码FBMCLI.C.311415625｜司法案例(单独管线)"
1009,pkulaw,案例,司法案例,江苏启源无人机科技有限公司与探马（安徽）科技有限公司买卖合同纠纷一案,,,,,,,否,pkulaw\raw_pdf\无人机司法案例pdf\无人机司法案例pdf\江苏启源无人机科技有限公司与探马（安徽）科技有限公司买卖合同纠纷一案(FBMCLI.C.578761511).pdf,https://www.pkulaw.com/pfnl/c7ed112b8012f816dfabcfadda6158a405e636e83d9c,"[跨源重复,已在更高优先源] 引证码FBMCLI.C.578761511｜司法案例(单独管线)"
1010,pkulaw,案例,司法案例,沈阳东云无人机科技服务有限公司、沈阳绿环澄源热力有限公司等供用热力合同纠纷民事一审民事裁定书,,,,,,,否,pkulaw\raw_pdf\无人机司法案例pdf\无人机司法案例pdf\沈阳东云无人机科技服务有限公司、沈阳绿环澄源热力有限公司等供用热力合同纠纷民事一审民事裁定书(FBMCLI.C.404392661).pdf,https://www.pkulaw.com/pfnl/95b2ca8d4055fce19e8b608aa7b868586253d819a5a,"[跨源重复,已在更高优先源] 引证码FBMCLI.C.404392661｜司法案例(单独管线)"
1011,pkulaw,案例,司法案例,沈阳东云无人机科技服务有限公司、沈阳绿环澄源热力有限公司等供用热力合同纠纷民事一审民事裁定书,,,,,,,否,pkulaw\raw_pdf\无人机司法案例pdf\无人机司法案例pdf\沈阳东云无人机科技服务有限公司、沈阳绿环澄源热力有限公司等供用热力合同纠纷民事一审民事裁定书(FBMCLI.C.404639677).pdf,https://www.pkulaw.com/pfnl/95b2ca8d4055fce1136a6c4266315399f79526bf207a,"[跨源重复,已在更高优先源] 引证码FBMCLI.C.404639677｜司法案例(单独管线)"
1012,pkulaw,案例,司法案例,沈阳东云无人机科技服务有限公司、沈阳绿环澄源热力有限公司等供用热力合同纠纷民事一审民事裁定书,,,,,,,否,pkulaw\raw_pdf\无人机司法案例pdf\无人机司法案例pdf\沈阳东云无人机科技服务有限公司、沈阳绿环澄源热力有限公司等供用热力合同纠纷民事一审民事裁定书(FBMCLI.C.404721306).pdf,https://www.pkulaw.com/pfnl/95b2ca8d4055fce133d5d2b93d0cb6905785c215e44,"[跨源重复,已在更高优先源] 引证码FBMCLI.C.404721306｜司法案例(单独管线)"
1013,pkulaw,案例,司法案例,沈阳东云无人机科技服务有限公司、沈阳绿环澄源热力有限公司等供用热力合同纠纷民事一审民事裁定书,,,,,,,否,pkulaw\raw_pdf\无人机司法案例pdf\无人机司法案例pdf\沈阳东云无人机科技服务有限公司、沈阳绿环澄源热力有限公司等供用热力合同纠纷民事一审民事裁定书(FBMCLI.C.405083603).pdf,https://www.pkulaw.com/pfnl/95b2ca8d4055fce1736b37ca7b713b48628eb8abed4,"[跨源重复,已在更高优先源] 引证码FBMCLI.C.405083603｜司法案例(单独管线)"
1014,pkulaw,案例,司法案例,沈阳东云无人机科技服务有限公司、沈阳绿环澄源热力有限公司等供用热力合同纠纷民事一审民事裁定书,,,,,,,否,pkulaw\raw_pdf\无人机司法案例pdf\无人机司法案例pdf\沈阳东云无人机科技服务有限公司、沈阳绿环澄源热力有限公司等供用热力合同纠纷民事一审民事裁定书(FBMCLI.C.405137264).pdf,https://www.pkulaw.com/pfnl/95b2ca8d4055fce1a5ba687e690fbfae859a509ef723,"[跨源重复,已在更高优先源] 引证码FBMCLI.C.405137264｜司法案例(单独管线)"
1015,pkulaw,案例,司法案例,沈阳东云无人机科技服务有限公司、沈阳绿环澄源热力有限公司等供用热力合同纠纷民事一审民事裁定书,,,,,,,否,pkulaw\raw_pdf\无人机司法案例pdf\无人机司法案例pdf\沈阳东云无人机科技服务有限公司、沈阳绿环澄源热力有限公司等供用热力合同纠纷民事一审民事裁定书(FBMCLI.C.411395461).pdf,https://www.pkulaw.com/pfnl/95b2ca8d4055fce1cf6f2924fa9045a19e7bd99b1b81,"[跨源重复,已在更高优先源] 引证码FBMCLI.C.411395461｜司法案例(单独管线)"
1016,pkulaw,案例,司法案例,深圳中科大智航空技术有限公司诉张珊珊、徐龙花、巫有廷深圳华越无人机技术有限公司、深圳高科新农技术有限公司劳动合同纠纷...,,,,,,,否,pkulaw\raw_pdf\无人机司法案例pdf\无人机司法案例pdf\深圳中科大智航空技术有限公司诉张珊珊、徐龙花、巫有廷深圳华越无人机技术有限公司、深圳高科新农技术有限公司劳动合同纠纷...(FBMCLI.C.310119539).pdf,https://www.pkulaw.com/pfnl/c05aeed05a57db0a400c73d908d83e545f993b1136e,"[跨源重复,已在更高优先源] 引证码FBMCLI.C.310119539｜司法案例(单独管线)"
1017,pkulaw,案例,司法案例,深圳中科大智航空技术有限公司诉张珊珊、徐龙花、巫有廷深圳华越无人机技术有限公司、深圳高科新农技术有限公司劳动合同纠纷...,,,,,,,否,pkulaw\raw_pdf\无人机司法案例pdf\无人机司法案例pdf\深圳中科大智航空技术有限公司诉张珊珊、徐龙花、巫有廷深圳华越无人机技术有限公司、深圳高科新农技术有限公司劳动合同纠纷...(FBMCLI.C.310119580).pdf,https://www.pkulaw.com/pfnl/c05aeed05a57db0a84a9e21ff19d76975279b0ef99c2,"[跨源重复,已在更高优先源] 引证码FBMCLI.C.310119580｜司法案例(单独管线)"
1018,pkulaw,案例,司法案例,深圳市高端无人机有限公司、胞集团有限公司等买卖合同纠纷首次执行执行裁定书,,,,,,,否,pkulaw\raw_pdf\无人机司法案例pdf\无人机司法案例pdf\深圳市高端无人机有限公司、胞集团有限公司等买卖合同纠纷首次执行执行裁定书(FBMCLI.C.404443966).pdf,https://www.pkulaw.com/pfnl/95b2ca8d4055fce1638326b1cc7661be52c5b1b45e5,"[跨源重复,已在更高优先源] 引证码FBMCLI.C.404443966｜司法案例(单独管线)"
1019,pkulaw,案例,司法案例,温卫洪与陈加华、广东澄星无人机股份有限公司民间借贷纠纷一审民事裁定书,,,,,,,否,pkulaw\raw_pdf\无人机司法案例pdf\无人机司法案例pdf\温卫洪与陈加华、广东澄星无人机股份有限公司民间借贷纠纷一审民事裁定书(FBMCLI.C.108437491).pdf,https://www.pkulaw.com/pfnl/a6bdb3332ec0adc4266648672ea6708d3caa3c908fa,"[跨源重复,已在更高优先源] 引证码FBMCLI.C.108437491｜司法案例(单独管线)"
1020,pkulaw,案例,司法案例,滁州鸿飞无人机科技有限公司、赵烽等首次执行执行裁定书,,,,,,,否,pkulaw\raw_pdf\无人机司法案例pdf\无人机司法案例pdf\滁州鸿飞无人机科技有限公司、赵烽等首次执行执行裁定书(FBMCLI.C.503001227).pdf,https://www.pkulaw.com/pfnl/08df102e7c10f206eb4fb01398792e07ca2254d8d9b,"[跨源重复,已在更高优先源] 引证码FBMCLI.C.503001227｜司法案例(单独管线)"
1021,pkulaw,案例,司法案例,滁州鸿飞无人机科技有限公司、赵烽等首次执行执行裁定书,,,,,,,否,pkulaw\raw_pdf\无人机司法案例pdf\无人机司法案例pdf\滁州鸿飞无人机科技有限公司、赵烽等首次执行执行裁定书(FBMCLI.C.503042580).pdf,https://www.pkulaw.com/pfnl/08df102e7c10f206ec3567ad3134463275c6955f702a,"[跨源重复,已在更高优先源] 引证码FBMCLI.C.503042580｜司法案例(单独管线)"
1022,pkulaw,案例,司法案例,航天彩虹无人机股份有限公司与依索(苏州)合成材料有限公司买卖合同纠纷执行裁定书,,,,,,,否,pkulaw\raw_pdf\无人机司法案例pdf\无人机司法案例pdf\航天彩虹无人机股份有限公司与依索(苏州)合成材料有限公司买卖合同纠纷执行裁定书(FBMCLI.C.313275625).pdf,https://www.pkulaw.com/pfnl/c05aeed05a57db0a45c1befc8e5e8bad7362da297b0,"[跨源重复,已在更高优先源] 引证码FBMCLI.C.313275625｜司法案例(单独管线)"
1023,pkulaw,案例,司法案例,蒙城县庄子进出口贸易有限公司、蒙城县黄赛无人机有限公司买卖合同纠纷一审民事裁定书,,,,,,,否,pkulaw\raw_pdf\无人机司法案例pdf\无人机司法案例pdf\蒙城县庄子进出口贸易有限公司、蒙城县黄赛无人机有限公司买卖合同纠纷一审民事裁定书(FBMCLI.C.318408009).pdf,https://www.pkulaw.com/pfnl/c05aeed05a57db0a8fb73791a63868859f3fcbecc5cb,"[跨源重复,已在更高优先源] 引证码FBMCLI.C.318408009｜司法案例(单独管线)"
1024,pkulaw,案例,司法案例,长甲无人机科技（上海）有限公司与重庆麦高广告有限公司服务合同纠纷一审民事裁定书,,,,,,,否,pkulaw\raw_pdf\无人机司法案例pdf\无人机司法案例pdf\长甲无人机科技（上海）有限公司与重庆麦高广告有限公司服务合同纠纷一审民事裁定书(FBMCLI.C.503295587).pdf,https://www.pkulaw.com/pfnl/08df102e7c10f206afa78a5699f4cc80cd800f8d2af10,"[跨源重复,已在更高优先源] 引证码FBMCLI.C.503295587｜司法案例(单独管线)"
1025,pkulaw,案例,司法案例,长甲无人机科技（上海）有限公司与重庆麦高广告有限公司服务合同纠纷一审民事裁定书,,,,,,,否,pkulaw\raw_pdf\无人机司法案例pdf\无人机司法案例pdf\长甲无人机科技（上海）有限公司与重庆麦高广告有限公司服务合同纠纷一审民事裁定书(FBMCLI.C.503297466).pdf,https://www.pkulaw.com/pfnl/08df102e7c10f206b730f8201daf64bcece5f4d147ae1,"[跨源重复,已在更高优先源] 引证码FBMCLI.C.503297466｜司法案例(单独管线)"
1026,pkulaw,案例,司法案例,"黄赛,蒙城县庄子进出口贸易有限公司,蒙城县黄赛无人机有限公司,广州黄赛航空科技有限公司执行实施类执行通知书",,,,,,,否,"pkulaw\raw_pdf\无人机司法案例pdf\无人机司法案例pdf\黄赛,蒙城县庄子进出口贸易有限公司,蒙城县黄赛无人机有限公司,广州黄赛航空科技有限公司执行实施类执行通知书(FBMCLI.C.314400162).pdf",https://www.pkulaw.com/pfnl/c05aeed05a57db0a66d4bee55adf2bc7501ef7a4187,"[跨源重复,已在更高优先源] 引证码FBMCLI.C.314400162｜司法案例(单独管线)"
1027,pkulaw,法规,地方规范性文件,上海市人民政府办公厅关于印发《上海市民用无人驾驶航空器飞行安全管理暂行办法》的通知,上海市人民政府,沪府办规〔2025〕18号,2025-12-26,2026-02-01,现行有效,,否,pkulaw\raw_pdf\低空经济\无人驾驶航空器\上海市人民政府办公厅关于印发《上海市民用无人驾驶航空器飞行安全管理暂行办法》的通知(FBMCLI.12.9597285).pdf,https://www.pkulaw.com/lar/90d72b06824d73450816ad958d022f29bdfb.html,"[跨源重复,已在更高优先源] 引证码FBMCLI.12.9597285｜规范性文件+结构化"
1028,pkulaw,法规,地方规范性文件,上饶市人民政府办公室关于印发上饶市民用无人驾驶航空器公共安全管理办法的通知,上饶市人民政府,饶府办发〔2025〕12号,2025-09-01,2025-10-01,现行有效,,否,pkulaw\raw_pdf\低空经济\无人驾驶航空器\上饶市人民政府办公室关于印发上饶市民用无人驾驶航空器公共安全管理办法的通知(FBMCLI.12.9186556).pdf,https://www.pkulaw.com/lar/fa22cfb35cc152d17140dc10d6d5c914bdfb.html,"[跨源重复,已在更高优先源] 引证码FBMCLI.12.9186556｜规范性文件+结构化"
1029,pkulaw,法规,部门规范性文件,中国民用航空局综合司、农业农村部办公厅关于印发《农用无人驾驶航空器操控员培训管理规定(试行)》的通知,中国民用航空局 农业农村部,民航综飞发〔2025〕1号,2025-01-23,2025-01-23,现行有效,,否,pkulaw\raw_pdf\低空经济\无人驾驶航空器\中国民用航空局综合司、农业农村部办公厅关于印发《农用无人驾驶航空器操控员培训管理规定(试行)》的通知(FBMCLI.4.5291082).pdf,https://www.pkulaw.com/chl/1512d099f1541a27bdfb.html,"[跨源重复,已在更高优先源] 引证码FBMCLI.4.5291082｜有附件｜规范性文件+结构化"
1030,pkulaw,法规,地方规范性文件,北京市公安局关于印发《北京市无人驾驶航空器特殊保障规定(试行)》等3部行政规范性文件的通知,北京市公安局,京公无人机发〔2026〕97号,2026-03-28,2026-05-01,现行有效,,否,pkulaw\raw_pdf\低空经济\无人驾驶航空器\北京市公安局关于印发《北京市无人驾驶航空器特殊保障规定(试行)》等3部行政规范性文件的通知(FBMCLI.12.9844913).pdf,https://www.pkulaw.com/lar/393c6b25ec8057840145e21603ba0435bdfb.html,"[跨源重复,已在更高优先源] 引证码FBMCLI.12.9844913｜有附件｜规范性文件+结构化"
1031,pkulaw,法规,地方规范性文件,北京市公安局关于印发反恐怖主义行政处罚裁量基准和无人驾驶航空器飞行管理行政处罚裁量基准的通知,北京市公安局,京公反恐特警字〔2024〕733号,2024-08-20,2024-08-20,现行有效,,否,pkulaw\raw_pdf\低空经济\无人驾驶航空器\北京市公安局关于印发反恐怖主义行政处罚裁量基准和无人驾驶航空器飞行管理行政处罚裁量基准的通知(FBMCLI.12.8044427).pdf,https://www.pkulaw.com/lar/8673b0291e87d24412de19280b5bdcc4bdfb.html,"[跨源重复,已在更高优先源] 引证码FBMCLI.12.8044427｜规范性文件+结构化"
1032,pkulaw,法规,省级地方性法规,北京市无人驾驶航空器管理规定,北京市人大(含常委会),北京市人民代表大会常务委员会公告〔十六届〕第50号,2026-03-27,2026-05-01,现行有效,,否,pkulaw\raw_pdf\低空经济\无人驾驶航空器\北京市无人驾驶航空器管理规定(FBMCLI.10.9785475).pdf,https://www.pkulaw.com/lar/c3a19676a0f64a8522dc8735f5c87c73bdfb.html,"[跨源重复,已在更高优先源] 引证码FBMCLI.10.9785475｜未知位阶但结构化"
1033,pkulaw,法规,,厦门市民用无人驾驶航空器公共安全管理办法,厦门市人民政府,厦门市人民政府令第179号,2019-11-03,2020-04-01,现行有效,,否,pkulaw\raw_pdf\低空经济\无人驾驶航空器\厦门市民用无人驾驶航空器公共安全管理办法(FBMCLI.11.1560288).pdf,https://www.pkulaw.com/lar/5dd76a34117d2626218f315def948598bdfb.html,"[跨源重复,已在更高优先源] 引证码FBMCLI.11.1560288｜未知位阶但结构化"
1034,pkulaw,法规,,四川省民用无人驾驶航空器安全管理暂行规定,四川省人民政府,四川省人民政府令第321号,2017-08-18,2017-09-20,现行有效,,否,pkulaw\raw_pdf\低空经济\无人驾驶航空器\四川省民用无人驾驶航空器安全管理暂行规定(FBMCLI.11.1294847).pdf,https://www.pkulaw.com/lar/b7b7c9a776bcc4d38daf9d0b1b632e40bdfb.html,"[跨源重复,已在更高优先源] 引证码FBMCLI.11.1294847｜未知位阶但结构化"
1035,pkulaw,法规,部门规范性文件,基于计算机的民用无人驾驶航空器运行控制系统管理办法,中国民用航空局,民航规〔2026〕2号,2026-01-16,2026-01-16,现行有效,,否,pkulaw\raw_pdf\低空经济\无人驾驶航空器\基于计算机的民用无人驾驶航空器运行控制系统管理办法(FBMCLI.4.5337411).pdf,https://www.pkulaw.com/chl/038e26ffde86f7fabdfb.html,"[跨源重复,已在更高优先源] 引证码FBMCLI.4.5337411｜有附件｜规范性文件+结构化"
1036,pkulaw,法规,地方规范性文件,宿迁市政府关于印发宿迁市消防救援无人驾驶航空器应用管理办法的通知,宿迁市人民政府,宿政规发〔2025〕6号,2025-12-10,2026-01-10,现行有效,,否,pkulaw\raw_pdf\低空经济\无人驾驶航空器\宿迁市政府关于印发宿迁市消防救援无人驾驶航空器应用管理办法的通知(FBMCLI.12.9686711).pdf,https://www.pkulaw.com/lar/db06727f0f0124f31b84e8c7987e2b2dbdfb.html,"[跨源重复,已在更高优先源] 引证码FBMCLI.12.9686711｜规范性文件+结构化"
1037,pkulaw,法规,,山东省民用无人驾驶航空器公共安全管理办法,山东省人民政府,山东省人民政府令第371号,2025-10-31,2026-01-01,现行有效,,否,pkulaw\raw_pdf\低空经济\无人驾驶航空器\山东省民用无人驾驶航空器公共安全管理办法(FBMCLI.11.9335640).pdf,https://www.pkulaw.com/lar/22bdcc9577669f6e488d449761f4f9fcbdfb.html,"[跨源重复,已在更高优先源] 引证码FBMCLI.11.9335640｜未知位阶但结构化"
1038,pkulaw,法规,地方规范性文件,攀枝花市人民政府办公室关于做好《四川省民用无人驾驶航空器安全管理暂行规定》贯彻实施工作的通知,攀枝花市人民政府,,2017-09-24,2017-09-24,现行有效,,否,pkulaw\raw_pdf\低空经济\无人驾驶航空器\攀枝花市人民政府办公室关于做好《四川省民用无人驾驶航空器安全管理暂行规定》贯彻实施工作的通知(FBMCLI.12.1406981).pdf,https://www.pkulaw.com/lar/13aebb7c12840bcbdef7eb5b38d30bb1bdfb.html,"[跨源重复,已在更高优先源] 引证码FBMCLI.12.1406981｜规范性文件+结构化"
1039,pkulaw,法规,,新疆维吾尔自治区民用无人驾驶航空器安全管理规定,新疆维吾尔自治区人民政府,新疆维吾尔自治区人民政府令第210号,2018-05-08,2018-07-01,现行有效,,否,pkulaw\raw_pdf\低空经济\无人驾驶航空器\新疆维吾尔自治区民用无人驾驶航空器安全管理规定(FBMCLI.11.1458662).pdf,https://www.pkulaw.com/lar/3b6119f8e8d02a15af99d0a3087a888dbdfb.html,"[跨源重复,已在更高优先源] 引证码FBMCLI.11.1458662｜未知位阶但结构化"
1040,pkulaw,法规,地方规范性文件,无锡市城市管理局关于印发《无锡市城市管理局民用无人驾驶航空器管理办法》的通知,无锡市城管局,锡城管发〔2018〕36号,2018-05-02,2018-05-02,现行有效,,否,pkulaw\raw_pdf\低空经济\无人驾驶航空器\无锡市城市管理局关于印发《无锡市城市管理局民用无人驾驶航空器管理办法》的通知(FBMCLI.12.2459048).pdf,https://www.pkulaw.com/lar/99878bca3c60e3a275d237a5db46f513bdfb.html,"[跨源重复,已在更高优先源] 引证码FBMCLI.12.2459048｜规范性文件+结构化"
1041,pkulaw,法规,,无锡市民用无人驾驶航空器管理办法,无锡市人民政府,无锡市人民政府令第162号,2017-07-31,2017-09-01,废止或失效,,否,pkulaw\raw_pdf\低空经济\无人驾驶航空器\无锡市民用无人驾驶航空器管理办法(FBMCLI.11.1447355).pdf,https://www.pkulaw.com/lar/15f6ea6a340319f67ba5a51b3c2fd289bdfb.html,"[跨源重复,已在更高优先源] 引证码FBMCLI.11.1447355｜未知位阶但结构化"
1042,pkulaw,法规,地方规范性文件,武汉市人民政府关于印发武汉市民用无人驾驶航空器安全管理暂行办法的通知,武汉市人民政府,武政规〔2025〕5号,2025-04-19,2025-05-29,现行有效,,否,pkulaw\raw_pdf\低空经济\无人驾驶航空器\武汉市人民政府关于印发武汉市民用无人驾驶航空器安全管理暂行办法的通知(FBMCLI.12.8715253).pdf,https://www.pkulaw.com/lar/cd7010101aec9328e2f8f90c2efa58e1bdfb.html,"[跨源重复,已在更高优先源] 引证码FBMCLI.12.8715253｜规范性文件+结构化"
1043,pkulaw,法规,部门规范性文件,民用无人驾驶航空器事件信息管理办法,中国民用航空局,民航规〔2025〕15号,2025-05-26,2025-07-01,现行有效,,否,pkulaw\raw_pdf\低空经济\无人驾驶航空器\民用无人驾驶航空器事件信息管理办法(FBMCLI.4.5302896).pdf,https://www.pkulaw.com/chl/825921c7a3edf97cbdfb.html,"[跨源重复,已在更高优先源] 引证码FBMCLI.4.5302896｜有附件｜规范性文件+结构化"
1044,pkulaw,法规,部门规范性文件,民用无人驾驶航空器实名制登记管理规定,中国民用航空局,,2017-05-16,2017-05-16,废止或失效,,否,pkulaw\raw_pdf\低空经济\无人驾驶航空器\民用无人驾驶航空器实名制登记管理规定(FBMCLI.4.294943).pdf,https://www.pkulaw.com/chl/c165b7fc2f982a1fbdfb.html,"[跨源重复,已在更高优先源] 引证码FBMCLI.4.294943｜规范性文件+结构化"
1045,pkulaw,法规,部门规章,民用无人驾驶航空器生产管理若干规定,工业和信息化部,工业和信息化部令第66号,2023-12-18,2024-01-01,现行有效,,否,pkulaw\raw_pdf\低空经济\无人驾驶航空器\民用无人驾驶航空器生产管理若干规定(FBMCLI.4.5184906).pdf,https://www.pkulaw.com/chl/551933637628089dbdfb.html,"[跨源重复,已在更高优先源] 引证码FBMCLI.4.5184906｜强效力位阶"
1046,pkulaw,法规,部门规范性文件,民用无人驾驶航空器空中交通管理信息服务系统数据接口规范,中国民用航空局,,2022-07-04,2022-08-01,现行有效,,否,pkulaw\raw_pdf\低空经济\无人驾驶航空器\民用无人驾驶航空器空中交通管理信息服务系统数据接口规范(FBMCLI.4.5305872).pdf,https://www.pkulaw.com/chl/618c8dc42a795b9ebdfb.html,"[跨源重复,已在更高优先源] 引证码FBMCLI.4.5305872｜规范性文件+结构化"
1047,pkulaw,法规,部门规范性文件,民用无人驾驶航空器系统驾驶员管理暂行规定,中国民用航空局,,2013-11-18,2013-11-18,废止或失效,,否,pkulaw\raw_pdf\低空经济\无人驾驶航空器\民用无人驾驶航空器系统驾驶员管理暂行规定(FBMCLI.4.230104).pdf,https://www.pkulaw.com/chl/40f8744957823528bdfb.html,"[跨源重复,已在更高优先源] 引证码FBMCLI.4.230104｜规范性文件+结构化"
1048,pkulaw,法规,部门规范性文件,民用无人驾驶航空器经营性飞行活动管理办法(暂行),中国民用航空局,,2018-03-21,2018-06-01,现行有效,,否,pkulaw\raw_pdf\低空经济\无人驾驶航空器\民用无人驾驶航空器经营性飞行活动管理办法(暂行)(FBMCLI.4.313238).pdf,https://www.pkulaw.com/chl/7ac5f6a4aeebbad6bdfb.html,"[跨源重复,已在更高优先源] 引证码FBMCLI.4.313238｜规范性文件+结构化"
1049,pkulaw,法规,部门规章,民用无人驾驶航空器运行安全管理规则,交通运输部,中华人民共和国交通运输部令2024年第1号,2024-01-01,2024-01-01,现行有效,,否,pkulaw\raw_pdf\低空经济\无人驾驶航空器\民用无人驾驶航空器运行安全管理规则(FBMCLI.4.5185999).pdf,https://www.pkulaw.com/chl/8332eb4e5595a36abdfb.html,"[跨源重复,已在更高优先源] 引证码FBMCLI.4.5185999｜强效力位阶"
1050,pkulaw,法规,部门规范性文件,民用无人驾驶航空器降落伞系统规范,中国民用航空局,,2026-01-11,2026-02-01,现行有效,,否,pkulaw\raw_pdf\低空经济\无人驾驶航空器\民用无人驾驶航空器降落伞系统规范(FBMCLI.4.5334532).pdf,https://www.pkulaw.com/chl/49035757c747d6d0bdfb.html,"[跨源重复,已在更高优先源] 引证码FBMCLI.4.5334532｜有附件｜规范性文件+结构化"
1051,pkulaw,法规,部门规范性文件,民航局空管办关于下发《民用无人驾驶航空器系统空中交通管理办法》的通知(2016修订),中国民用航空局,局发明电〔2016〕2630号,2016-09-21,2016-09-21,现行有效,,否,pkulaw\raw_pdf\低空经济\无人驾驶航空器\民航局空管办关于下发《民用无人驾驶航空器系统空中交通管理办法》的通知(2016修订)(FBMCLI.4.284454).pdf,https://www.pkulaw.com/chl/bce9d7bc6ae78f2abdfb.html,"[跨源重复,已在更高优先源] 引证码FBMCLI.4.284454｜有附件｜规范性文件+结构化"
1052,pkulaw,法规,地方规范性文件,江门市人民政府关于印发《江门市民用无人驾驶航空器公共安全管理办法》的通知,江门市人民政府,江府〔2024〕17号,2024-12-12,2025-01-01,现行有效,,否,pkulaw\raw_pdf\低空经济\无人驾驶航空器\江门市人民政府关于印发《江门市民用无人驾驶航空器公共安全管理办法》的通知(FBMCLI.12.8373696).pdf,https://www.pkulaw.com/lar/cdd6827b2fad52c6935536385a23060fbdfb.html,"[跨源重复,已在更高优先源] 引证码FBMCLI.12.8373696｜规范性文件+结构化"
1053,pkulaw,法规,省级地方性法规,浙江省无人驾驶航空器公共安全管理规定,浙江省人大(含常委会),浙江省人民代表大会常务委员会公告第11号,2019-03-28,2019-05-01,现行有效,,否,pkulaw\raw_pdf\低空经济\无人驾驶航空器\浙江省无人驾驶航空器公共安全管理规定(FBMCLI.10.1516484).pdf,https://www.pkulaw.com/lar/219b5c40e2c3a901e11ee4a6aa593298bdfb.html,"[跨源重复,已在更高优先源] 引证码FBMCLI.10.1516484｜未知位阶但结构化"
1054,pkulaw,法规,地方规范性文件,湖南省人民政府办公厅关于印发《湖南省无人驾驶航空器公共安全管理暂行办法》的通知,湖南省人民政府,湘政办发〔2022〕72号,2022-12-30,2022-12-30,现行有效,,否,pkulaw\raw_pdf\低空经济\无人驾驶航空器\湖南省人民政府办公厅关于印发《湖南省无人驾驶航空器公共安全管理暂行办法》的通知(FBMCLI.12.6402212).pdf,https://www.pkulaw.com/lar/6c2ce546f2be1547af78e0561284beb3bdfb.html,"[跨源重复,已在更高优先源] 引证码FBMCLI.12.6402212｜规范性文件+结构化"
1055,pkulaw,法规,地方规范性文件,湖南省公安厅、湖南省工业和信息化厅、湖南省市场监督管理局、湖南省邮政管理局关于印发《湖南省无人驾驶航空器全生命周期备...,湖南省公安厅 湖南省工业和信息化厅 湖南省市场监督管理局 湖南省邮政管理局,湘公发〔2025〕13号,2025-12-29,2025-12-29,现行有效,,否,pkulaw\raw_pdf\低空经济\无人驾驶航空器\湖南省公安厅、湖南省工业和信息化厅、湖南省市场监督管理局、湖南省邮政管理局关于印发《湖南省无人驾驶航空器全生命周期备...(FBMCLI.12.9678923).pdf,https://www.pkulaw.com/lar/d47375421f1ae0b73af27398f2c85d12bdfb.html,"[跨源重复,已在更高优先源] 引证码FBMCLI.12.9678923｜规范性文件+结构化"
1056,pkulaw,法规,地方规范性文件,石家庄市人民政府办公室印发《＜关于支持装备制造产业和现代食品产业发展的若干措施＞相关实施细则》的通知(附：引导企业加...,石家庄市人民政府,石政办发〔2026〕2号,2026-02-14,2026-02-14,现行有效,,否,pkulaw\raw_pdf\低空经济\无人驾驶航空器\石家庄市人民政府办公室印发《＜关于支持装备制造产业和现代食品产业发展的若干措施＞相关实施细则》的通知(附：引导企业加...(FBMCLI.12.9688366).pdf,https://www.pkulaw.com/lar/3ade9694e01c3f778673b5a06a8fe24cbdfb.html,"[跨源重复,已在更高优先源] 引证码FBMCLI.12.9688366｜有附件｜规范性文件+结构化"
1057,pkulaw,法规,地方规范性文件,福州市人民政府关于推进民用无人驾驶航空器产业高质量发展的若干意见,福州市人民政府,榕政规〔2023〕1号,2023-01-06,2023-01-06,废止或失效,,否,pkulaw\raw_pdf\低空经济\无人驾驶航空器\福州市人民政府关于推进民用无人驾驶航空器产业高质量发展的若干意见(FBMCLI.12.6386652).pdf,https://www.pkulaw.com/lar/639444764ab361a67f8f0c09fea94da8bdfb.html,"[跨源重复,已在更高优先源] 引证码FBMCLI.12.6386652｜规范性文件+结构化"
1058,pkulaw,法规,地方规范性文件,芜湖市人民政府关于印发芜湖市民用无人驾驶航空器公共安全管理暂行办法的通知,芜湖市人民政府,芜政〔2025〕61号,2025-08-07,2025-09-10,现行有效,,否,pkulaw\raw_pdf\低空经济\无人驾驶航空器\芜湖市人民政府关于印发芜湖市民用无人驾驶航空器公共安全管理暂行办法的通知(FBMCLI.12.9145157).pdf,https://www.pkulaw.com/lar/57a9281e803ab466e906b7868b180efebdfb.html,"[跨源重复,已在更高优先源] 引证码FBMCLI.12.9145157｜规范性文件+结构化"
1059,pkulaw,法规,地方规范性文件,衢州市自然资源和规划局关于印发《衢州市自然资源和规划局关于进一步加强衢州市测绘领域无人驾驶航空器管理的意见》的通知,衢州市自然资源和规划局,衢自然资规〔2023〕113号,2023-11-03,2023-11-03,现行有效,,否,pkulaw\raw_pdf\低空经济\无人驾驶航空器\衢州市自然资源和规划局关于印发《衢州市自然资源和规划局关于进一步加强衢州市测绘领域无人驾驶航空器管理的意见》的通知(FBMCLI.12.7252960).pdf,https://www.pkulaw.com/lar/c40d37dc1617679505535dd115615c21bdfb.html,"[跨源重复,已在更高优先源] 引证码FBMCLI.12.7252960｜有附件｜规范性文件+结构化"
1060,pkulaw,法规,,达州市民用无人驾驶航空器公共安全管理办法,达州市人民政府,达州市人民政府令第10号,2024-12-11,2025-02-01,现行有效,,否,pkulaw\raw_pdf\低空经济\无人驾驶航空器\达州市民用无人驾驶航空器公共安全管理办法(FBMCLI.11.8233129).pdf,https://www.pkulaw.com/lar/f279ea379e72e0ccaa137bd68f784a96bdfb.html,"[跨源重复,已在更高优先源] 引证码FBMCLI.11.8233129｜未知位阶但结构化"
1061,pkulaw,法规,地方规范性文件,鄂尔多斯市人民政府关于印发鄂尔多斯市民用无人驾驶航空器公共安全管理暂行办法的通知,鄂尔多斯市人民政府,鄂府发〔2026〕36号,2026-05-14,2026-05-14,现行有效,,否,pkulaw\raw_pdf\低空经济\无人驾驶航空器\鄂尔多斯市人民政府关于印发鄂尔多斯市民用无人驾驶航空器公共安全管理暂行办法的通知(FBMCLI.12.10113443).pdf,https://www.pkulaw.com/lar/70c607786bc93bb8e13ea20624981e64bdfb.html,"[跨源重复,已在更高优先源] 引证码FBMCLI.12.10113443｜规范性文件+结构化"
1062,pkulaw,法规,,重庆市民用无人驾驶航空器公共安全管理办法,重庆市人民政府,重庆市人民政府令第362号,2023-12-01,2024-02-01,现行有效,,否,pkulaw\raw_pdf\低空经济\无人驾驶航空器\重庆市民用无人驾驶航空器公共安全管理办法(FBMCLI.11.7289962).pdf,https://www.pkulaw.com/lar/14673e2193e4c5581d0378f468688eacbdfb.html,"[跨源重复,已在更高优先源] 引证码FBMCLI.11.7289962｜未知位阶但结构化"
1063,pkulaw,法规,,重庆市民用无人驾驶航空器管理暂行办法,重庆市人民政府,重庆市人民政府令第315号,2017-10-29,2017-12-01,废止或失效,,否,pkulaw\raw_pdf\低空经济\无人驾驶航空器\重庆市民用无人驾驶航空器管理暂行办法(FBMCLI.11.1413181).pdf,https://www.pkulaw.com/lar/16210a3652f5143e940d0fa62ca029b4bdfb.html,"[跨源重复,已在更高优先源] 引证码FBMCLI.11.1413181｜未知位阶但结构化"
1064,pkulaw,法规,地方规范性文件,黄石市人民政府办公室关于印发《黄石市民用无人驾驶航空器安全管理暂行办法》的通知,黄石市人民政府,黄政办发〔2026〕6号,2026-03-30,2026-04-01,现行有效,,否,pkulaw\raw_pdf\低空经济\无人驾驶航空器\黄石市人民政府办公室关于印发《黄石市民用无人驾驶航空器安全管理暂行办法》的通知(FBMCLI.12.9875197).pdf,https://www.pkulaw.com/lar/9474f33c09d5685ccdf64b03192d2c9dbdfb.html,"[跨源重复,已在更高优先源] 引证码FBMCLI.12.9875197｜规范性文件+结构化"
