序号,效力层级,法规名称,发布机关,文号,发布/现行版本日期,时效性,适用范围,来源,来源URL
1,法律,中华人民共和国个人信息保护法,全国人大常委会,主席令第91号,2021/11/1,现行有效,,existing,
2,法律,中华人民共和国反恐怖主义法,全国人大常委会,主席令第36号(2018修正),2016/1/1,现行有效,,existing,
3,法律,中华人民共和国国家安全法,全国人大常委会,主席令第29号,2015/7/1,现行有效,,existing,
4,法律,中华人民共和国数据安全法,全国人大常委会,主席令第84号,2021/9/1,现行有效,,existing,
5,法律,中华人民共和国民法典·第七编侵权责任,全国人大常委会,主席令第45号(民法典),2021/1/1,现行有效,,existing,
6,法律,中华人民共和国民用航空法,全国人大常委会,主席令（2025年最新修正）,2026/7/1,现行有效,,existing,https://www.caac.gov.cn/XXGK/XXGK/FLFG/202512/t20251227_229597.html
7,法律,中华人民共和国治安管理处罚法,全国人大常委会,主席令(2025修订),2026-01-01（2026版）,现行有效,,existing,
8,法律,中华人民共和国测绘法,全国人大常委会,主席令第67号(2017修订),2017/7/1,现行有效,,existing,
9,法律,中华人民共和国突发事件应对法,全国人大常委会,主席令(2024修订),2024-11-01（2024版）,现行有效,,existing,
10,法律,中华人民共和国网络安全法,全国人大常委会,主席令第53号(2016),2017-06-01（2025修正待核）,现行有效,,existing,
11,行政法规,中华人民共和国无线电管理条例,国务院,国务院、中央军委令第672号,2016/12/1,现行有效,,existing,
12,行政法规,中华人民共和国民用航空器国籍登记条例,国务院,国务院令第188号,1997/10/21,现行有效,,existing,
13,行政法规,中华人民共和国测绘成果管理条例,国务院,国务院令第469号,2006/9/1,现行有效,,existing,
14,行政法规,中华人民共和国飞行基本规则,国务院,国务院、中央军委令(2007修订),2001/8/1,现行有效,,existing,
15,行政法规,外国民用航空器飞行管理规则,国务院,国务院、中央军委,1979/2/23,现行有效,,existing,
16,行政法规,无人驾驶航空器飞行管理暂行条例,国务院、中央军委,国务院令、中央军委令第761号,2024/1/1,现行有效,,existing,https://www.mee.gov.cn/zcwj/gwywj/202307/t20230706_1035450.shtml
17,行政法规,民用机场管理条例,国务院,国务院令第553号(2019修订),2009/7/1,现行有效,,existing,
18,行政法规,通用航空飞行管制条例,国务院,国务院、中央军委令第371号,2003/5/1,现行有效,,existing,
19,部门规章,民用无人驾驶航空器生产管理若干规定,工业和信息化部,工业和信息化部令第66号,2024/1/1,现行有效,,existing,https://www.pkulaw.com/chl/551933637628089dbdfb.html
20,部门规章,民用无人驾驶航空器经营性飞行活动管理办法(暂行),民航局运输司,MD-TR-2018-01,2018/6/1,现行有效,,existing,http://www.caac.gov.cn/XXGK/XXGK/GFXWJ/201804/P020180409336678475193.pdf
21,部门规章,民用无人驾驶航空器运行安全管理规则(CCAR-92),交通运输部/民航局,交通运输部令2024年第1号,2024/1/3,现行有效,,existing,https://www.caac.gov.cn/XXGK/XXGK/MHGZ/202401/P020240103569247124102.pdf
22,部门规章,空中游览市场管理暂行办法,中国民航局,,2025/9/16,现行有效,,existing,https://dikongjie.com/8283.html
23,部门规章,通用机场管理规定,交通运输部,,2024/12/17,现行有效,,existing,https://dikongjie.com/3592.html
24,国家标准,民用无人驾驶航空器实名登记和激活要求(GB 46761-2025),国家市场监督管理总局、国家标准化管理委员会,GB 46761-2025,2026/5/1,现行有效,,existing,https://openstd.samr.gov.cn/bzgk/gb/
25,国家标准,民用无人驾驶航空器系统安全要求(GB 42590-2023),国家市场监督管理总局、国家标准化管理委员会,GB 42590-2023,2024/1/1,现行有效,,existing,https://openstd.samr.gov.cn/bzgk/gb/newGbInfo?hcno=0DC41035BA23EF2C5B94E6482492AF1E
26,行业规定,中国林学会关于发布《森林草原防火多旋翼无人机喷洒炭化防火剂作业技术规范》等3项团体标准的公告,中国林学会,,2025/1/21,现行有效,,existing,https://www.pkulaw.com/chl/874e7fa44472004fbdfb.html
27,行业规定,中国林学会关于发布团体标准《无人机激光雷达森林地上碳储量估测技术规范》的公告,中国林学会,,2025,现行有效,,existing,https://www.pkulaw.com/chl/a14c5ad3c2f14d37bdfb.html
28,地方性法规,北京市无人驾驶航空器管理规定,北京市人大(含常委会),北京市人民代表大会常务委员会公告〔十六届〕第50号,2026/5/1,现行有效,,existing,https://www.pkulaw.com/lar/c3a19676a0f64a8522dc8735f5c87c73bdfb.html
29,地方性法规,广州市低空经济发展条例,广东广州,,2025/1/21,现行有效,,existing,https://dikongjie.com/4473.html
30,地方性法规,无锡市低空经济发展促进条例,江苏无锡,,2025/8/6,现行有效,,existing,https://dikongjie.com/7848.html
31,地方性法规,浙江省无人驾驶航空器公共安全管理规定,浙江省人大(含常委会),浙江省人民代表大会常务委员会公告第11号,2019/5/1,现行有效,,existing,https://www.pkulaw.com/lar/219b5c40e2c3a901e11ee4a6aa593298bdfb.html
32,地方性法规,深圳经济特区低空经济产业促进条例,深圳市人大常委会,深圳市第七届人大常委会公告,2024/2/1,现行有效,,existing,https://sqzc.gd.gov.cn/rdzt/wlcy/zcsd/content/post_4366262.html
33,地方性法规,珠海经济特区低空交通建设管理条例,珠海,,2024/11/21,现行有效,,existing,https://dikongjie.com/2831.html
34,地方性法规,苏州市低空经济促进条例,苏州市人大常委会,苏州市人大常委会公告,2025/10/1,现行有效,,existing,https://www.suzhou.gov.cn/szsrmzf/gbdfxfg/202509/69b369ede5ea4961915f726223faddb5.shtml
35,地方规范性文件, 共青城市民用无人驾驶航空器公共安全管理办法,江西共青城,,2025/6/3,现行有效,,existing,https://dikongjie.com/7121.html
36,地方规范性文件,上海市人民政府办公厅关于印发《上海市民用无人驾驶航空器飞行安全管理暂行办法》的通知,上海市人民政府,沪府办规〔2025〕18号,2026/2/1,现行有效,,existing,https://www.pkulaw.com/lar/90d72b06824d73450816ad958d022f29bdfb.html
37,地方规范性文件,上海市民用无人驾驶航空器飞行安全管理暂行办法,上海,,2026/1/4,现行有效,,existing,https://dikongjie.com/9163.html
38,地方规范性文件,上饶市人民政府办公室关于印发上饶市民用无人驾驶航空器公共安全管理办法的通知,上饶市人民政府,饶府办发〔2025〕12号,2025/10/1,现行有效,,existing,https://www.pkulaw.com/lar/fa22cfb35cc152d17140dc10d6d5c914bdfb.html
39,地方规范性文件,中卫市人民政府关于规范中卫沙坡头机场周边通用航空及无人机飞行管理的通告,中卫市人民政府,卫政发〔2016〕119号,2016/10/20,现行有效,,existing,https://www.pkulaw.com/lar/7beba2c611851825634ac908629160f7bdfb.html
40,地方规范性文件,关于规范电力设施周边农用无人驾驶航空器使用的通知,江苏苏州,,2026/6/29,现行有效,,existing,https://dikongjie.com/10177.html
41,地方规范性文件,北京市公安局关于印发《北京市无人驾驶航空器特殊保障规定(试行)》等3部行政规范性文件的通知,北京市公安局,京公无人机发〔2026〕97号,2026/5/1,现行有效,,existing,https://www.pkulaw.com/lar/393c6b25ec8057840145e21603ba0435bdfb.html
42,地方规范性文件,北京市公安局关于印发反恐怖主义行政处罚裁量基准和无人驾驶航空器飞行管理行政处罚裁量基准的通知,北京市公安局,京公反恐特警字〔2024〕733号,2024/8/20,现行有效,,existing,https://www.pkulaw.com/lar/8673b0291e87d24412de19280b5bdcc4bdfb.html
43,地方规范性文件,北京市延庆区低空飞行服务管理办法（试行）,北京延庆,,2025/7/19,现行有效,,existing,https://dikongjie.com/7606.html
44,地方规范性文件,南京市交通运输局、南京市公安局、南京市发展和改革委员会等部门关于印发《南京市民用无人机低空飞行安全管理暂行办法》的通知,南京市交通运输局 南京市公安局 南京市发展和改革委员会 南京市工业和信息化局 南京市规划,宁交规范〔2025〕3号,2026/2/1,现行有效,,existing,https://www.pkulaw.com/lar/7e2d082653f77f6a746b2ac8ae4a26fabdfb.html
45,地方规范性文件,南京市低空飞行服务保障办法（试行）,江苏南京,,2024/12/3,现行有效,,existing,https://dikongjie.com/3181.html
46,地方规范性文件,南京市民用无人机低空飞行安全管理暂行办法,江苏南京,,2026/1/7,现行有效,,existing,https://dikongjie.com/9188.html
47,地方规范性文件,大连市低空飞行服务管理暂行办法,辽宁大连,,2025/6/16,现行有效,,existing,https://dikongjie.com/7240.html
48,地方规范性文件,天津市宁河区投资促进局关于落实《宁河区促进低空经济高质量发展的八条措施》的通知,天津市宁河区其他机构,津宁投促局发〔2024〕1号,2024/5/1,现行有效,,existing,https://www.pkulaw.com/lar/debf0a24029d87bb289e6cda0b8ee2b2bdfb.html
49,地方规范性文件,宝鸡市人民政府办公室关于印发《宝鸡市民用无人机管理暂行规定》的通知,宝鸡市人民政府,宝规[2017]006-市政办001、宝政办发[2017]68号,2017/10/1,已废止,,existing,https://www.pkulaw.com/lar/449e9e179bb070ae0bee8c1d250d4367bdfb.html
50,地方规范性文件,宿迁市政府关于印发宿迁市消防救援无人驾驶航空器应用管理办法的通知,宿迁市人民政府,宿政规发〔2025〕6号,2026/1/10,现行有效,,existing,https://www.pkulaw.com/lar/db06727f0f0124f31b84e8c7987e2b2dbdfb.html
51,地方规范性文件,山东省民用无人驾驶航空器公共安全管理办法,山东,,2025/11/5,现行有效,,existing,https://dikongjie.com/8739.html
52,地方规范性文件,广东省政务服务和数据管理局关于印发《广东省政务领域无人机应用管理办法(试行)》的通知,广东省政务服务数据管理局,,2025/11/13,现行有效,,existing,https://www.pkulaw.com/lar/7c80c5c55ecbc24ed1981213094ff931bdfb.html
53,地方规范性文件,广东省政务领域无人机应用管理办法（试行）,地方,,2025/12/12,现行有效,,existing,https://dikongjie.com/9037.html
54,地方规范性文件,广州市低空垂直起降设施场址选择及建设技术指引（试行）,广东广州,,2025/4/1,现行有效,,existing,https://dikongjie.com/5875.html
55,地方规范性文件,广州市黄埔区发展和改革局、广州开发区发展改革局关于印发广州开发区(黄埔区)促进低空经济高质量发展的若干措施的通知,广州市黄埔区发展和改革局 广州开发区发展和改革局,穗埔发改规字〔2023〕2号,2023/10/24,已废止,,existing,https://www.pkulaw.com/lar/0d8d4dc42f7637ac824df5716ac7087abdfb.html
56,地方规范性文件,广州市黄埔区发展改革局、广州开发区发展改革局关于印发广州开发区(黄埔区)促进低空经济高质量发展的若干措施实施细则的通知,广州市黄埔区发展和改革局 广州开发区发展和改革局,穗埔发改规字〔2023〕3号,2023/12/27,已废止,,existing,https://www.pkulaw.com/lar/1601d8c8f7affc37ea9562d7a42f4b21bdfb.html
57,地方规范性文件,广州开发区发展和改革局、广州市黄埔区发展和改革局关于印发广州开发区(黄埔区)促进低空经济与航空航天高质量发展的若干措施的通知,广州开发区发展和改革局 广州市黄埔区发展和改革局,穗开发改规字〔2025〕2号,2025/6/26,现行有效,,existing,https://www.pkulaw.com/lar/280ae7eb7da5fc7dcef0237daa696413bdfb.html
58,地方规范性文件,成都市经济和信息化局、成都市财政局关于印发《成都市促进工业无人机产业高质量发展的专项政策实施细则》的通知,成都市经济和信息化局 成都市财政局,成经信办〔2024〕11号,2024/4/28,现行有效,,existing,https://www.pkulaw.com/lar/95d71f3ba4c9ad06c13a1b15a84124f5bdfb.html
59,地方规范性文件,攀枝花市人民政府办公室关于做好《四川省民用无人驾驶航空器安全管理暂行规定》贯彻实施工作的通知,攀枝花市人民政府,,2017/9/24,现行有效,,existing,https://www.pkulaw.com/lar/13aebb7c12840bcbdef7eb5b38d30bb1bdfb.html
60,地方规范性文件,新丰县支持低空经济高质量发展若干措施,新丰县人民政府,,2025,现行有效,,existing,https://www.pkulaw.com/lar/220f23e6310966ecf74cc1dbe85b7314bdfb.html
61,地方规范性文件,无锡市城市管理局关于印发《无锡市城市管理局民用无人驾驶航空器管理办法》的通知,无锡市城管局,锡城管发〔2018〕36号,2018/5/2,现行有效,,existing,https://www.pkulaw.com/lar/99878bca3c60e3a275d237a5db46f513bdfb.html
62,地方规范性文件,武汉市人民政府关于印发武汉市民用无人驾驶航空器安全管理暂行办法的通知,武汉市人民政府,武政规〔2025〕5号,2025/5/29,现行有效,,existing,https://www.pkulaw.com/lar/cd7010101aec9328e2f8f90c2efa58e1bdfb.html
63,地方规范性文件,武汉市公安局关于印发《武汉市公安局无人机集群飞行表演活动安全监管工作规范》的通知,武汉市公安局,武公规〔2026〕1号,2026/3/1,现行有效,,existing,https://www.pkulaw.com/lar/11a18afb6f08a054a31cb2b568a97f23bdfb.html
64,地方规范性文件,武汉市公安局无人机集群飞行表演活动安全监管工作规范,湖北武汉,,2026/2/15,现行有效,,existing,https://dikongjie.com/9425.html
65,地方规范性文件,武汉市民用无人驾驶航空器安全管理暂行办法,武汉,,2025/4/28,现行有效,,existing,https://dikongjie.com/6429.html
66,地方规范性文件,江门市人民政府关于印发《江门市民用无人驾驶航空器公共安全管理办法》的通知,江门市人民政府,江府〔2024〕17号,2025/1/1,现行有效,,existing,https://www.pkulaw.com/lar/cdd6827b2fad52c6935536385a23060fbdfb.html
67,地方规范性文件,江门市民用无人驾驶航空器公共安全管理办法,广东江门,,2024/12/23,现行有效,,existing,https://dikongjie.com/3868.html
68,地方规范性文件,沧州市人民政府关于加强对无人机等“低慢小”航空器和空飘物管控的通告,沧州市人民政府,沧政告〔2026〕1号,2026/2/28,现行有效,,existing,https://www.pkulaw.com/lar/58aad172b19caa23a44f108138ece147bdfb.html
69,地方规范性文件,济南市低空经济发展促进办法,山东济南,,2026/1/31,现行有效,,existing,https://dikongjie.com/9343.html
70,地方规范性文件,海关总署公告2026年第78号（关于规范无人机及相关物项出口申报的公告）,地方,,2026/6/10,现行有效,,existing,https://dikongjie.com/10016.html
71,地方规范性文件,海南省“低慢小”航空器活动区域管理办法（试行）,海南,,2024/5/20,现行有效,,existing,https://dikongjie.com/746.html
72,地方规范性文件,海南省交通运输厅关于印发《海南省民用无人机管理办法(暂行)》的通知,海南省交通运输厅,,2020/5/1,现行有效,,existing,https://www.pkulaw.com/lar/b44650ee2fd93181edb270cce0d0c20ebdfb.html
73,地方规范性文件,海南省地质局办公室关于印发《海南省地质局无人机管理规定(试行)》的通知,海南省地质局,琼地办〔2020〕17号,2020/3/19,现行有效,,existing,https://www.pkulaw.com/lar/c33d55a9503bcb3e8a0b4e386ad75d83bdfb.html
74,地方规范性文件,深圳市交通运输局关于印发《深圳市交通运输局＜深圳市支持低空经济高质量发展的若干措施＞实施细则》的通知,深圳市交通运输局,深交规〔2025〕10号,2025/10/9,现行有效,,existing,https://www.pkulaw.com/lar/1c515e1b12fe49424aab75b5833a91dabdfb.html
75,地方规范性文件,深圳市宝安区人民政府办公室印发深圳市宝安区关于促进低空经济产业发展若干措施的通知,深圳市宝安区人民政府,深宝府办〔2023〕9号,2023/7/29,现行有效,,existing,https://www.pkulaw.com/lar/29b7ee6340219a33b28bf3ba8787a059bdfb.html
76,地方规范性文件,深圳市龙岗区发展和改革局关于印发《深圳市龙岗区发展和改革专项资金关于支持低空经济产业高质量发展实施细则(修订)》的通知,深圳市龙岗区发展和改革局,深龙发改规〔2026〕2号,2026/4/13,现行有效,,existing,https://www.pkulaw.com/lar/d51f050187ae04e95f4cc5c959640cfebdfb.html
77,地方规范性文件,深圳市龙岗区工业和信息化局关于印发《深圳市龙岗区工业和信息化产业发展专项资金关于支持低空经济产业发展实施细则》的通知,深圳市龙岗区工业和信息化局,深龙工信规〔2024〕4号,2024/5/20,现行有效,,existing,https://www.pkulaw.com/lar/342e41845d27f7e7948d0e624ad00469bdfb.html
78,地方规范性文件,温州市人民政府办公室关于印发温州市支持低空经济高质量发展的若干措施和温州市低空飞行服务保障办法(试行)的通知,温州市人民政府,温政办〔2026〕4号,2026/2/20,现行有效,,existing,https://www.pkulaw.com/lar/21a00e685f4e7de3fb85b7a6e1f6164abdfb.html
79,地方规范性文件,温州市低空飞行服务保障办法（试行）,浙江温州,,2026/2/3,现行有效,,existing,https://dikongjie.com/9353.html
80,地方规范性文件,湖北省低空飞行服务工作程序指引（试行）,湖北,,2025/12/12,现行有效,,existing,https://dikongjie.com/9038.html
81,地方规范性文件,湖南省人民政府办公厅关于印发《湖南省无人驾驶航空器公共安全管理暂行办法》的通知,湖南省人民政府,湘政办发〔2022〕72号,2022/12/30,现行有效,,existing,https://www.pkulaw.com/lar/6c2ce546f2be1547af78e0561284beb3bdfb.html
82,地方规范性文件,湖南省公安厅、湖南省工业和信息化厅、湖南省市场监督管理局、湖南省邮政管理局关于印发《湖南省无人驾驶航空器全生命周期备...,湖南省公安厅 湖南省工业和信息化厅 湖南省市场监督管理局 湖南省邮政管理局,湘公发〔2025〕13号,2025/12/29,现行有效,,existing,https://www.pkulaw.com/lar/d47375421f1ae0b73af27398f2c85d12bdfb.html
83,地方规范性文件,珠海市低空数据管理办法,广东珠海,,2026/4/21,现行有效,,existing,https://dikongjie.com/9641.html
84,地方规范性文件,福州市低空飞行服务保障办法（试行）（送审稿）,福建福州,,2025/8/5,现行有效,,existing,https://dikongjie.com/7861.html
85,地方规范性文件,福建省航空应急救援大中型无人机管理使用暂行规定,福建省应急管理厅,,2026/3/24,现行有效,,existing,https://dikongjie.com/9576.html
86,地方规范性文件,秋季主要粮油作物植保无人飞机“一喷多促”技术指导意见,全国农技中心,,2025/7/25,现行有效,,existing,https://dikongjie.com/7695.html
87,地方规范性文件,绍兴市低空飞行服务保障办法（试行）,浙江绍兴,,2025/5/8,现行有效,,existing,https://dikongjie.com/6558.html
88,地方规范性文件,绍兴市低空飞行突发事件应急预案,绍兴,,2025/10/13,现行有效,,existing,https://dikongjie.com/8564.html
89,地方规范性文件,自贡市低空飞行服务管理办法（试行）,四川自贡,,2025/5/22,现行有效,,existing,https://dikongjie.com/6956.html
90,地方规范性文件,芜湖市人民政府关于印发芜湖市民用无人驾驶航空器公共安全管理暂行办法的通知,芜湖市人民政府,芜政〔2025〕61号,2025/9/10,现行有效,,existing,https://www.pkulaw.com/lar/57a9281e803ab466e906b7868b180efebdfb.html
91,地方规范性文件,苏州市低空飞行服务管理办法（试行）,江苏苏州,,2024/10/18,现行有效,,existing,https://dikongjie.com/1603.html
92,地方规范性文件,衢州市自然资源和规划局关于印发《衢州市自然资源和规划局关于进一步加强衢州市测绘领域无人驾驶航空器管理的意见》的通知,衢州市自然资源和规划局,衢自然资规〔2023〕113号,2023/11/3,现行有效,,existing,https://www.pkulaw.com/lar/c40d37dc1617679505535dd115615c21bdfb.html
93,地方规范性文件,鄂尔多斯市人民政府关于印发鄂尔多斯市民用无人驾驶航空器公共安全管理暂行办法的通知,鄂尔多斯市人民政府,鄂府发〔2026〕36号,2026/5/14,现行有效,,existing,https://www.pkulaw.com/lar/70c607786bc93bb8e13ea20624981e64bdfb.html
94,地方规范性文件,钦州市人民政府办公室关于印发《钦州市低空政务智能无人机应用管理暂行办法》的通知,钦州市人民政府,钦政办〔2026〕14号,2026/6/18,现行有效,,existing,https://www.pkulaw.com/lar/e4d8e654b0e4721f38c018c34b1b9114bdfb.html
95,地方规范性文件,钦州市低空政务智能无人机应用管理暂行办法,广西钦州,,2026/6/30,现行有效,,existing,https://dikongjie.com/10182.html
96,地方规范性文件,韶关市升放气球安全管理规定,广东韶关,,2024/12/25,现行有效,,existing,https://dikongjie.com/3980.html
97,地方规范性文件,黄石市人民政府办公室关于印发《黄石市民用无人驾驶航空器安全管理暂行办法》的通知,黄石市人民政府,黄政办发〔2026〕6号,2026/4/1,现行有效,,existing,https://www.pkulaw.com/lar/9474f33c09d5685ccdf64b03192d2c9dbdfb.html
98,部门规范性文件,不可靠实体清单工作机制公告2025年第10号——关于将反无人机技术公司等外国实体列入不可靠实体清单的公告,商务部,不可靠实体清单工作机制公告2025年第10号,2025/10/9,现行有效,,existing,https://www.pkulaw.com/chl/02bc15d0774b161bbdfb.html
99,部门规范性文件,中国民用航空局综合司、农业农村部办公厅关于印发《农用无人驾驶航空器操控员培训管理规定(试行)》的通知,中国民用航空局 农业农村部,民航综飞发〔2025〕1号,2025/1/23,现行有效,,existing,https://www.pkulaw.com/chl/1512d099f1541a27bdfb.html
100,部门规范性文件,商务部、海关总署、中央军委装备发展部公告2024年第31号――关于优化调整无人机出口管制措施的公告,商务部 海关总署 中央军委装备发展部,商务部、海关总署、中央军委装备发展部公告2024年第31号,2024/9/1,已废止,,existing,https://www.pkulaw.com/chl/714df89904610dfbbdfb.html
101,部门规范性文件,民用无人机驾驶员管理规定(2016修订),中国民用航空局,,2016/7/11,已废止,,existing,https://www.pkulaw.com/chl/506a6b9f3b87569dbdfb.html
102,部门规范性文件,民用无人驾驶航空器实名制登记管理规定,中国民用航空局,,2017/5/16,已废止,,existing,https://www.pkulaw.com/chl/c165b7fc2f982a1fbdfb.html
103,部门规范性文件,民用无人驾驶航空器系统驾驶员管理暂行规定,中国民用航空局,,2013/11/18,已废止,,existing,https://www.pkulaw.com/chl/40f8744957823528bdfb.html
104,部门规范性文件,民航局关于印发《轻小型民用无人机飞行动态数据管理规定》的通知,中国民用航空局,民航规〔2019〕64号,2019/11/19,现行有效,,existing,https://www.pkulaw.com/chl/90a68966c8f45b35bdfb.html
105,部门规范性文件,民航局空管办关于下发《民用无人驾驶航空器系统空中交通管理办法》的通知(2016修订),中国民用航空局,局发明电〔2016〕2630号,2016/9/21,现行有效,,existing,https://www.pkulaw.com/chl/bce9d7bc6ae78f2abdfb.html
106,部门规范性文件,海关总署公告2026年第78号――关于规范无人机及相关物项出口申报的公告,海关总署,海关总署公告2026年第78号,2026/6/30,现行有效,,existing,https://www.pkulaw.com/chl/e0e4d4ac2c63502bbdfb.html
107,部门规范性文件,轻小无人机运行规定(试行),中国民用航空局,,2015/12/29,部分失效,,existing,https://www.pkulaw.com/chl/f48a74a98f33d72cbdfb.html
108,法律,中华人民共和国刑法,全国人大及常委会,"主席令(1997修订,含修正案十二)",1997/10/1,现行有效,黑飞危害公共安全/非法测绘/危害国家秘密等相关罪名,检索发现,
109,法律,中华人民共和国安全生产法,全国人大常委会,主席令(2021修正),2021/9/1,现行有效,运营人安全生产责任;CCAR-92制定依据之一,检索发现,
110,法律,中华人民共和国行政处罚法,全国人大常委会,主席令(2021修订),2021/7/15,现行有效,地方处罚裁量基准的上位依据,检索发现,
111,法律,中华人民共和国行政许可法,全国人大常委会,主席令(2019修正),,现行有效,适航许可/运营合格证等行政许可依据,检索发现,
112,法律,中华人民共和国体育法,全国人大常委会,主席令(2022修订),2023/1/1,现行有效,模型航空器飞行管理办法制定依据,检索发现,
113,法律,中华人民共和国保守国家秘密法,全国人大常委会,主席令(2024修订),2024/5/1,现行有效,涉密区域航拍/测绘保密,检索发现,
114,行政法规,中华人民共和国地图管理条例,国务院,国令第664号,2016/1/1,现行有效,航拍地图审核/国家版图管理,检索发现,
115,行政法规,民用航空安全保卫条例,国务院,(2011修订),,现行有效,机场周边安保,检索发现,
116,行政法规,生产安全事故应急条例,国务院,国令第708号,2019/4/1,现行有效,运营事故应急处置,检索发现,
117,部门规章,模型航空器飞行管理办法,国家体育总局,体航管规字〔2024〕7号,2024/11/18,现行有效,"★库内缺;航模飞行管理,有效期至2029-11-17",检索发现,
118,部门规章,无人驾驶航空器(遥控模型航空器)飞行员执照管理办法,中国航空运动协会,中航协字〔2020〕37号,2021/1/1,现行有效,★库内缺;航模飞行员执照,检索发现,
119,部门规章,民用航空空中交通管理规则(CCAR-93TM),交通运输部,(2022修正),,现行有效,★库内缺;第十八章含无人驾驶航空器空管,检索发现,
120,部门规章,民用航空器驾驶员合格审定规则(CCAR-61),中国民用航空局,(2022修订),,现行有效,驾驶员合格审定,检索发现,
121,部门规章,一般运行和飞行规则(CCAR-91),中国民用航空局,,,现行有效,通用航空运行规则,检索发现,
122,部门规章,民用航空产品和零部件合格审定规定(CCAR-21),中国民用航空局,,,现行有效,无人机适航审定依据,建议补充,
123,国家标准,民用无人驾驶航空器系统 术语,国标委,GB/T 38152-2019,,现行有效,术语定义,建议补充,
124,国家标准,民用无人驾驶航空器系统 分类及分级,国标委,GB/T 35018-2018,,现行有效,分类分级,建议补充,
125,国家标准,民用多旋翼无人机系统试验方法,国标委,GB/T 38058-2019,,现行有效,试验方法,建议补充,
126,国家标准,民用无人驾驶航空器 网络式运行识别,国标委,GB 46750系列(待核实),,待核实,配套运行识别公告;宜补,建议补充,
127,规范性文件,关于加强信息通信业能力建设支撑低空基础设施发展的实施意见,工信部/网信办/空管办/发改委/民航局,工信厅联通信〔2026〕4号,2026,现行有效,★库内缺;低空通信/感知/导航基础设施,检索发现,
128,规范性文件,低空无人机应用公路桥梁巡检技术指南(试行),交通运输部办公厅,,,现行有效,公路桥梁无人机巡检,检索发现,
129,行业标准,民用无人驾驶航空器系统 MH行业标准系列,中国民用航空局,MH/T 系列(待核实),,待核实,民航行业标准,建议补充,
130,团体标准,消防救援无人机操控员等4部团体标准,中国消防协会,,,现行有效,消防救援无人机团体标准,检索发现,
131,部门规范性文件,无人机快递投递服务规范(邮政行业标准),国家邮政局,YZ/T 行业标准,,现行有效,无人机物流投递,检索发现,
132,地方性法规,江苏省低空经济发展条例,江苏省人大常委会,,,待核实,建议补充;省级低空经济立法,建议补充,
133,地方性法规,湖北省低空经济发展促进条例,湖北省人大常委会,,,待核实,建议补充;省级低空经济立法,建议补充,
134,地方政府规章,四川省(成都市)无人驾驶航空器/低空经济管理规定,四川省/成都市,,,待核实,建议补充;成都为低空经济重点城市,建议补充,
135,地方政府规章,重庆市无人驾驶航空器/低空经济管理规定,重庆市,,,待核实,建议补充,建议补充,
136,地方政府规章,安徽省(合肥市)低空经济管理办法,安徽省/合肥市,,,待核实,建议补充;合肥为低空经济重点城市,建议补充,
137,地方政府规章,浙江省(杭州市)低空经济促进条例,浙江省/杭州市,,,待核实,建议补充,建议补充,
138,地方政府规章,天津市低空经济/无人机管理规定,天津市,,,待核实,建议补充,建议补充,
139,地方政府规章,河南省(郑州市)低空经济发展条例,河南省/郑州市,,,待核实,建议补充,建议补充,
140,地方政府规章,陕西省(西安市)无人驾驶航空器管理规定,陕西省/西安市,,,待核实,建议补充,建议补充,
141,司法解释,最高法关于审理高空抛物坠物等案件的司法解释,最高人民法院,,,现行有效,坠机致害裁判参照,建议补充,
142,部门规章,一般运行和飞行规则(CCAR-91-R4),中国民航局,交通运输部令(CCAR-91 R4),2022-01-01,现行有效,民用航空器一般运行与飞行规则(通航/无人机部分条款参照),库存-law精选,https://www.caac.gov.cn/
143,规范性文件,轻小无人机运行规定(试行)(AC-91-FS-2015-31),中国民航局飞标司,AC-91-FS-2015-31,2015-12-29,现行有效(部分被CCAR-92吸收),轻小型无人机分类(I-XI类)运行要求、云系统接入,库存-law精选,https://www.caac.gov.cn/
144,规范性文件,民用无人驾驶航空器操控员管理规定(AC-61-FS-020R3),中国民航局飞标司,AC-61-FS-020R3,2024,现行有效,无人机操控员执照/等级、训练与考试(替代原驾驶员管理规定),库存-law精选,https://www.caac.gov.cn/
145,规范性文件,民用无人驾驶航空器系统空中交通管理办法(MD-TM-2016-004),中国民航局空管办,MD-TM-2016-004,2016-09-21,现行有效,无人机系统空中交通服务与空域协调,库存-law精选,https://www.caac.gov.cn/
146,规范性文件,民用无人驾驶航空器系统适航审定管理程序(AP-21-AA-2022-71),中国民航局适航司,AP-21-AA-2022-71,2022,现行有效,无人机系统适航审定(型号合格审定)程序,库存-law精选,https://www.caac.gov.cn/
147,规范性文件,民用无人驾驶航空器实名制登记管理规定(AP-45-AA-2017-03),中国民航局,AP-45-AA-2017-03,2017-06-01,已废止/被取代,250g以上无人机实名登记(旧制),库存-law精选,https://www.caac.gov.cn/
148,规范性文件,D类(限用类)无人驾驶航空器系统失效状态(AC-21-AA-2022-40),中国民航局适航司,AC-21-AA-2022-40,2022,现行有效,D类限用类无人机系统失效状态与安全性分析,库存-law精选,https://www.caac.gov.cn/
149,规范性文件,限用类无人驾驶航空器系统适航标准(AC-21-AA-2026-44),中国民航局适航司,AC-21-AA-2026-44,2026-02-12,现行有效,中型及最大起飞重量<3180kg大型限用类无人机型号合格审定适航要求,库存-law精选,http://www.caac.gov.cn/XXGK/XXGK/GFXWJ/202602/P020260226338705668572.pdf
150,规范性文件,正常类多旋翼无人驾驶航空器系统(不载人)适航标准(AC-21-AA-2026-46),中国民航局适航司,AC-21-AA-2026-46(民航适函〔2026〕26号),2026-04-03,现行有效,进入融合空域或人口密集区上方飞行、不载人的正常类多旋翼无人机适航要求,库存-law精选,https://www.caac.gov.cn/
151,规范性文件,正常类动力提升无人驾驶航空器系统(不载人)适航标准(AC-21-AA-2026-47),中国民航局适航司,AC-21-AA-2026-47,2026,现行有效,正常类动力提升(不载人)无人机适航要求,库存-law精选,https://www.caac.gov.cn/
152,规范性文件,中型民用无人驾驶航空器系统适航标准及符合性指导材料(试行)(AC-92-AA-2024-02),中国民航局适航司,AC-92-AA-2024-02,2024,"现行有效(注:或被AC-21-AA-2026-44替代,待核)",中型无人机系统适航标准(试行),库存-law精选,https://www.caac.gov.cn/
153,规范性文件,民用无人驾驶航空器运行控制系统要求(AC-92-FS-002),中国民航局飞标司,AC-92-FS-002,2024,现行有效,无人机运行控制系统技术与管理要求,库存-law精选,https://www.caac.gov.cn/
154,规范性文件,无人驾驶航空器系统信息通告(IB-TM-2022-05),中国民航局空管办,IB-TM-2022-05,2022,现行有效,无人机系统运行相关信息通告,库存-law精选,https://www.caac.gov.cn/
155,标准,民用无人驾驶航空器系统运行识别规范(GB 46750-2025),市场监管总局(标准委)/民航局,GB 46750-2025,2026-05-01,现行有效(强制性国标),★无人机运行全过程主动报送身份/位置/速度识别信息(广播式+网络式)技术要求,库存-law精选,https://www.caac.gov.cn/
156,标准,民用微轻小型无人驾驶航空器运行识别最低性能要求(试行)(IB-TM-2024-01),中国民航局空管办,IB-TM-2024-01,2024,现行有效,微/轻/小型无人机运行识别最低性能(信息通告),库存-law精选,https://www.caac.gov.cn/
157,标准,无人机围栏(MH-T 2008-2017),中国民航局,MH/T 2008-2017,2017,现行有效(民航行业标准),电子围栏技术要求,库存-law精选,https://www.caac.gov.cn/
158,标准,无人机云系统接口数据规范(MH-T 2009-2017),中国民航局,MH/T 2009-2017,2017,现行有效(民航行业标准),无人机云系统接口数据,库存-law精选,https://www.caac.gov.cn/
159,标准,无人机云系统数据规范(MH-T 2011-2019),中国民航局,MH/T 2011-2019,2019,现行有效(民航行业标准),无人机云系统数据,库存-law精选,https://www.caac.gov.cn/
160,标准,民用无人驾驶航空器系统分布式操控员能力要求与评估(MH-T 2018-2026),中国民航局,MH/T 2018-2026,2026,现行有效(民航行业标准),分布式操控员能力与评估,库存-law精选,https://www.caac.gov.cn/
161,标准,大型民用无人驾驶航空器系统操控员训练要求(MH-T 2019-2026),中国民航局,MH/T 2019-2026,2026,现行有效(民航行业标准),大型无人机操控员训练,库存-law精选,https://www.caac.gov.cn/
162,标准,民用无人驾驶航空器空域信息数字化技术要求 第1部分:编码及使用(MH-T 4063.1-2026),中国民航局,MH/T 4063.1-2026,2026,现行有效(民航行业标准),低空空域信息数字化编码,库存-law精选,https://www.caac.gov.cn/
163,标准,民用无人驾驶航空器航行服务系统数据安全技术要求(MH-T 4064-2026),中国民航局,MH/T 4064-2026,2026,现行有效(民航行业标准),航行服务系统数据安全,库存-law精选,https://www.caac.gov.cn/
164,标准,民用无人驾驶航空器降落伞系统规范(MH-T 6140-2026),中国民航局,MH/T 6140-2026,2026,现行有效(民航行业标准),无人机降落伞系统,库存-law精选,https://www.caac.gov.cn/
165,地方性法规/地方规章,芜湖市低空经济健康发展促进办法,芜湖市人民政府,芜湖市人民政府令第75号,2026-03-01,有效 / 地方政府规章,地方低空经济产业促进/飞行服务保障,库存-law精选,https://www.wuhu.gov.cn/openness/public/6596211/40511251.html
166,地方性法规/地方规章,南京市低空飞行服务保障办法(试行),南京市人民政府,南京市人民政府,2025-01-01,有效 / 地方政府规章,地方低空经济产业促进/飞行服务保障,库存-law精选,https://www.nanjing.gov.cn/xxgkn/szgfxwj/202412/t20241203_5024696.html
167,解读与案例,《无人驾驶航空器飞行管理暂行条例》政策解读（司法部）,司法部,,2023-06-29,解读,关联:无人驾驶航空器飞行管理暂行条例,库存-law精选,https://www.moj.gov.cn/pub/sfbgw/zcjd/202306/t20230629_481601.html
168,解读与案例,《无人驾驶航空器飞行管理暂行条例》解读（司法部信息公开·解读回应）,司法部,,2023-06-29,解读,关联:无人驾驶航空器飞行管理暂行条例,库存-law精选,https://www.moj.gov.cn/pub/sfbgw/zwxxgk/fdzdgknr/fdzdgknrjdhy/202306/t20230629_481604.html
169,解读与案例,民航局召开视频会议宣贯《民用无人驾驶航空器运行安全管理规则》(CCAR-92部),中国民航局,,2024-03-28,解读,关联:CCAR-92 民用无人驾驶航空器运行安全管理规则,库存-law精选,http://www.caacnews.com.cn/special/2024NZT/8024/20191xgbd/202403/t20240328_1376927.html
170,解读与案例,解读 | 《民用无人驾驶航空器经营性飞行活动管理办法（暂行）》,中国民航局,,2018-04-09,解读,关联:民用无人驾驶航空器经营性飞行活动管理办法(暂行),库存-law精选,http://www.caac.gov.cn/XXGK/XXGK/ZCJD/201804/t20180409_56264.html
171,解读与案例,解读丨强制性国家标准《民用无人驾驶航空器实名登记和激活要求》(GB 46761-2025),中国民航局,,2026-04-21,解读,关联:GB 46761-2025 民用无人驾驶航空器实名登记和激活要求,库存-law精选,http://www.caac.gov.cn/XXGK/XXGK/ZCFBJD/202604/t20260421_230620.html
172,解读与案例,解读丨强制性国家标准《民用无人驾驶航空器系统运行识别规范》(GB 46750-2025),中国民航局,,2026-01-20,解读,关联:GB 46750-2025 民用无人驾驶航空器系统运行识别规范,库存-law精选,https://www.caac.gov.cn/XXGK/XXGK/ZCFBJD/202601/t20260120_229793.html
173,解读与案例,中国民用航空局关于民用无人驾驶航空器监管服务有关事宜的公告,中国民航局,,2023-12-31,解读,关联:无人驾驶航空器飞行管理暂行条例,库存-law精选,https://www.caac.gov.cn/XXGK/XXGK/TZTG/202312/t20231231_222550.html
174,解读与案例,公安部公布依法打击无人机“黑飞”违法犯罪典型案例（新华网发布）,新华网/公安部,,2026-02-04,案例,关联:无人驾驶航空器飞行管理暂行条例/治安管理处罚法/刑法,库存-law精选,https://www.news.cn/legal/20260204/a7216ea1724e47fe88da2ff845cdc8d3/c.html
175,解读与案例,“空中刺客”频现：无人机治理刻不容缓（最高检）,最高人民检察院,,2025-12-22,案例,关联:无人驾驶航空器飞行管理暂行条例,库存-law精选,https://www.spp.gov.cn/spp/zdgz/202512/t20251222_714201.shtml
176,解读与案例,重庆梁平区：检察公益诉讼推动消除无人机“黑飞”隐患（最高检）,最高人民检察院,,2026-04-21,案例,关联:无人驾驶航空器飞行管理暂行条例,库存-law精选,https://www.spp.gov.cn/spp/dfjcdt/202604/t20260421_726166.shtml
177,解读与案例,充分发挥职能作用 服务低空经济高质量发展（最高检·无人机黑飞治理）,最高人民检察院,,2025-05-26,案例,关联:无人驾驶航空器飞行管理暂行条例,库存-law精选,https://www.spp.gov.cn/spp/llyj/202505/t20250526_696560.shtml
178,地方政府规章/规范性文件,西藏自治区无人驾驶航空器公共安全管理办法（试行）,西藏,,2026-06-29,有效,,库存-dikongjie,https://dikongjie.com/10159.html
179,地方政府规章/规范性文件,跳伞飞行服务市场管理暂行办法,中国民航局,,2025-09-16,有效,,库存-dikongjie,https://dikongjie.com/8399.html
180,地方规范性文件,上海市通信管理局关于印发《上海市信息通信业加快建设低空智联网 助力我市低空经济发展的指导意见》的通知,上海市通信管理局,沪通信管临港〔2024〕6号,2024-08-15,现行有效,,库存-pkulaw,https://www.pkulaw.com/lar/cdeadf30bc84691c15705171794d84c5bdfb.html
181,经济特区法规,关于《深圳经济特区低空经济产业促进条例(草案修改一稿征求意见稿)》公开征求意见的公告,深圳市人大(含常委会),,2023-10-10,现行有效,,库存-pkulaw,https://www.pkulaw.com/protocol/5eb8ac2c800ad2f09bbfa11162391211bdfb.html
182,地方工作文件,内蒙古自治区科学技术厅关于发布2026年内蒙古自治区科技重大专项氢能、低空经济、人工智能 领域(第一批)项目申报指南的通知,内蒙古自治区科学技术厅,,2026-03-15,现行有效,,库存-pkulaw,https://www.pkulaw.com/lar/799620d4dc6ab5d054d9fee99cf2c6e7bdfb.html
183,地方规范性文件,合肥市发展改革委、合肥市财政局关于印发《合肥市支持低空经济发展若干政策实施细则》的通知,合肥市发展和改革委员会 合肥市财政局,,2024-06-20,废止或失效,,库存-pkulaw,https://www.pkulaw.com/lar/d6f24b88afee8bb620a3dca327b82136bdfb.html
184,地方规范性文件,呼和浩特市人民政府关于促进低空经济高质量发展的实施意见,呼和浩特市人民政府,呼政发〔2025〕8号,2025-02-27,现行有效,,库存-pkulaw,https://www.pkulaw.com/lar/7e5e8913c3ef805a8e7ada117b5d4187bdfb.html
185,地方规范性文件,四川省人民政府办公厅关于促进低空经济发展的指导意见,四川省人民政府,川办发〔2024〕24号,2024-06-03,现行有效,,库存-pkulaw,https://www.pkulaw.com/lar/c9fb08e56b96bb0bb6bf9d190a14dbe7bdfb.html
186,地方规范性文件,扬州市政府办公室关于印发《扬州市低空经济高质量发展实施意见》的通知,扬州市人民政府,扬府办发〔2024〕35号,2024-05-20,现行有效,,库存-pkulaw,https://www.pkulaw.com/lar/8268003aa26be4ab8956a7004980fb09bdfb.html
187,地方规范性文件,攀枝花市人民政府办公室关于印发《攀枝花市促进低空经济发展实施意见》的通知,攀枝花市人民政府,攀办规〔2025〕4号,2025-12-01,现行有效,,库存-pkulaw,https://www.pkulaw.com/lar/c9bb11c37dd0fd85412948babfa426a7bdfb.html
188,设区的市地方性法规,无锡市人大常委会办公室关于公开征求《无锡市低空经济发展促进条例(草案)》意见的公告,无锡市人大(含常委会),,2025-02-26,现行有效,,库存-pkulaw,https://www.pkulaw.com/protocol/436a46258dba38fb925dbba6b11d5a2dbdfb.htm
189,地方规范性文件,昆明市人民政府办公室关于印发昆明市促进低空经济发展的实施意见的通知,昆明市人民政府,昆政办〔2024〕31号,2024-06-27,现行有效,,库存-pkulaw,https://www.pkulaw.com/lar/23662b41d9039ef65064b5fa6362b4b5bdfb.html
190,地方规范性文件,杭州市萧山区人民政府办公室印发《杭州市萧山区关于推动低空经济高质量发展的若干政策意见》的通知,杭州市萧山区人民政府,萧政办发〔2025〕15号,2025-05-01,现行有效,,库存-pkulaw,https://www.pkulaw.com/lar/473fca14298f301ef2f88e02aeaeb8cdbdfb.html
191,地方规范性文件,杭州高新开发区(滨江)管委会、政府关于打造低空经济创新示范区的若干政策意见(试行),杭州高新技术产业开发区管理委员会 杭州市滨江区人民政府,杭高新〔2025〕4号,2025-04-07,现行有效,,库存-pkulaw,https://www.pkulaw.com/lar/0856572d3621a3615d8946aa9b0e12efbdfb.html
192,地方规范性文件,江苏省政府办公厅关于加快推动低空经济高质量发展的实施意见,江苏省人民政府,苏政办发〔2024〕28号,2024-08-12,现行有效,,库存-pkulaw,https://www.pkulaw.com/lar/54cce789a37bcffe45af2273f9cf705bbdfb.html
193,设区的市地方性法规,沈阳市人民代表大会常务委员会办公厅公告第24号——关于征求《沈阳市低空经济促进条例(草案)》的意见,沈阳市人大(含常委会),,2026-07-02,现行有效,,库存-pkulaw,https://www.pkulaw.com/protocol/25061436c5872277860480aeb571969dbdfb.ht
194,地方规范性文件,温州市交通运输局关于印发《温州市支持低空经济高质量发展交通类政策奖补实施细则》的通知,温州市交通运输局,温交〔2026〕32号,2026-05-23,现行有效,,库存-pkulaw,https://www.pkulaw.com/lar/e9de487b221d94bef2f409c53f8268efbdfb.html
195,地方规范性文件,绍兴市上虞区人民政府办公室关于上虞区推进低空经济高质量发展的实施意见,绍兴市上虞区人民政府,虞政办发〔2025〕17号,2025-03-05,现行有效,,库存-pkulaw,https://www.pkulaw.com/lar/bd00b6920c4f5afcbbd5bf56119e05e6bdfb.html
196,地方规范性文件,绍兴市交通运输局、绍兴市财政局关于印发《绍兴市支持低空经济高质量发展若干政策市级奖补政策实施细则》的通知,绍兴市交通运输局 绍兴市财政局,绍市交发〔2024〕72号,2024-11-07,已被修改,,库存-pkulaw,https://www.pkulaw.com/lar/44568c1e880ea1b458a3a22b506352c9bdfb.html
197,地方规范性文件,绍兴市越城区人民政府关于印发《绍兴市越城区关于推进低空经济高质量发展的实施意见(2024—2035年)》的通知,绍兴市越城区人民政府,越政发〔2024〕21号,2024-11-08,现行有效,,库存-pkulaw,https://www.pkulaw.com/lar/e5d157ac9adee347262cb5f1da81f9bebdfb.html
198,地方规范性文件,舟山市人民政府关于推动低空经济产业发展的若干意见,舟山市人民政府,舟政发〔2024〕20号,2024-12-20,现行有效,,库存-pkulaw,https://www.pkulaw.com/lar/aabd807bd674d3add9838f068a88ce05bdfb.html
199,地方规范性文件,诸暨市人民政府办公室关于推进诸暨市低空经济高质量发展的实施意见,诸暨市人民政府,诸政办发〔2025〕1号,2025-01-06,现行有效,,库存-pkulaw,https://www.pkulaw.com/lar/e46001b3a2a05cf7e190fcb98ee2ef85bdfb.html
200,,厦门市民用无人驾驶航空器公共安全管理办法,厦门市人民政府,厦门市人民政府令第179号,2020-04-01,现行有效,,库存-pkulaw,https://www.pkulaw.com/lar/5dd76a34117d2626218f315def948598bdfb.html
201,部门规范性文件,基于计算机的民用无人驾驶航空器运行控制系统管理办法,中国民用航空局,民航规〔2026〕2号,2026-01-16,现行有效,,库存-pkulaw,https://www.pkulaw.com/chl/038e26ffde86f7fabdfb.html
202,,新疆维吾尔自治区民用无人驾驶航空器安全管理规定,新疆维吾尔自治区人民政府,新疆维吾尔自治区人民政府令第210号,2018-07-01,现行有效,,库存-pkulaw,https://www.pkulaw.com/lar/3b6119f8e8d02a15af99d0a3087a888dbdfb.html
203,,无锡市民用无人驾驶航空器管理办法,无锡市人民政府,无锡市人民政府令第162号,2017-09-01,废止或失效,,库存-pkulaw,https://www.pkulaw.com/lar/15f6ea6a340319f67ba5a51b3c2fd289bdfb.html
204,部门规范性文件,民用无人驾驶航空器事件信息管理办法,中国民用航空局,民航规〔2025〕15号,2025-07-01,现行有效,,库存-pkulaw,https://www.pkulaw.com/chl/825921c7a3edf97cbdfb.html
205,部门规范性文件,民用无人驾驶航空器空中交通管理信息服务系统数据接口规范,中国民用航空局,,2022-08-01,现行有效,,库存-pkulaw,https://www.pkulaw.com/chl/618c8dc42a795b9ebdfb.html
206,地方规范性文件,石家庄市人民政府办公室印发《＜关于支持装备制造产业和现代食品产业发展的若干措施＞相关实施细则》的通知(附：引导企业加...,石家庄市人民政府,石政办发〔2026〕2号,2026-02-14,现行有效,,库存-pkulaw,https://www.pkulaw.com/lar/3ade9694e01c3f778673b5a06a8fe24cbdfb.html
207,地方规范性文件,福州市人民政府关于推进民用无人驾驶航空器产业高质量发展的若干意见,福州市人民政府,榕政规〔2023〕1号,2023-01-06,废止或失效,,库存-pkulaw,https://www.pkulaw.com/lar/639444764ab361a67f8f0c09fea94da8bdfb.html
208,,达州市民用无人驾驶航空器公共安全管理办法,达州市人民政府,达州市人民政府令第10号,2025-02-01,现行有效,,库存-pkulaw,https://www.pkulaw.com/lar/f279ea379e72e0ccaa137bd68f784a96bdfb.html
209,,重庆市民用无人驾驶航空器公共安全管理办法,重庆市人民政府,重庆市人民政府令第362号,2024-02-01,现行有效,,库存-pkulaw,https://www.pkulaw.com/lar/14673e2193e4c5581d0378f468688eacbdfb.html
210,,重庆市民用无人驾驶航空器管理暂行办法,重庆市人民政府,重庆市人民政府令第315号,2017-12-01,废止或失效,,库存-pkulaw,https://www.pkulaw.com/lar/16210a3652f5143e940d0fa62ca029b4bdfb.html
211,,深圳市民用微轻型无人机管理暂行办法,深圳市人民政府,深圳市人民政府令第316号,2019-03-01,现行有效,,库存-pkulaw,https://www.pkulaw.com/lar/aea4168ef1a4d647f8024998f81d63d9bdfb.html
212,地方规范性文件,溧阳市政府办公室关于印发《优化全市政务无人机管理的实施意见(暂行)》的通知,溧阳市人民政府,溧政办发〔2025〕15号,2025-04-23,现行有效,,库存-pkulaw,https://www.pkulaw.com/lar/b59dcdf38597c2a590afaeeaf57c30d7bdfb.html
213,地方规范性文件,山东省农业农村厅关于印发《规范植保无人机飞防作业提高农作物病虫害防治质量指导意见》的通知,山东省农业农村厅,鲁农技字〔2024〕12号,2024-04-18,现行有效,,库存-pkulaw,https://www.pkulaw.com/lar/db908c79f1279c75066668b84ff7f8b3bdfb.html
214,地方规范性文件,金东区水稻病虫草害无人机防控作业补助实施细则,金华市金东区人民政府,,2023,现行有效,,库存-pkulaw,https://www.pkulaw.com/lar/c3259ddc40d1ecff2a6ac5674fa7cb21bdfb.html
215,地方规范性文件,东营市人民政府关于促进无人机产业发展的意见,东营市人民政府,东政发〔2020〕10号,2020-07-20,废止或失效,,库存-pkulaw,https://www.pkulaw.com/lar/6c356de63db256ac5f45da8271ba9ef4bdfb.html
216,地方规范性文件,溧阳市人民政府关于印发《溧阳市农机购置补贴引导植保无人机规范应用试点实施方案》的通知,溧阳市人民政府,,2020,现行有效,,库存-pkulaw,https://www.pkulaw.com/lar/5425ebbbb4ce567f27d7a0603105cf5abdfb.html
217,地方规范性文件,江苏省工业和信息化厅印发关于促进和规范江苏省民用无人机制造业发展意见的通知,江苏省工业和信息化厅,苏工信装备〔2018〕74号,2018-11-27,现行有效,,库存-pkulaw,https://www.pkulaw.com/lar/6b24417046867a3bc054d914b588e1f2bdfb.html
218,部门规范性文件,工业和信息化部关于促进和规范民用无人机制造业发展的指导意见,工业和信息化部,工信部装〔2017〕310号,2017-12-06,现行有效,,库存-pkulaw,https://www.pkulaw.com/chl/eac2cb818a42a014bdfb.html
219,行业规定,中国消防协会关于发布《消防救援无人机操控员》等4部团体标准的公告,中国消防协会,中消协〔2025〕54号,2025-12-01,现行有效,,库存-pkulaw,https://www.pkulaw.com/chl/03e08d552b2c897abdfb.html
220,行业规定,中国林学会关于发布《空投式精确制导森林灭火弹通用技术规范》和《森林草原消防无人机巡护作业技术规程》2项团体标准的公告,中国林学会,,2023,现行有效,,库存-pkulaw,https://www.pkulaw.com/chl/5dfd77739b47ef01bdfb.html
221,部门工作文件,商务部、海关总署、国家国防科工局、中央军委装备发展部关于对部分无人机实施临时出口管制的公告,商务部 海关总署 国家国防科技工业局 中央军委装备发展部,商务部公告2023年第28号,2023-09-01,废止或失效,,库存-pkulaw,https://www.pkulaw.com/chl/56b34777c0fbc9d3bdfb.html
222,部门规范性文件,基于无人机的民用航空飞行校验专用地空数据链系统通用技术应用指导意见(试行),中国民用航空局,,2022-01-25,现行有效,,库存-pkulaw,https://www.pkulaw.com/chl/ba5684a673e63f65bdfb.html
223,部门规范性文件,民用无人机操控员执照考试管理服务提供方制度实施办法,中国民用航空局,,2022-01-01,现行有效,,库存-pkulaw,https://www.pkulaw.com/chl/107369e1f22d81ddbdfb.html
224,部门规范性文件,国家邮政局关于发布《无人机快递投递服务规范》邮政行业标准的通知,国家邮政局,国邮发[2020]66号,2021-01-01,现行有效,,库存-pkulaw,https://www.pkulaw.com/chl/ddb5ed0bd98186edbdfb.html
225,部门规范性文件,中国民用航空局航空器适航审定司关于印发《基于运行风险的无人机适航审定指导意见》的通知,中国民用航空局,民航适发〔2019〕3号,2019-01-23,现行有效,,库存-pkulaw,https://www.pkulaw.com/chl/1441efad61742585bdfb.html
226,地方工作文件,2025年度枣庄市发展和改革委员会关于对市十七届人大五次会议第16号代表建议的办理答复(关于加快发展枣庄低空经济的建议),枣庄市发展和改革委员会,,2025-05-28,现行有效,机关工作综合规定 宏观经济体制改革 宏观调控 国家计划 区域经济开发,库存-pkulaw全量,https://www.pkulaw.com/lar/9357a2ff1188398693f3c51df7bcf083bdfb.html
227,地方工作文件,2025年度枣庄市发展和改革委员会关于对市十七届人大五次会议第85号代表建议的办理答复(关于推进枣庄市低空经济高质量发展的建议),枣庄市发展和改革委员会,,2025-05-28,现行有效,机关工作综合规定 宏观经济体制改革 宏观调控 国家计划 区域经济开发,库存-pkulaw全量,https://www.pkulaw.com/lar/4361892da7b45fa832f4f1266e826bd6bdfb.html
228,地方工作文件,2025年度枣庄市发展和改革委员会关于对市政协十一届四次会议第114038号提案答复的函(关于抢抓“机遇之窗”推动低空经济高质...,枣庄市发展和改革委员会,,2025-09-28,现行有效,国家产业政策 机关工作综合规定 宏观调控 区域经济开发 宏观经济体制改革,库存-pkulaw全量,https://www.pkulaw.com/lar/44d3ac18926dbb4d96727d59138377febdfb.html
229,地方工作文件,2025年度枣庄市发展和改革委员会关于对市政协十一届四次会议第114089号提案答复的函(关于低空经济未来可期强市引擎助力飞天...,枣庄市发展和改革委员会,,2025-09-28,现行有效,国家产业政策 机关工作综合规定 区域经济开发 国家计划 宏观调控,库存-pkulaw全量,https://www.pkulaw.com/lar/54d3e8135d3db3b3fd988ba176b218e0bdfb.html
230,地方工作文件,2025年度枣庄市发展和改革委员会关于对市政协十一届四次会议第114266号提案答复的函(关于加快布局我市“低空经济”的建议),枣庄市发展和改革委员会,,2025-09-28,现行有效,国家产业政策 机关工作综合规定 能源综合规定 区域经济开发 国家计划,库存-pkulaw全量,https://www.pkulaw.com/lar/1fafd5561cd22c25806ca3a564280926bdfb.html
231,地方工作文件,2025年度枣庄市工业和信息化局关于对市政协十一届四次会议第114266号提案(关于加快布局我市“低空经济”的建议)的答复,枣庄市工业和信息化局,,2025-09-30,现行有效,通信 无线电 国家产业政策 行业计划 城市规划与开发建设,库存-pkulaw全量,https://www.pkulaw.com/lar/afb2ffe08fc2bcb567b7d06f135118f3bdfb.html
232,地方工作文件,2026年度枣庄市人力资源和社会保障局关于市十七届人大六次会议第125号代表建议的答复(关于进一步完善全市低空经济产业扶持政...,枣庄市人力资源和社会保障局,,2026-05-22,现行有效,职业与职工教育 机关工作综合规定 教育改革 国家产业政策 招工与就业,库存-pkulaw全量,https://www.pkulaw.com/lar/838ecd5228d5c6e8983b8091681466aebdfb.html
233,设区的市地方性法规,《苏州市低空经济促进条例(草案)》征求意见公告,苏州市人大(含常委会),,2025-03-12,现行有效,,库存-pkulaw全量,https://www.pkulaw.com/protocol/dadc8e7002ba4b53c0ee9c7d787d4c0bbdfb.htm
234,待核实,《重庆市推动低空经济高质量发展若干政策措施》政策解读,,,,现行有效,,库存-pkulaw全量,https://www.pkulaw.com/news/e04728f596d3cc5ebdfb.html
235,地方工作文件,上海市人力资源和社会保障局关于举办新质生产力赋能低空经济发展高级研修项目的通知,上海市人力资源和社会保障局,沪人社专〔2025〕107号,2025-04-22,现行有效,劳动工会综合规定,库存-pkulaw全量,https://www.pkulaw.com/lar/399cf5029734cab571090f3facf0cb16bdfb.html
236,地方工作文件,上海市人民政府办公厅关于印发《上海市低空经济产业高质量发展行动方案(2024―2027年)》的通知,上海市人民政府,沪府办发〔2024〕13号,2024-07-25,现行有效,质量综合规定,库存-pkulaw全量,https://www.pkulaw.com/lar/6118e068e481bf360ecb16cfc9a3163fbdfb.html
237,地方工作文件,上海市嘉定区人民政府办公室关于印发《嘉定区推动低空经济产业高质量发展行动方案》的通知,上海市嘉定区人民政府,嘉府办发〔2024〕27号,2024-12-20,现行有效,机关工作综合规定,库存-pkulaw全量,https://www.pkulaw.com/lar/c53ad190b74b1775272763f811a3ac9abdfb.html
238,地方工作文件,上海市市场监督管理局关于同意上海市低空经济标准化技术委员会组建方案的批复,上海市市场监督管理局,沪市监标准〔2026〕153号,2026-07-15,现行有效,国家标准管理 行业标准管理 机构编制 职位职称 人事调配,库存-pkulaw全量,https://www.pkulaw.com/lar/b7353cd0965d1953a6676ba089f92554bdfb.html
239,地方工作文件,上海市杨浦区人民政府关于印发《杨浦区促进低空经济发展的若干措施(试行)》的通知,上海市杨浦区人民政府,杨府发〔2024〕10号,2024-10-24,现行有效,机关工作综合规定,库存-pkulaw全量,https://www.pkulaw.com/lar/13bd8bde26a5c26181f63b6445ac2273bdfb.html
240,地方工作文件,上海市经济信息化委关于征集上海市低空经济产业重点项目的通知,上海市经济和信息化委员会,沪经信装〔2024〕388号,2024-09-06,现行有效,知识产权综合规定,库存-pkulaw全量,https://www.pkulaw.com/lar/2c374f17d6a286f859e24a1995722c6bbdfb.html
241,地方规范性文件,上海市经济和信息化委员会、上海虹桥国际中央商务区管理委员会、上海市浦东新区人民政府、上海市长宁区人民政府、上海市闵行...,上海市经济和信息化委员会 上海虹桥商务区管理委员会 上海市浦东新区人民政府 上海市长宁区,沪经信装〔2025〕893号,2025-12-26,现行有效,区域经济开发 国家产业政策 建设综合规定 科技综合规定与体改,库存-pkulaw全量,https://www.pkulaw.com/lar/373d287cfec1f164af6a964c52dfd8d4bdfb.html
242,地方工作文件,上海市青浦区人民政府办公室关于印发《青浦区低空经济产业高质量发展行动方案(2024—2027年》的通知,上海市青浦区人民政府,青府办发〔2024〕31号,2024-12-31,现行有效,质量综合规定,库存-pkulaw全量,https://www.pkulaw.com/lar/578501e61d1cb4753c85f95d9ccdd32cbdfb.html
243,地方工作文件,东莞市人民政府办公室关于印发《东莞市推动低空经济高质量发展实施方案(2024―2026年)》的通知,东莞市人民政府,东府办〔2024〕16号,2024-07-24,现行有效,质量综合规定,库存-pkulaw全量,https://www.pkulaw.com/lar/40143399bf30f6b0ed34f67b256afb32bdfb.html
244,行业规定,中国互联网协会关于招募低空经济领域合作伙伴的通知,中国互联网协会,,2025-06-06,现行有效,机关工作综合规定,库存-pkulaw全量,https://www.pkulaw.com/chl/6fe5925432bef1d7bdfb.html
245,地方工作文件,中山市人民政府关于印发《中山市低空经济高质量发展行动方案(2026―2028年)》的通知,中山市人民政府,中府〔2026〕114号,2026-07-14,现行有效,国家产业政策 区域经济开发 航空运输 城市规划与开发建设 宏观经济体制改革 营商环境优,库存-pkulaw全量,https://www.pkulaw.com/lar/cb4197c4a63b210a4b26a2b20f3b93e9bdfb.html
246,地方工作文件,中山市人民政府办公室关于印发中山市低空经济高质量发展行动方案(2024―2027年)的通知,中山市人民政府,中府办〔2024〕22号,2024-07-01,现行有效,林业管理,库存-pkulaw全量,https://www.pkulaw.com/lar/f41e79327636c0e3152df22035a1082bbdfb.html
247,地方工作文件,中山市推动低空经济高质量发展工作专班办公室关于发布《中山市低空场景供需清单(第一批)》的通知,中山市发展和改革局,中发改高技〔2026〕20号,2026-01-13,现行有效,市场管理 宏观调控 国家产业政策 资源综合利用 国家计划,库存-pkulaw全量,https://www.pkulaw.com/lar/0892ab7c9ee060feb3014c00c73b160dbdfb.html
248,地方工作文件,中山市推动低空经济高质量发展工作专班办公室关于发布《中山市低空场景供需清单(第二批)》的通知,中山市发展和改革局,中发改高技函〔2026〕792号,2026-07-03,现行有效,宏观调控 国家产业政策 资源综合利用 市场管理 宏观经济体制改革,库存-pkulaw全量,https://www.pkulaw.com/lar/a057f2fdf069489ff1caa6bf540bbd44bdfb.html
249,地方工作文件,九江市人民政府办公室关于印发《九江市促进低空经济加快发展的若干政策措施》的通知,九江市人民政府,九府办发〔2024〕18号,2024-08-01,现行有效,机关工作综合规定,库存-pkulaw全量,https://www.pkulaw.com/lar/9e5345526fe74afa5aa8fa1c7a188479bdfb.html
250,地方规范性文件,云南省人民政府办公厅关于印发《云南省支持低空经济健康发展的若干措施》的通知,云南省人民政府,云政办发〔2025〕36号,2025-08-03,现行有效,航空运输 区域经济开发 宏观调控,库存-pkulaw全量,https://www.pkulaw.com/lar/6fab847e2b3a16c160146eff53c748dcbdfb.html
251,地方工作文件,云南省人民政府办公厅关于印发《云南省有序拓展低空经济应用场景实施方案》的通知,云南省人民政府,云政办函〔2026〕37号,2026-06-08,现行有效,环境监测 国家产业政策 环境标准,库存-pkulaw全量,https://www.pkulaw.com/lar/dea4b17aa402364366752c2868407896bdfb.html
252,待核实,京津冀低空经济产业联盟在津成立,,,,现行有效,,库存-pkulaw全量,https://www.pkulaw.com/news/7785bcb2c835763dbdfb.html
253,地方工作文件,仪征市人民政府关于印发《仪征市低空经济高质量发展行动方案》的通知,仪征市人民政府,仪政发〔2024〕40号,2024-07-29,现行有效,宏观经济体制改革,库存-pkulaw全量,https://www.pkulaw.com/lar/9b85f1a8067eda45ae1682f97d7e274ebdfb.html
254,部门工作文件,体育总局航管中心关于促进低空经济发展的若干意见,国家体育总局,航管字〔2024〕241号,2024-07-08,现行有效,财政综合规定,库存-pkulaw全量,https://www.pkulaw.com/chl/3161f6a304c1543dbdfb.html
255,地方工作文件,佛山市人民政府办公室关于印发佛山市推动低空经济高质量发展实施方案(2024—2026年)的通知,佛山市人民政府,佛府办函〔2024〕89号,2024-08-13,现行有效,计划综合规定,库存-pkulaw全量,https://www.pkulaw.com/lar/881d4a924254130e176fb8cd67e7d216bdfb.html
256,地方工作文件,佛山市禅城区人民政府办公室关于印发禅城区低空经济高质量发展实施方案的通知,佛山市禅城区人民政府,,2024-10-31,现行有效,机关工作综合规定,库存-pkulaw全量,https://www.pkulaw.com/lar/bbc0eb847d8deed71355c8ed0294ff8fbdfb.html
257,地方工作文件,关于《桐乡市支持低空经济高质量发展的若干措施》的通知,桐乡市人民政府,,2024-12-20,现行有效,航空运输 国家产业政策 区域经济开发 专项资金管理 宏观经济体制改革,库存-pkulaw全量,https://www.pkulaw.com/lar/005e8f61b88cb5258071062270c9dbb6bdfb.html
258,地方工作文件,兴安盟行政公署办公室关于印发《兴安盟低空经济高质量发展三年行动方案(2025—2027年)》的通知,兴安盟行政公署,兴署办字〔2025〕15号,2025-07-21,现行有效,区域经济开发 国家计划 国家产业政策 宏观调控 宏观经济体制改革,库存-pkulaw全量,https://www.pkulaw.com/lar/69536511cbe4c747638902a744aee7a3bdfb.html
259,地方工作文件,内蒙古自治区人民政府办公厅关于印发自治区低空经济高质量发展实施方案(2024—2027年)的通知,内蒙古自治区人民政府,内政办发〔2024〕38号,2024-09-12,现行有效,质量综合规定,库存-pkulaw全量,https://www.pkulaw.com/lar/a99119b1034f2e4a11fe9311dddd1e1dbdfb.html
260,地方工作文件,北京市经济和信息化局关于征求《北京市促进低空经济产业高质量发展行动方案(2024―2027年)(征求意见稿)》意见建议的通知,北京市经济和信息化局,,2024-05-15,现行有效,,库存-pkulaw全量,https://www.pkulaw.com/protocol/5215308ce1048abb5b5af30e447fabf2bdfb.html
261,地方工作文件,北京市经济和信息化局等四部门关于印发《北京市促进低空经济产业高质量发展行动方案(2024-2027年)》的通知,北京市经济和信息化局 北京市发展和改革委员会 北京市科学技术委员会 北京市中关村科技园区,京经信发〔2024〕54号,2024-09-30,废止或失效,区域经济开发,库存-pkulaw全量,https://www.pkulaw.com/lar/bb591c13f478c3b577412250371dded1bdfb.html
262,地方工作文件,区政府办公室关于印发锡山区低空经济高质量发展三年行动方案(2025―2027年)的通知,无锡市锡山区人民政府,锡府办〔2025〕28号,2025-07-14,现行有效,区域经济开发 国家产业政策 宏观调控 宏观经济体制改革 城市规划与开发建设 营商环境优,库存-pkulaw全量,https://www.pkulaw.com/lar/053cf5da8ff96617c50421419c2fa0e5bdfb.html
263,地方工作文件,十堰市人民政府关于印发《十堰市低空经济高质量发展实施方案(2024－2026年)》的通知,十堰市人民政府,十政办发〔2024〕17号,2024-05-21,现行有效,计划综合规定 营商环境优化,库存-pkulaw全量,https://www.pkulaw.com/lar/9ed81d433dc2f4a9a9912c880cafbbb4bdfb.html
264,地方工作文件,十堰市人民政府办公室关于印发十堰市低空经济基础设施建设三年行动方案(2024―2026年)的通知,十堰市人民政府,十政办函〔2024〕37号,2024-08-29,现行有效,建设综合规定,库存-pkulaw全量,https://www.pkulaw.com/lar/6a7191df1e408a6f12f3221bcdef11cbbdfb.html
265,地方规范性文件,南京市政府办公厅关于印发南京市促进低空经济高质量发展实施方案(2024—2026年)的通知,南京市人民政府,宁政办发〔2024〕25号,2024-05-13,现行有效,行业经济体制改革,库存-pkulaw全量,https://www.pkulaw.com/lar/cc880a54531e7448e45565e09c80a5f0bdfb.html
266,地方工作文件,南京市科学技术局关于征集低空经济领域科技成果的通知,南京市科学技术局,,2026-04-09,现行有效,科学研究与科技项目 科技成果鉴定奖励 科技计划 科技综合规定与体改 科技进步与经费,库存-pkulaw全量,https://www.pkulaw.com/lar/70d6b2e835643b021a55cb79f46ad8d2bdfb.html
267,地方规范性文件,南充市人民政府关于印发《关于支持低空经济高质量发展的若干政策措施》的通知,南充市人民政府,南府规〔2024〕4号,2025-01-01,现行有效,机关工作综合规定,库存-pkulaw全量,https://www.pkulaw.com/lar/d0d137d7c41f6deb89e60fff20761fcbbdfb.html
268,地方工作文件,南充市人民政府关于印发《南充市低空经济中长期发展规划(2024—2035)》的通知,南充市人民政府,南府发〔2024〕13号,2024-10-30,现行有效,计划综合规定,库存-pkulaw全量,https://www.pkulaw.com/lar/8fe0775a7cec6540ade8ee1e55145713bdfb.html
269,地方规范性文件,南宁市人民政府关于印发南宁市支持低空经济高质量发展若干措施(试行)的通知,南宁市人民政府,南府规〔2025〕7号,2025-04-25,现行有效,经济技术开发区,库存-pkulaw全量,https://www.pkulaw.com/lar/08a4eacfb695d4d4fb5f4d8cee5664a6bdfb.html
270,地方工作文件,南通市政府办公室关于印发南通市低空经济高质量发展行动方案(2024—2027年)的通知,南通市人民政府,通政办发〔2024〕32号,2024-10-10,现行有效,城市规划与开发建设 计划综合规定,库存-pkulaw全量,https://www.pkulaw.com/lar/92d26207c4b12da647580ce404c46f1bbdfb.html
271,地方规范性文件,合肥市人民代表大会常务委员会关于促进低空经济发展的决定,合肥市人大(含常委会),,2024-10-25,现行有效,人大议事,库存-pkulaw全量,https://www.pkulaw.com/lar/a4c32d12e7c11d45bdc64ecccda73b98bdfb.html
272,地方规范性文件,合肥市人民政府办公室关于印发合肥市支持低空经济发展若干政策的通知,合肥市人民政府,合政办秘〔2024〕19号,2024-06-20,废止或失效,航空运输,库存-pkulaw全量,https://www.pkulaw.com/lar/b7d53434743880e2c70397cfa9864dcabdfb.html
273,地方工作文件,启东市政府办公室关于印发启东市低空经济高质量发展三年行动计划(2025—2027年)的通知,启东市人民政府,启政办发〔2024〕45号,2024-12-16,现行有效,机关工作综合规定,库存-pkulaw全量,https://www.pkulaw.com/lar/01362f5db4d8a00cda39e2024483dbc6bdfb.html
274,地方工作文件,呼伦贝尔市人民政府办公室关于印发低空经济发展实施方案(2025—2027年)的通知,呼伦贝尔市人民政府,呼政办发〔2025〕16号,2025-06-27,现行有效,航空运输 区域经济开发 国家产业政策 国家计划 资源综合利用,库存-pkulaw全量,https://www.pkulaw.com/lar/bd5ab0ec0645da3d4f8192dd36f78971bdfb.html
275,地方工作文件,呼和浩特市工业和信息化局关于对呼和浩特市政协十四届四次会议第0338号提案《关于加速首府低空经济发展的提案(流水号2261、22...,呼和浩特市工业和信息化局,,2025-08-19,现行有效,航空运输 法规规章制定与发布 城市规划与开发建设 行业标准管理,库存-pkulaw全量,https://www.pkulaw.com/lar/033e3d71eeae9205e242d05c5f7c43c8bdfb.html
276,地方工作文件,呼和浩特市工业和信息化局关于对呼和浩特市第十六届人民代表大会第四次会议第213号建议《关于推动低空经济发展的建议》的答复,呼和浩特市工业和信息化局,,2025-05-19,现行有效,宪法,库存-pkulaw全量,https://www.pkulaw.com/lar/11404c13f52f64542106ad4f2aaed302bdfb.html
277,地方工作文件,呼和浩特市工业和信息化局关于对呼和浩特市第十六届人民代表大会第四次会议第220号建议《关于呼和浩特市低空经济发展的建议...,呼和浩特市工业和信息化局,,2025-05-19,现行有效,宪法,库存-pkulaw全量,https://www.pkulaw.com/lar/8a470e408bfc7e0c93185056a5ccbfc2bdfb.html
278,地方工作文件,呼和浩特市科学技术局转发关于发布2026年内蒙古自治区科技重大专项氢能、低空经济、人工智能 领域(第一批)项目申报指南的通知,呼和浩特市科学技术局,,2026-03-16,现行有效,科学研究与科技项目 科技计划 机关工作综合规定 科技计统与财税 科技综合规定与体改,库存-pkulaw全量,https://www.pkulaw.com/lar/9b7887808c6ca6e21fc6fd95c0d24a91bdfb.html
279,地方规范性文件,嘉兴市人民政府办公室关于印发嘉兴市推动低空经济高质量发展实施方案(2024—2027年)的通知,嘉兴市人民政府,嘉政办发〔2024〕23号,2024-09-06,现行有效,质量综合规定,库存-pkulaw全量,https://www.pkulaw.com/lar/0cc228c1322f9b91fa7e7e07a48b6fe2bdfb.html
280,地方工作文件,四川省农业农村厅关于加快农业领域低空经济发展的通知,四川省农业农村厅,川农发〔2025〕11号,2025-04-18,现行有效,农业管理,库存-pkulaw全量,https://www.pkulaw.com/lar/20b2ec269bcb8a8d3baba1f70295f2a0bdfb.html
281,地方工作文件,四川省科学技术厅关于征集人工智能、低空经济、软件和信息服务、新型显示领域科技攻关需求综合解决方案的通知,四川省科学技术厅,,2025-06-11,现行有效,科学研究与科技项目 科技计划 科技进步与经费 科技计统与财税 技术开发转让服务与咨询,库存-pkulaw全量,https://www.pkulaw.com/lar/f5ffd85145007064adeb41a21e889ae6bdfb.html
282,待核实,四川若干举措支持低空经济“腾飞” 首批11个试点已通过评估,,,,现行有效,,库存-pkulaw全量,https://www.pkulaw.com/news/bd12cb865198bddcbdfb.html
283,待核实,国家发展改革委低空司、国家统计局设管司有关负责人就《低空经济及其核心产业统计分类（试行）》答记者问,,,,现行有效,,库存-pkulaw全量,https://www.pkulaw.com/news/321b668a135d2b32bdfb.html
284,部门规范性文件,国家发展改革委关于印发《低空经济及其核心产业统计分类(试行)》的通知,国家发展和改革委员会(含原国家发展计划委员会、原国家计划委员会),发改低空〔2025〕1676号,2025-12-22,现行有效,经济统计 行业统计 宏观调控 统计指标与统计调查 国家产业政策,库存-pkulaw全量,https://www.pkulaw.com/chl/586fd1209022b887bdfb.html
285,待核实,国家发改委：积极稳妥推动低空经济发展意义重大、前景光明,,,,现行有效,,库存-pkulaw全量,https://www.pkulaw.com/news/cfb60b4564643311bdfb.html
286,地方工作文件,国家金融监督管理总局广东监管局、中国人民银行广东省分行、广东证监局、国家金融监督管理总局深圳监管局、中国人民银行深圳...,国家金融监督管理总局广东监管局 中国人民银行广东分行 中国证券监督管理委员会广东监管局,粤金发〔2025〕47号,2025-12-15,现行有效,区域经济开发 宏观经济体制改革 银行业监管机构管理的金融机构 银行监管 宏观调控,库存-pkulaw全量,https://www.pkulaw.com/lar/10a42370ba121c241eef3236eb788e21bdfb.html
287,地方工作文件,大连市人民政府办公厅关于印发大连市低空经济高质量发展行动方案(2024―2026年)的通知,大连市人民政府,大政办发〔2024〕40号,2024-12-06,现行有效,计划综合规定,库存-pkulaw全量,https://www.pkulaw.com/lar/dc50e1a97869d94f070dfa353c3c99fdbdfb.html
288,地方工作文件,天津市宁河区低空经济高质量发展行动方案(2024—2026年),天津市宁河区人民政府,津宁河政发〔2024〕5号,2024-05-17,现行有效,区域经济开发 国家产业政策 城市规划与开发建设 航空运输 资源综合利用 营商环境优化,库存-pkulaw全量,https://www.pkulaw.com/lar/038f5977da4a8663caa6c6a59ab02edcbdfb.html
289,地方工作文件,太原市人民政府办公室关于印发太原市低空经济高质量发展行动方案(2025—2027年)的通知,太原市人民政府,并政办发〔2025〕17号,2025-11-12,现行有效,航空运输 计划综合规定 区域经济开发 城市规划与开发建设,库存-pkulaw全量,https://www.pkulaw.com/lar/0e8c9252361a3d6e33258bed5bc65e5fbdfb.html
290,地方工作文件,宁波市人民政府办公厅关于印发宁波市低空经济高质量发展实施方案(2025—2027年)的通知,宁波市人民政府,甬政办发〔2025〕29号,2025-07-21,现行有效,区域经济开发 航空运输 城市规划与开发建设 国家产业政策 宏观经济体制改革,库存-pkulaw全量,https://www.pkulaw.com/lar/fb7a5516b3e21036a3c8231109c74cfabdfb.html
291,地方工作文件,宁波市农业农村局关于印发《2025年宁波市农业农村领域低空经济发展工作要点》的通知,宁波市农业农村局,甬农发〔2025〕113号,2025-09-01,现行有效,农业管理 农业科技与农机 渔业管理 化肥农药农膜柴油 农业多种经营,库存-pkulaw全量,https://www.pkulaw.com/lar/ae4e090dfaea23373acc393757d852fbbdfb.html
292,地方工作文件,宁波市科学技术局关于转发《浙江省交通厅浙江省科技厅关于组织申报低空经济重大专项2026年度项目的通知》的通知,宁波市科学技术局,,2025-06-24,现行有效,科学研究与科技项目 科技计划 国家计划 科技进步与经费,库存-pkulaw全量,https://www.pkulaw.com/lar/40c02517d6bd3296efa023eb60b1f9a9bdfb.html
293,地方工作文件,安徽省发展改革委关于印发安徽省加快培育发展低空经济实施方案(2024—2027年)及若干措施的通知,安徽省发展和改革委员会,皖发改高技〔2024〕160号,2024-01-01,现行有效,宏观经济体制改革,库存-pkulaw全量,https://www.pkulaw.com/lar/1748774a22be316319f642ae72536899bdfb.html
294,地方工作文件,安徽省发展改革委关于面向全国公开征集低空经济应用场景能力清单的公告,安徽省发展和改革委员会,,2024-08-01,现行有效,机关工作综合规定,库存-pkulaw全量,https://www.pkulaw.com/lar/d34973d851fbc924020de17ef0f51dc3bdfb.html
295,地方规范性文件,安阳市人民代表大会常务委员会关于促进低空经济高质量发展的决定,安阳市人大(含常委会),,2025-06-26,现行有效,法规规章制定与发布 宏观经济体制改革 人大立法 航空运输 国家计划,库存-pkulaw全量,https://www.pkulaw.com/lar/329624459b02ec7d4cfa0af2d9489d77bdfb.html
296,地方工作文件,安阳市人民政府办公室关于印发安阳市促进低空经济高质量发展行动方案(2025-2027年)的通知,安阳市人民政府,安政办〔2025〕4号,2025-04-09,现行有效,机关工作综合规定,库存-pkulaw全量,https://www.pkulaw.com/lar/32207dcbe58a160918dcbb750b2b676abdfb.html
297,地方工作文件,山东省人民政府办公厅关于印发《山东省低空经济高质量发展三年行动方案(2025—2027年)》的通知,山东省人民政府,鲁政办发〔2024〕9号,2024-11-02,现行有效,质量综合规定,库存-pkulaw全量,https://www.pkulaw.com/lar/049c52f98b54f99bcf548bbfb2355de1bdfb.html
298,地方工作文件,山东省科学技术厅、中共山东省委组织部、中共山东省委金融委员会办公室、山东省发展和改革委员会、山东省教育厅、山东省工业...,山东省科学技术厅 中共山东省委组织部 中共山东省委金融委员会办公室 山东省发展和改革委员,鲁科字〔2024〕135号,2024-12-06,现行有效,银行监管,库存-pkulaw全量,https://www.pkulaw.com/lar/6e87bcf550497b376dcd3fe5ae7ca802bdfb.html
299,地方工作文件,山西省人民政府办公厅关于印发山西省加快低空经济发展和通航示范省建设若干措施的通知,山西省人民政府,晋政办发〔2024〕25号,2024-01-01,现行有效,交通运输综合规定,库存-pkulaw全量,https://www.pkulaw.com/lar/360856a20de72cddf33309b65271a719bdfb.html
300,地方工作文件,山西省市场监督管理局关于专项征集低空经济和通用航空领域省级地方标准项目的通知,山西省市场监督管理局,,2024-08-01,现行有效,标准化综合规定,库存-pkulaw全量,https://www.pkulaw.com/lar/e46ab99829cdee1acac61bd1a338c398bdfb.html
301,地方工作文件,嵊泗县人民政府办公室关于印发嵊泗县低空经济发展三年行动计划(2025—2027年)的通知,嵊泗县人民政府,嵊政办发〔2025〕18号,2025-04-29,现行有效,计划综合规定,库存-pkulaw全量,https://www.pkulaw.com/lar/17f67ae4049d0802e815c90f6bf81fa0bdfb.html
302,地方工作文件,常州市政府办公室关于印发《常州市低空经济高质量发展三年行动方案(2024—2026年)》的通知,常州市人民政府,常政办发〔2024〕31号,2024-07-11,现行有效,宏观经济体制改革,库存-pkulaw全量,https://www.pkulaw.com/lar/c1be4212b56895ab2a39df5f1cbe6fd8bdfb.html
303,待核实,广东低空金融“十二条”赋能行业低空经济发展,,,,现行有效,,库存-pkulaw全量,https://www.pkulaw.com/news/c0674cc625773507bdfb.html
304,待核实,广东支持低空经济高质量发展措施出台,,,,现行有效,,库存-pkulaw全量,https://www.pkulaw.com/news/117ae1e8422c2092bdfb.html
305,地方规范性文件,广东省人民政府办公厅关于印发《广东省支持低空经济高质量发展若干措施》的通知,广东省人民政府,粤办函〔2025〕268号,2025-10-13,现行有效,航空运输 区域经济开发 国家产业政策 城市规划与开发建设 宏观经济体制改革,库存-pkulaw全量,https://www.pkulaw.com/lar/b98beb6aaa43fbef4889f1d9c643e628bdfb.html
306,地方工作文件,广东省人民政府办公厅关于印发广东省推动低空经济高质量发展行动方案(2024—2026年)的通知,广东省人民政府,粤府办〔2024〕6号,2024-05-21,现行有效,区域经济开发,库存-pkulaw全量,https://www.pkulaw.com/lar/845fdb8817184e787a7b0aca9875ab69bdfb.html
307,地方工作文件,广东省人民政府办公厅关于成立广东省推动低空经济高质量发展工作专班的通知,广东省人民政府,粤办函〔2024〕95号,2024-05-30,现行有效,质量综合规定,库存-pkulaw全量,https://www.pkulaw.com/lar/bef95ade60d49985046c02504d630fdfbdfb.html
308,地方工作文件,广东省律师协会关于公布第十二届广东省律师协会低空经济法律专业委员会人员名单的通知,广东省律师协会,,2025-09-30,现行有效,律师综合规定与机构 律师业务 外国企业驻华机构管理 法律职业资格 辩护,库存-pkulaw全量,https://www.pkulaw.com/lar/52946d9afa9cd68e8193d307d47ecfcfbdfb.html
309,地方工作文件,广东省政务服务和数据管理局关于印发《广东省数据赋能低空经济高质量发展实施方案》的通知,广东省政务服务数据管理局,,2025-07-23,现行有效,国家产业政策 区域经济开发 宏观经济体制改革 国家计划 科技综合规定与体改,库存-pkulaw全量,https://www.pkulaw.com/lar/ae15b6cb3a655e51012f60a4500ab00abdfb.html
310,地方工作文件,广州市人民政府办公厅关于印发广州市低空经济发展实施方案的通知,广州市人民政府,穗府办〔2024〕12号,2024-05-29,现行有效,财政综合规定 营商环境优化,库存-pkulaw全量,https://www.pkulaw.com/lar/bcefac23c695fb3ef59f7ee3c52bdf51bdfb.html
311,地方工作文件,广州市人民政府办公厅关于印发广州市推动低空经济高质量发展若干措施的通知,广州市人民政府,穗府办函〔2024〕47号,2024-07-03,现行有效,区域经济开发,库存-pkulaw全量,https://www.pkulaw.com/lar/40d17fdf60e695a17c3dbf2b2e750c12bdfb.html
312,地方工作文件,广州市花都区人民政府办公室关于印发花都区促进低空经济高质量发展若干措施的通知,广州市人民政府,花府办规〔2024〕3号,2024-10-28,现行有效,机关工作综合规定,库存-pkulaw全量,https://www.pkulaw.com/lar/0acad63a8f0ca013bacef3c0937797ebbdfb.html
313,地方工作文件,广西壮族自治区人民政府办公厅关于印发《广西低空经济高质量发展行动方案(2024—2026年)》的通知,广西壮族自治区人民政府,桂政办发〔2024〕52号,2024-09-29,现行有效,机关工作综合规定,库存-pkulaw全量,https://www.pkulaw.com/lar/be74bc03479bfd2a1d800e4e29b36626bdfb.html
314,地方工作文件,廊坊市发展和改革委员会关于印发《廊坊市低空经济赋能产业高质量发展行动方案(2024―2027年)》(试行)的通知,廊坊市发展和改革委员会,,2024-12-16,现行有效,航空运输,库存-pkulaw全量,https://www.pkulaw.com/lar/4e067afa304835ecaf272b975a924c7dbdfb.html
315,地方工作文件,建湖县人民政府关于同意高新区低空经济产业园东片区等2个片区控制性详细规划的批复,建湖县人民政府,建政复〔2024〕14号,2024-05-21,现行有效,城市规划与开发建设,库存-pkulaw全量,https://www.pkulaw.com/lar/80dc51b8171903370c5cd17398b551b1bdfb.html
316,地方工作文件,开平市人民政府办公室关于印发开平市低空经济产业发展规划的通知,开平市人民政府,开府办〔2024〕33号,2024-09-06,现行有效,宏观经济体制改革,库存-pkulaw全量,https://www.pkulaw.com/lar/d13eddee617257ef02b041e783346b25bdfb.html
317,地方工作文件,张家港市政府办公室关于印发张家港市低空经济高质量发展三年行动计划(2024—2026年)的通知,张家港市人民政府,张政办〔2024〕67号,2024-11-30,现行有效,计划综合规定 营商环境优化,库存-pkulaw全量,https://www.pkulaw.com/lar/acb385d9322c5fcd922078140896d396bdfb.html
318,地方工作文件,徐州市政府办公室关于印发徐州市加快推动低空经济高质量发展实施方案的通知,徐州市人民政府,徐政办发〔2024〕27号,2024-07-22,现行有效,机关工作综合规定,库存-pkulaw全量,https://www.pkulaw.com/lar/373be87687124229d4f4d07d0899f1f9bdfb.html
319,地方工作文件,德清县人民政府办公室关于印发德清县低空经济高质量发展行动方案(2024—2027年)的通知,德清县人民政府,德政办发〔2024〕58号,2024-12-18,现行有效,机关工作综合规定,库存-pkulaw全量,https://www.pkulaw.com/lar/77dcb7402a1420d344286ec0cec341a0bdfb.html
320,地方工作文件,恩施州人民政府办公室关于印发恩施州促进低空经济发展实施方案(2025—2027年)的通知,恩施土家族苗族自治州人民政府,恩施州政办发〔2025〕9号,2025-04-07,现行有效,机关工作综合规定,库存-pkulaw全量,https://www.pkulaw.com/lar/f0712fcc6536ba9032bb669538bc3c60bdfb.html
321,地方工作文件,惠东县人民政府办公室关于成立惠东县推动低空经济高质量发展工作专班的通知,惠东县人民政府,惠东府办函〔2024〕372号,2024-08-19,现行有效,水利综合规定,库存-pkulaw全量,https://www.pkulaw.com/lar/3932e5aa1f04f93ac5d1a86964c75e30bdfb.html
322,地方工作文件,惠州市人民政府办公室关于印发惠州市推动低空经济高质量发展行动方案(2024―2026年)的通知,惠州市人民政府,惠府办〔2024〕11号,2024-05-23,现行有效,计划综合规定,库存-pkulaw全量,https://www.pkulaw.com/lar/eb3f328190950f748b9d299bd3dc0510bdfb.html
323,地方工作文件,惠州市人民政府办公室关于成立惠州市推动低空经济高质量发展工作专班的通知,惠州市人民政府,惠府办函〔2024〕49号,2024-06-17,现行有效,质量综合规定,库存-pkulaw全量,https://www.pkulaw.com/lar/6f24cdf5fd75a4ada18aa062bad17852bdfb.html
324,地方规范性文件,成都市发展和改革委员会等7部门关于印发《成都市加快提升低空飞行能力培育低空经济市场的若干政策措施》的通知,成都市发展和改革委员会 中共成都市委军民融合发展委员会办公室 成都市地方金融监督管理局,成发改基础规〔2025〕167号,2025-07-16,现行有效,市场管理 航空运输 宏观经济体制改革 国家产业政策 宏观调控,库存-pkulaw全量,https://www.pkulaw.com/lar/dda89be2b5d5cf9755462826b2a1a8e2bdfb.html
325,地方工作文件,扬州市低空经济高质量发展工作专班关于明确扬州市低空经济高质量发展工作专班职责分工的通知,扬州市发展和改革委员会,,2024-11-25,现行有效,宏观调控 国家计划 国家产业政策 宏观经济体制改革 市场管理,库存-pkulaw全量,https://www.pkulaw.com/lar/209a79f929c5a49c00b845536d127c1dbdfb.html
326,地方工作文件,无锡市人民政府办公室关于印发无锡市低空经济高质量发展三年行动方案(2024—2026年)的通知,无锡市人民政府,锡政办发〔2024〕17号,2024-04-02,现行有效,宏观经济体制改革,库存-pkulaw全量,https://www.pkulaw.com/lar/64a9c0892b54f853d3c1b468bfc00b9abdfb.html
327,地方规范性文件,无锡市政府办公室关于印发无锡市支持低空经济高质量发展若干政策措施的通知,无锡市人民政府,锡政办规〔2024〕5号,2024-12-01,现行有效,个体经济综合规定,库存-pkulaw全量,https://www.pkulaw.com/lar/4c386357de85163df7bed93ee497c61dbdfb.html
328,地方工作文件,无锡市梁溪区政府关于印发梁溪区低空经济高质量发展三年行动计划(2024—2026年)的通知,无锡市梁溪区人民政府,梁政发〔2024〕68号,2024-11-19,现行有效,计划综合规定,库存-pkulaw全量,https://www.pkulaw.com/lar/fdfd23d2e2425f8608fbe6b547b94a39bdfb.html
329,地方工作文件,晋中市人民政府办公室关于印发晋中市支持低空经济发展若干措施的通知,晋中市人民政府,市政办发〔2024〕27号,2024-10-14,现行有效,交通运输综合规定,库存-pkulaw全量,https://www.pkulaw.com/lar/71da4c439b51abf0b2c1036f9d214677bdfb.html
330,地方工作文件,晋城市人民政府办公室关于成立晋城市低空经济和通用航空产业发展工作专班的通知,晋城市人民政府,晋市政办函〔2024〕32号,2024-11-20,现行有效,交通运输综合规定,库存-pkulaw全量,https://www.pkulaw.com/lar/ecc636426fb59d051cb35967172da1f8bdfb.html
331,地方工作文件,朝阳市人民政府办公室关于印发朝阳市低空经济高质量发展行动方案(2025—2027年)的通知,朝阳市人民政府,朝政办发〔2025〕3号,2025-02-16,现行有效,质量综合规定,库存-pkulaw全量,https://www.pkulaw.com/lar/0e5bad4ababeeafdb99de5af3d91c37dbdfb.html
332,待核实,杭州出台政策支持低空经济产业高质量发展,,,,现行有效,,库存-pkulaw全量,https://www.pkulaw.com/news/fc576a62c6818f4cbdfb.html
333,地方工作文件,杭州市临安区人民政府办公室关于印发《临安区低空经济高质量发展实施方案(2024—2027年)》的通知,杭州市临安区人民政府,临政办〔2025〕4号,2025-02-21,现行有效,机关工作综合规定 营商环境优化,库存-pkulaw全量,https://www.pkulaw.com/lar/c1adacb80fdebea9db94ad6b399f4e26bdfb.html
334,地方工作文件,杭州市临平区人民政府办公室关于印发《临平区低空经济高质量发展实施方案(2024—2027年)》的通知,杭州市临平区人民政府,临平政办〔2025〕9号,2025-04-12,现行有效,宏观经济体制改革,库存-pkulaw全量,https://www.pkulaw.com/lar/c8c36192193cffb6c8491c462e1ef278bdfb.html
335,地方工作文件,杭州市人民政府办公厅关于印发杭州市低空经济高质量发展实施方案(2024—2027年)的通知,杭州市人民政府,杭政办函〔2024〕35号,2024-07-28,现行有效,商贸物资综合规定,库存-pkulaw全量,https://www.pkulaw.com/lar/6e2ef516231e9dd32af6543a8ef362b5bdfb.html
336,地方工作文件,杭州市发改委关于《杭州市低空经济产业高质量发展路径研究》采购结果的公告,杭州市发展和改革委员会,,2024,现行有效,质量综合规定,库存-pkulaw全量,https://www.pkulaw.com/lar/f2ecd42fbd1df04f6fc7a482b5491dffbdfb.html
337,地方工作文件,杭州市富阳区人民政府办公室关于印发杭州市富阳区打造“山居飞廊”品牌推动低空经济高质量发展行动方案(2025—2027年)的通知,杭州市富阳区人民政府,,2025-12-20,现行有效,区域经济开发 国家计划 城市规划与开发建设 宏观经济体制改革 宏观调控 营商环境优化,库存-pkulaw全量,https://www.pkulaw.com/lar/ea1bef0e0fe0ca36ccbb2426691f2b48bdfb.html
338,地方工作文件,杭州市科学技术局、杭州市交通运输局关于组织申报低空经济省重大科技专项2026年度项目的通知,杭州市科学技术局 杭州市交通运输局(原杭州市交通管理局),,2025-06-23,现行有效,科学研究与科技项目 科技计划 科技进步与经费 国家计划,库存-pkulaw全量,https://www.pkulaw.com/lar/888bccca3fbdfd50d2dd1e487055285bbdfb.html
339,地方工作文件,杭州市财政局、杭州市交通运输局印发《杭州市支持低空经济高质量发展的若干措施》的通知,杭州市财政局 杭州市交通运输局(原杭州市交通管理局),杭财建〔2024〕7号,2024-10-08,现行有效,交通运输综合规定,库存-pkulaw全量,https://www.pkulaw.com/lar/6b790860bf3c358883c1c840efa9d2d6bdfb.html
340,地方工作文件,枣庄市人民政府办公室关于印发枣庄市低空经济高质量发展三年行动方案(2025—2027年)的通知,枣庄市人民政府,枣政办发〔2024〕8号,2024-12-16,现行有效,机关工作综合规定,库存-pkulaw全量,https://www.pkulaw.com/lar/5352a19f5fc6e460c26cfe9f6991f6babdfb.html
341,地方工作文件,桂林市人民政府办公室关于印发桂林市低空经济高质量发展实施方案(2025—2027年)的通知,桂林市人民政府,市政办〔2025〕8号,2025-05-03,现行有效,区域经济开发 国家产业政策 城市规划与开发建设 宏观经济体制改革 宏观调控,库存-pkulaw全量,https://www.pkulaw.com/lar/ae3b80502a62459e771cc32445e618d4bdfb.html
342,地方工作文件,桐乡市人民政府办公室关于印发桐乡市推动低空经济高质量发展实施方案(2024—2027年)的通知,桐乡市人民政府,桐政办发〔2024〕35号,2024-11-01,现行有效,机关工作综合规定,库存-pkulaw全量,https://www.pkulaw.com/lar/d0f1fe4656ae0da70f64b414c5777c7cbdfb.html
343,地方工作文件,武汉市人民政府关于印发武汉市支持低空经济高质量发展若干措施的通知,武汉市人民政府,武政规〔2024〕8号,2024-06-28,现行有效,经济技术开发区,库存-pkulaw全量,https://www.pkulaw.com/lar/20cff038c2db6191c0e6429ae78bb395bdfb.html
344,地方工作文件,汕头市发展和改革局关于发布《汕头市低空经济应用场景推广清单(2025年版)》的通知,汕头市发展和改革局,汕市发改函〔2025〕356号,2025-05-26,现行有效,区域经济开发 城市规划与开发建设 宏观经济体制改革 航空运输 法规规章制定与发布,库存-pkulaw全量,https://www.pkulaw.com/lar/3b75f1a59b71d54966f81a984589a162bdfb.html
345,地方工作文件,江宁区低空经济高质量发展行动方案(2024—2026年),南京市江宁区人民政府,,2024-12-30,现行有效,特区综合规定,库存-pkulaw全量,https://www.pkulaw.com/lar/69ebf05f791a24094cef2929536e5e94bdfb.html
346,待核实,江苏两部门数据共享服务低空经济高质量发展,,,,现行有效,,库存-pkulaw全量,https://www.pkulaw.com/news/ee54da1c12a8eccabdfb.html
347,地方工作文件,江苏省人力资源和社会保障厅关于举办2025年“低空经济创新发展与产业实践”高级研修班的通知,江苏省人力资源和社会保障厅,,2025-04-17,现行有效,机关工作综合规定,库存-pkulaw全量,https://www.pkulaw.com/lar/91f745345c1a926d1afa0df7b620de0fbdfb.html
348,地方工作文件,江苏省农业农村厅关于印发《关于促进农业农村领域低空经济发展的若干措施》的通知,江苏省农业农村厅,苏农机〔2026〕3号,2026-01-13,现行有效,农业科技与农机 村镇集镇建设,库存-pkulaw全量,https://www.pkulaw.com/lar/2cf24a87b18209383d0da7953e98933abdfb.html
349,地方工作文件,江西省人力资源和社会保障厅关于举办“低空经济发展与无人系统技术”高级研修班的通知,江西省人力资源和社会保障厅,,2025-09-11,现行有效,职业与职工教育 职工教育与考核 干部教育 人才流动 航空运输,库存-pkulaw全量,https://www.pkulaw.com/lar/2fa63c2fdf9cd07b9dabe443c3ce3f21bdfb.html
350,地方工作文件,江西省气象局关于征集低空经济气象服务典型案例的公告,江西省气象局,,2025-11-28,现行有效,气象台站 气象技术装备 天气预报 管理体制 气象人员,库存-pkulaw全量,https://www.pkulaw.com/lar/9cc6d0ea4fbb272ef9c5d6b0bf668476bdfb.html
351,地方工作文件,江门市人民政府关于印发江门市低空经济发展规划(2025―2030年)的通知,江门市人民政府,江府〔2025〕11号,2025-09-10,现行有效,国家计划 宏观调控 区域经济开发 城市规划与开发建设 宏观经济体制改革,库存-pkulaw全量,https://www.pkulaw.com/lar/714e6e9ddaeb8875edc91e36c88792e1bdfb.html
352,地方规范性文件,沈阳市工业和信息化局关于印发《沈阳市促进低空经济高质量发展若干政策措施》的通知,沈阳市工业和信息化局(原沈阳市经济和信息化委员会),沈工信发〔2024〕84号,2024-10-27,现行有效,财政综合规定,库存-pkulaw全量,https://www.pkulaw.com/lar/49295931868f7e3b6a945d8aa016480dbdfb.html
353,地方工作文件,沧州市人民政府办公室关于印发沧州市推动低空经济高质量发展若干措施的通知,沧州市人民政府,沧政办字〔2025〕1号,2025-01-19,现行有效,宏观经济体制改革,库存-pkulaw全量,https://www.pkulaw.com/lar/d8069d7abd743c752339e581d87783e5bdfb.html
354,地方工作文件,河北省发展和改革委员会关于公布河北省低空经济应用场景需求清单和产业供给能力清单的公告,河北省发展和改革委员会,,2026-05-22,现行有效,国家产业政策 宏观调控 资源综合利用 国家计划 行业计划,库存-pkulaw全量,https://www.pkulaw.com/lar/6acd2d0d3fe995ac0b7d3ab2d9cf24c0bdfb.html
355,地方工作文件,河北省科学技术厅、河北省发展和改革委员会、河北省交通运输厅关于征集低空经济创新应用场景的通知,河北省科学技术厅 河北省发展和改革委员会 河北省交通运输厅,冀科成市〔2024〕15号,2024-08-21,现行有效,宏观经济体制改革,库存-pkulaw全量,https://www.pkulaw.com/lar/256cf61a5ce17fa35686d3fef5e7e409bdfb.html
356,地方工作文件,河北省科学技术厅关于举办2024年河北省场景创新大赛(低空经济领域)的通知,河北省科学技术厅,冀科成市函〔2024〕29号,2024-08-22,现行有效,机关工作综合规定,库存-pkulaw全量,https://www.pkulaw.com/lar/c06409786800abe8f6cfe39deed8b58ebdfb.html
357,地方工作文件,河北省科学技术厅关于举办河北省低空经济创新应用场景发布会暨场景创新大赛(低空经济领域)颁奖仪式的通知,河北省科学技术厅,,2024-09-19,现行有效,机关工作综合规定,库存-pkulaw全量,https://www.pkulaw.com/lar/4e334e2ab396373fc6cd12aaf446e56bbdfb.html
358,地方工作文件,河北省科学技术厅关于发布2024年第二批创新应用场景清单(低空经济)的通知,河北省科学技术厅,冀科成市函〔2024〕35号,2024-09-30,现行有效,机关工作综合规定,库存-pkulaw全量,https://www.pkulaw.com/lar/dc9b093f33cf517501d915a2c18d0966bdfb.html
359,地方规范性文件,河北雄安新区党工委管委会党政办公室印发《关于支持低空经济产业发展的若干措施》的通知,河北雄安新区党工委管委会,雄安政办字〔2024〕26号,2024-08-01,现行有效,区域经济开发 国家产业政策 航空运输 城市规划与开发建设,库存-pkulaw全量,https://www.pkulaw.com/lar/ace54a7f316a20b58b08e6b8fc1996fcbdfb.html
360,地方工作文件,河南省人民政府办公厅关于印发促进全省低空经济高质量发展实施方案(2024—2027年)的通知,河南省人民政府,豫政办〔2024〕33号,2024-07-05,现行有效,区域经济开发,库存-pkulaw全量,https://www.pkulaw.com/lar/c05fcb954cddea767d0dc99ee3066157bdfb.html
361,地方工作文件,河池市人民政府办公室关于印发河池市低空经济高质量发展三年行动方案(2024—2026年)的通知,河池市人民政府,河政办发〔2025〕2号,2025-01-07,现行有效,宏观经济体制改革,库存-pkulaw全量,https://www.pkulaw.com/lar/4d23ff5b8250d16e225f4c45a76c68fdbdfb.html
362,地方工作文件,河池市金城江区人民政府办公室关于印发河池市金城江区低空经济高质量发展三年行动方案2024—2026年的通知,河池市金城江区人民政府,金政办发〔2025〕4号,2025-03-24,现行有效,区域经济开发,库存-pkulaw全量,https://www.pkulaw.com/lar/f04471cc7442ba612cc5880f1ce9503abdfb.html
363,地方工作文件,河源市人民政府办公室关于成立河源市推动低空经济高质量发展工作专班的通知,河源市人民政府,河府办函〔2025〕28号,2025-03-24,现行有效,机关工作综合规定,库存-pkulaw全量,https://www.pkulaw.com/lar/41cbf86cc997d2db89ac5518477311ffbdfb.html
364,地方工作文件,济南市人民政府办公厅关于印发济南市低空经济高质量发展实施方案的通知,济南市人民政府,济政办字〔2024〕31号,2024-10-25,现行有效,航空运输 国家产业政策 区域经济开发 城市规划与开发建设,库存-pkulaw全量,https://www.pkulaw.com/lar/a32ac87d21f1cf3ad9bfe2117a44a1cbbdfb.html
365,待核实,浙江低空经济从“尝鲜”走向“常用”,,,,现行有效,,库存-pkulaw全量,https://www.pkulaw.com/news/839511d39296fe82bdfb.html
366,地方工作文件,浙江省交通运输厅、浙江省科学技术厅关于组织申报低空经济重大科技专项2026年度项目的通知,浙江省交通运输厅 浙江省科学技术厅,浙交函〔2025〕61号,2025-06-11,现行有效,科学研究与科技项目 科技计划 国家计划 科技进步与经费,库存-pkulaw全量,https://www.pkulaw.com/lar/e50524d8788600b63bb84baa320e5e46bdfb.html
367,地方规范性文件,浙江省交通运输厅关于公布低空经济重大科技专项专家组名单及工作细则的通知,浙江省交通运输厅,,2025-11-03,现行有效,科学研究与科技项目 交通运输综合规定 科技人员 科技综合规定与体改 科技进步与经费,库存-pkulaw全量,https://www.pkulaw.com/lar/d231bbdbc0655be7bcb5dfe9b05047e7bdfb.html
368,地方工作文件,浙江省人民政府关于高水平建设民航强省打造低空经济发展高地的若干意见,浙江省人民政府,浙政发〔2024〕20号,2024-07-09,现行有效,区域经济开发,库存-pkulaw全量,https://www.pkulaw.com/lar/9b658d64898e14df37d41cfe19c89c96bdfb.html
369,地方工作文件,浙江省科学技术厅等5部门关于组织申报2027年度第一批省“尖兵”“领雁”科技计划项目(“文化 科技”、低空经济、深海智能装...,浙江省科学技术厅 中共浙江省委宣传部 浙江省交通运输厅 浙江省海洋经济发展厅 浙江省人民,,2026-07-10,现行有效,科技计划 科学研究与科技项目 国家计划 海洋资源 科技进步与经费,库存-pkulaw全量,https://www.pkulaw.com/lar/c2248f427316bfa279060fb9a76f83b3bdfb.html
370,地方工作文件,浙江省自然资源厅关于支持民航强省低空经济发展加强自然资源要素保障的通知,浙江省自然资源厅,浙自然资规〔2024〕12号,2024-11-11,现行有效,机关工作综合规定,库存-pkulaw全量,https://www.pkulaw.com/lar/bb417aebb1677442fccf249385419a7dbdfb.html
371,地方工作文件,海南省发展和改革委员会、中共海南省委军民融合发展委员会办公室、海南省交通运输厅、海南省工业和信息化厅、海南省国有资产...,海南省发展和改革委员会 中共海南省委军民融合发展委员会 海南省交通运输厅 海南省工业和信,琼发改基础〔2024〕921号,2024-09-03,现行有效,财政综合规定,库存-pkulaw全量,https://www.pkulaw.com/lar/f486c36eade662c42c3facb3319c6c15bdfb.html
372,地方工作文件,海口市低空经济发展三年行动计划(2024年―2026年),海口市发展和改革委员会,,2024,现行有效,计划综合规定,库存-pkulaw全量,https://www.pkulaw.com/lar/c8f18c0f431439684d75f71ba9b699babdfb.html
373,地方工作文件,海口市发展和改革委员会关于开展海口市低空经济发展规划研究项目的询价公告,海口市发展和改革委员会,,2024-08-02,现行有效,机关工作综合规定,库存-pkulaw全量,https://www.pkulaw.com/lar/54b942c7f9c632ea5b236c830ad969d4bdfb.html
374,地方工作文件,海宁市人民政府办公室关于印发《海宁市推动低空经济高质量发展实施方案(2024—2027年)》的通知,海宁市人民政府,海政办发〔2024〕66号,2024-11-06,现行有效,机关工作综合规定,库存-pkulaw全量,https://www.pkulaw.com/lar/baaff96901d840224fca5e7aefef95abbdfb.html
375,地方工作文件,海州区人民政府办公室关于印发《海州区低空经济高质量发展实施方案(2025―2027年)》的通知,连云港市海州区人民政府,,2025-05-06,现行有效,区域经济开发 城市规划与开发建设 国家产业政策 国家计划 宏观经济体制改革,库存-pkulaw全量,https://www.pkulaw.com/lar/8ba04f4f4f9e3fe90067fd80935bea19bdfb.html
376,地方工作文件,淮安市政府办公室关于印发淮安市加快推动低空经济高质量发展实施方案的通知,淮安市人民政府,淮政办发〔2025〕11号,2025-07-22,现行有效,区域经济开发 国家计划 宏观经济体制改革 宏观调控 城市规划与开发建设,库存-pkulaw全量,https://www.pkulaw.com/lar/e3f6305d73d31e4e72772dadf2ef1ecfbdfb.html
377,地方工作文件,深圳市交通运输局、深圳市工业和信息化局、深圳市发展改革委、深圳市科技创新委、深圳市财政局、深圳市国资委、深圳市地方金...,深圳市交通运输局 深圳市工业和信息化局 深圳市发展和改革委员会 深圳市科技创新委员会 深,深交〔2023〕534号,2023-12-08,现行有效,宏观经济体制改革,库存-pkulaw全量,https://www.pkulaw.com/lar/967bc994c7cc73f301e81b428af5ea60bdfb.html
378,地方工作文件,深圳市交通运输局关于开展2025年深圳市低空经济领域资助申报工作的通告,深圳市交通运输局,,2025-12-29,现行有效,航空运输 专项资金管理 铁路公路机场用地 城市规划与开发建设 区域经济开发,库存-pkulaw全量,https://www.pkulaw.com/lar/838092a8151ba1b0b1eeac60af473e10bdfb.html
379,地方规范性文件,深圳市光明区发展和改革局关于印发《深圳市光明区促进低空经济高质量发展若干措施》的通知,深圳市光明区发展和改革局,深光发改规〔2025〕2号,2026-01-09,现行有效,区域经济开发 高新技术产业开发区 科技综合规定与体改 宏观经济体制改革 城市规划与开发建,库存-pkulaw全量,https://www.pkulaw.com/lar/a49aa56a705065403530ad36fa313cc3bdfb.html
380,地方工作文件,深圳市光明区发展和改革局关于开展低空经济领域专业交流活动申报备案工作的通知,深圳市光明区发展和改革局,,2026-01-19,现行有效,区域经济开发 科技综合规定与体改 国家产业政策 科学研究与科技项目 宏观经济体制改革,库存-pkulaw全量,https://www.pkulaw.com/lar/1c58cab00d26cc785769516e1556a969bdfb.html
381,地方工作文件,深圳市发展和改革委员会关于深圳市低空经济产业发展“十五五”规划课题项目公开招标的公告,深圳市发展和改革委员会,,2025-12-05,现行有效,科学研究与科技项目 国家产业政策 区域经济开发 科技计划 城市规划与开发建设,库存-pkulaw全量,https://www.pkulaw.com/lar/5ce433d177f2420c0bb10000a961a00cbdfb.html
382,地方工作文件,深圳市大鹏新区综合办公室关于印发《深圳市大鹏新区关于促进低空经济产业高质量发展的若干措施》的通知,深圳市大鹏新区综合办公室,深鹏办规〔2025〕1号,2025-04-01,现行有效,国家产业政策,库存-pkulaw全量,https://www.pkulaw.com/lar/5d30b57b684a89dd868802140116998ebdfb.html
383,地方工作文件,深圳市工业和信息化局关于发布2024年战略性新兴产业扶持计划(工业母机、智能机器人、低空经济、精密仪器、海洋装备、轨道交...,深圳市工业和信息化局,,2023-11-09,现行有效,科技综合规定与体改,库存-pkulaw全量,https://www.pkulaw.com/lar/605a04e123a3f02df6317cfbd9ed2226bdfb.html
384,地方工作文件,深圳市工业和信息化局关于开展第二批先锋应用优秀案例和解决方案(低空经济领域)征集工作的通知,深圳市工业和信息化局,,2024-06-12,现行有效,机关工作综合规定,库存-pkulaw全量,https://www.pkulaw.com/lar/aaabaa86adc3f9cf90c675e696ff268ebdfb.html
385,地方工作文件,深圳市市场监督管理局、深圳市交通运输局关于发布《深圳市低空经济标准体系建设指南10》的通知,深圳市市场监督管理局 深圳市交通运输局,,2024-12-25,现行有效,标准化综合规定,库存-pkulaw全量,https://www.pkulaw.com/lar/d5b4ac7e3cc351239a542697c1ecc5e0bdfb.html
386,地方工作文件,深圳市市场监督管理局、深圳市交通运输局关于征集2024年度深圳市低空经济领域标准项目的通知,深圳市市场监督管理局 深圳市交通运输局,,2024-01-09,现行有效,标准化综合规定,库存-pkulaw全量,https://www.pkulaw.com/lar/adb2a99b2318fca1bf6a85a52a2dd975bdfb.html
387,地方工作文件,深圳市市场监督管理局、深圳市发展和改革委员会关于发布《深圳市低空经济标准体系2.0及标准化路线规划》的通知,深圳市市场监督管理局 深圳市发展和改革委员会,,2025-12-15,现行有效,海洋资源 计划综合规定 行业标准管理 国家标准管理 企业标准化管理,库存-pkulaw全量,https://www.pkulaw.com/lar/43edcec6aae9e0feded462a641aaf44bbdfb.html
388,地方工作文件,深圳市市场监督管理局关于发布《低空经济产业商业秘密保护工作指引》《生物医药产业商业秘密保护工作指引》的通告,深圳市市场监督管理局,深市监通告〔2025〕196号,2025-12-23,现行有效,知识产权综合规定 反不正当竞争 专利代理 市场管理 消费者权益保护,库存-pkulaw全量,https://www.pkulaw.com/lar/926a6f72a40487b67370f42d99c9aeacbdfb.html
389,地方工作文件,深圳市盐田区人民政府办公室印发盐田区关于促进低空经济产业创新发展的若干措施的通知,深圳市盐田区人民政府,,2024-05-06,现行有效,宏观经济体制改革,库存-pkulaw全量,https://www.pkulaw.com/lar/8abdbc6c6870548b2d04b2861a7c131abdfb.html
390,地方工作文件,深圳市龙华区促进低空经济产业高质量发展若干措施,深圳市龙华区人民政府,深龙华府办规〔2023〕6号,2023-10-15,现行有效,质量综合规定,库存-pkulaw全量,https://www.pkulaw.com/lar/a5becbd03803addfaa9dfdc079cf7ff0bdfb.html
391,地方规范性文件,深圳市龙岗区发展和改革局关于印发《深圳市龙岗区关于支持低空经济产业高质量发展的若干措施(修订)》的通知,深圳市龙岗区发展和改革局,深龙发改规〔2026〕1号,2026-04-01,现行有效,区域经济开发 国家产业政策 城市规划与开发建设 计划综合规定 经济技术开发区,库存-pkulaw全量,https://www.pkulaw.com/lar/de84347f113cfa83419b1fb116419180bdfb.html
392,地方规范性文件,深圳市龙岗区工业和信息化局关于印发《龙岗区关于促进低空经济产业发展的若干措施》的通知,深圳市龙岗区工业和信息化局,深龙工信规〔2023〕14号,2023-12-31,现行有效,国家产业政策 区域经济开发 经济技术开发区 计划综合规定 资源综合利用,库存-pkulaw全量,https://www.pkulaw.com/lar/55372e543e88c714702e3a42b3310997bdfb.html
393,行业规定,深圳证券交易所关于为常熟市吴越产业投资集团有限公司2025年面向专业投资者非公开发行科技创新公司债券(第一期)(低空经济)提...,深圳证券交易所,,2026-01-06,现行有效,证券交易所与业务管理 债券 非公开发行 公开发行 证券服务机构与业务管理,库存-pkulaw全量,https://www.pkulaw.com/chl/6b99821e534bb8eabdfb.html
394,行业规定,深圳证券交易所关于为广州凯得投资控股有限公司2025年面向专业投资者非公开发行科技创新可续期公司债券(第二期)(用于低空经济...,深圳证券交易所,,2025-12-25,现行有效,债券 证券交易所与业务管理 非公开发行 公开发行 证券信息公开,库存-pkulaw全量,https://www.pkulaw.com/chl/174d93e0efb58365bdfb.html
395,地方工作文件,清远市人民政府办公室关于印发《清远市低空经济高质量发展三年行动方案(2024―2026年)》的通知,清远市人民政府,清府办函〔2024〕94号,2024-10-25,现行有效,建设综合规定,库存-pkulaw全量,https://www.pkulaw.com/lar/b51f9dc06d49119f505c6d81c59cb582bdfb.html
396,地方工作文件,清远市人民政府办公室关于成立清远市低空经济高质量发展工作专班的通知,清远市人民政府,清府办函〔2024〕51号,2024-06-20,现行有效,质量综合规定,库存-pkulaw全量,https://www.pkulaw.com/lar/f2dce9e4ff6697ad5a5fa40e340228febdfb.html
397,地方工作文件,湖北省发改委关于公布湖北省第一批低空经济应用场景能力和需求清单的通知,湖北省发展和改革委员会,,2025-12-26,现行有效,区域经济开发,库存-pkulaw全量,https://www.pkulaw.com/lar/a380c744b968f0b27e253744f2c99cbfbdfb.html
398,地方工作文件,湖北省发改委关于印发湖北省加快低空经济高质量发展行动方案(2024—2027年)的通知,湖北省发展和改革委员会,鄂发改民航〔2024〕211号,2024-07-18,现行有效,计划综合规定,库存-pkulaw全量,https://www.pkulaw.com/lar/01d93b8c88065ebb5f88493edbc2dbffbdfb.html
399,地方规范性文件,湖南省人民政府办公厅印发《关于支持全省低空经济高质量发展的若干政策措施》的通知,湖南省人民政府,湘政办发〔2024〕20号,2024-07-01,现行有效,航空运输,库存-pkulaw全量,https://www.pkulaw.com/lar/d1400963aa8297b3a2c7c72b131344a2bdfb.html
400,地方工作文件,湛江市人民政府办公室关于印发湛江市推动低空经济高质量发展行动方案(2024―2026年)的通知,湛江市人民政府,,2024-09-22,现行有效,计划综合规定,库存-pkulaw全量,https://www.pkulaw.com/lar/ce0cde00da658a91f05b4b34d5e764a4bdfb.html
401,地方工作文件,湛江市人民政府办公室关于成立湛江市推动低空经济高质量发展工作专班的通知,湛江市人民政府,,2024-09-06,现行有效,机关工作综合规定,库存-pkulaw全量,https://www.pkulaw.com/lar/c242d53a6c210d8c1b121c26c471151abdfb.html
402,地方工作文件,潮州市人民政府办公室关于成立潮州市推动低空经济高质量发展工作专班的通知,潮州市人民政府,,2024-12-09,现行有效,机关工作综合规定,库存-pkulaw全量,https://www.pkulaw.com/lar/7a3cf970638ce1208baf8911d011753dbdfb.html
403,地方工作文件,玉林市人民政府办公室关于印发《玉林市低空经济高质量发展实施方案(2024—2026年)》的通知,玉林市人民政府,玉政办发〔2025〕2号,2025-01-25,现行有效,行业经济体制改革,库存-pkulaw全量,https://www.pkulaw.com/lar/b2554d6bb028438192bbf8c2a2203d79bdfb.html
404,地方工作文件,环江毛南族自治县人民政府办公室关于成立推动低空经济发展工作专班的通知,环江毛南族自治县人民政府,环政办发〔2026〕6号,2026-02-02,现行有效,民族自治区域 机构编制 少数民族财政经济 少数民族事务综合 计划综合规定 营商环境优化,库存-pkulaw全量,https://www.pkulaw.com/lar/3ba23eac846785748727ac2dd571db51bdfb.html
405,地方工作文件,珠海市人民政府关于印发支持低空经济高质量发展若干措施的通知,珠海市人民政府,珠府〔2024〕45号,2024-06-12,现行有效,经济技术开发区,库存-pkulaw全量,https://www.pkulaw.com/lar/4bb06e6f32724435046f238d9fac9100bdfb.html
406,地方工作文件,珠海市工业和信息化局关于开展2025年度珠海市促进实体经济高质量发展专项资金(低空经济产业发展项目)入库申报工作的通知,珠海市工业和信息化局,,2025-06-04,现行有效,专项资金管理 航空运输 国家产业政策 区域经济开发 科技进步与经费,库存-pkulaw全量,https://www.pkulaw.com/lar/28741111a78bc8a161da74d9b8b102cebdfb.html
407,地方工作文件,珠海市市场监督管理局、珠海市发展和改革局、中山市市场监督管理局、中山市发展和改革局、江门市市场监督管理局、江门市发展...,珠海市市场监督管理局 珠海市发展和改革局 中山市市场监督管理局 中山市发展和改革局 江门,,2026-03-18,现行有效,国家标准管理 机关工作综合规定 城市规划与开发建设 行业标准管理 区域经济开发,库存-pkulaw全量,https://www.pkulaw.com/lar/6651430aa91d00827a89e8728d7ee4f8bdfb.html
408,地方规范性文件,珠海市自然资源局关于印发《关于优化规划管理支持低空经济高质量发展的若干措施(试行)》的通知,珠海市自然资源局,珠自然资字〔2026〕135号,2026-04-08,现行有效,城市规划与开发建设 资源综合利用 区域经济开发 土地利用和治理 国家计划,库存-pkulaw全量,https://www.pkulaw.com/lar/bfe4c23b2ee09c73bc2e73fb0fb76dfcbdfb.html
409,地方工作文件,甘肃省发展和改革委员会关于征集甘肃省低空经济应用场景能力及需求清单的通知,甘肃省发展和改革委员会,,2026-01-04,现行有效,国家计划 宏观调控 经济统计 国家产业政策 城市规划与开发建设,库存-pkulaw全量,https://www.pkulaw.com/lar/680f41df367eeb748718a58a13f901f0bdfb.html
410,地方工作文件,甘肃省退役军人事务厅关于举办甘肃省低空经济领域退役军人创业创新和转型发展训练营的公告,甘肃省退役军人事务厅,,2025-12-11,现行有效,退伍军人安置 招工与就业 优抚制度 军队离退休干部 兵役制度,库存-pkulaw全量,https://www.pkulaw.com/lar/b2966e429424d2e42f3896e5a396ffddbdfb.html
411,地方工作文件,石家庄市人民政府办公室关于印发《石家庄市低空经济产业发展规划(2025―2030年)》的通知,石家庄市人民政府,石政办发〔2025〕13号,2025-07-27,现行有效,行政机关 公文处理 法规规章制定与发布,库存-pkulaw全量,https://www.pkulaw.com/lar/d8f5df36d6a5ced337cd8b14194569d3bdfb.html
412,地方工作文件,福州市科学技术局关于转发《福建省科学技术厅关于征集低空经济科技成果推介对接活动参会项目和技术需求的通知》的通知,福州市科学技术局,,2025-09-05,现行有效,科学研究与科技项目 科技计划 技术开发转让服务与咨询 科技进步与经费,库存-pkulaw全量,https://www.pkulaw.com/lar/add57636d31fb5a82d5486465b20bf04bdfb.html
413,地方规范性文件,绍兴市上虞区交通运输局、绍兴市上虞区财政局、绍兴市上虞区经济和信息化局、绍兴市上虞区教育体育局、绍兴市上虞区文化广电...,绍兴市上虞区交通运输局 绍兴市上虞区财政局 绍兴市上虞区经济和信息化局 绍兴市上虞区教育,,2025-11-27,现行有效,区域经济开发 交通运输综合规定 国家计划 国家产业政策 城市规划与开发建设,库存-pkulaw全量,https://www.pkulaw.com/lar/9f3d19583c705eb0a2bb61065f6b540bbdfb.html
414,地方工作文件,绍兴市人民政府关于推进低空经济高质量发展的实施意见,绍兴市人民政府,绍政发〔2024〕10号,2024-08-08,部分废止或失效,财政综合规定,库存-pkulaw全量,https://www.pkulaw.com/lar/4bd3748dc96283d9ffe566cb315aa6dabdfb.html
415,地方工作文件,绍兴市柯桥区人民政府关于推进低空经济高质量发展的实施意见,绍兴市柯桥区人民政府,绍柯政发〔2025〕2号,2025-05-12,现行有效,宏观经济体制改革,库存-pkulaw全量,https://www.pkulaw.com/lar/9e9c35a752e770b625cf3f190c0cc012bdfb.html
416,地方工作文件,绵阳市发展和改革委员会关于购买服务编制《绵阳市“十五五”低空经济发展探索研究》市场价格调查的公告,绵阳市发展和改革委员会,,2024-08-20,现行有效,宏观调控 市场管理 经济统计 工业品价格管理 政府采购,库存-pkulaw全量,https://www.pkulaw.com/lar/6d94304cb7b97b0afeaee7d76b1b5d03bdfb.html
417,地方工作文件,自贡市人民政府办公室关于印发《自贡市促进低空经济高质量发展行动方案(2024—2027年)》的通知,自贡市人民政府,自府办发〔2024〕37号,2024-07-17,现行有效,质量综合规定 营商环境优化,库存-pkulaw全量,https://www.pkulaw.com/lar/97267a1d3811a13cbf7888c1e297984bbdfb.html
418,地方工作文件,苏州市市场监督管理局关于印发《苏州市低空经济系统标准体系建设指南》的通知,苏州市市场监督管理局,,2024-11-19,现行有效,标准化综合规定,库存-pkulaw全量,https://www.pkulaw.com/lar/5f385fbce06870f550ff0d25a76490dbbdfb.html
419,地方工作文件,苏州市市场监督管理局关于组织申报2024年度苏州市地方标准项目(低空经济专项)的通知,苏州市市场监督管理局,苏市监管标函〔2024〕2号,2024-06-03,现行有效,标准化综合规定,库存-pkulaw全量,https://www.pkulaw.com/lar/d1e0e70febb082c1ae854c8bcf21643bbdfb.html
420,地方工作文件,苏州市政府办公室关于印发苏州市低空经济高质量发展实施方案(2024～2026年)的通知,苏州市人民政府,苏府办〔2024〕26号,2024-02-06,现行有效,区域经济开发,库存-pkulaw全量,https://www.pkulaw.com/lar/37d253f51d2efd8c03484c22ed13d1ccbdfb.html
421,地方工作文件,茂名市人民政府办公室关于印发《茂名市推动低空经济高质量发展实施方案(2024—2026年)》的通知,茂名市人民政府,茂府办〔2024〕20号,2024-09-07,现行有效,质量综合规定,库存-pkulaw全量,https://www.pkulaw.com/lar/4b3eebf352400101e898823e4071bc1abdfb.html
422,地方工作文件,茂名市人民政府办公室关于成立茂名市推动低空经济高质量发展工作专班的通知,茂名市人民政府,,2024-07-29,现行有效,质量综合规定,库存-pkulaw全量,https://www.pkulaw.com/lar/1c3b3100ac4e0ecbae85e34c9bfc8611bdfb.html
423,地方工作文件,荆门市人民政府办公室关于印发荆门市加快低空经济高质量发展行动方案(2024—2027年)的通知,荆门市人民政府,荆政办发〔2024〕31号,2024-10-23,现行有效,机关工作综合规定,库存-pkulaw全量,https://www.pkulaw.com/lar/649ad7caf6fed96bd5016e280aacd955bdfb.html
424,地方工作文件,荆门市人民政府办公室印发荆门市关于支持低空经济高质量发展若干措施的通知,荆门市人民政府,荆政办发〔2025〕7号,2025-03-02,已被修改,行业经济体制改革,库存-pkulaw全量,https://www.pkulaw.com/lar/7a07c8ecb0e4db26c054e7462f9420c7bdfb.html
425,地方工作文件,贵州省人民政府办公厅关于印发《贵州省低空经济高质量发展三年行动方案(2025—2027年)》的通知,贵州省人民政府,黔府办发〔2025〕13号,2025-08-06,现行有效,质量综合规定,库存-pkulaw全量,https://www.pkulaw.com/lar/4fd8f7fecc00a8b7aa345f2cc870e4c2bdfb.html
426,地方工作文件,贵阳市人民政府办公厅、贵安新区办公室关于印发贵阳贵安低空经济高质量发展实施方案(2025—2027年)的通知,贵阳市人民政府 贵安新区办公室,筑府办发〔2025〕7号,2025-09-29,现行有效,区域经济开发 计划综合规定 城市规划与开发建设 经济技术开发区 国家产业政策,库存-pkulaw全量,https://www.pkulaw.com/lar/498e5ada522b4c31fb9330d7c15d6885bdfb.html
427,地方工作文件,郁南县人民政府办公室关于成立郁南县推动低空经济高质量发展工作专班的通知,郁南县人民政府,郁府办函〔2025〕18号,2025-03-16,现行有效,水利综合规定,库存-pkulaw全量,https://www.pkulaw.com/lar/db0188f0a2310cb69d3166f549163b64bdfb.html
428,地方工作文件,郑州市人民政府办公室关于印发郑州市加快培育低空经济产业创新发展行动方案(2024—2026年)的通知,郑州市人民政府,郑政办〔2024〕38号,2024-07-26,现行有效,区域经济开发,库存-pkulaw全量,https://www.pkulaw.com/lar/81efdad95382b065564ca78a3ad95b84bdfb.html
429,地方规范性文件,郑州航空港经济综合实验区管理委员会关于印发郑州航空港经济综合实验区支持低空经济产业高质量发展若干措施的通知,郑州航空港经济综合实验区管理委员会,郑港〔2025〕14号,2025-04-30,现行有效,机关工作综合规定,库存-pkulaw全量,https://www.pkulaw.com/lar/1127bc8a4c48332d9e4a80cd3406b7e6bdfb.html
430,地方工作文件,郴州市人民政府办公室关于印发《郴州市低空经济高质量发展行动方案(2025―2027年)》的通知,郴州市人民政府,郴政办发〔2025〕18号,2025-07-23,现行有效,区域经济开发 国家产业政策 宏观经济体制改革 国家计划 宏观调控,库存-pkulaw全量,https://www.pkulaw.com/lar/b31243559989357d7124e0bf1b5adb12bdfb.html
431,地方工作文件,重庆市人民政府办公厅关于印发《重庆市推动低空空域管理改革促进低空经济高质量发展行动方案(2024—2027年)》的通知,重庆市人民政府,渝府办发〔2024〕74号,2024-09-21,现行有效,航空运输,库存-pkulaw全量,https://www.pkulaw.com/lar/efeb5efd044f11440aec76368cb360c4bdfb.html
432,地方规范性文件,重庆市人民政府办公厅关于印发《重庆市推动低空经济高质量发展若干政策措施》的通知,重庆市人民政府,渝府办发〔2025〕58号,2025-11-22,现行有效,国家产业政策 资源综合利用 国家计划 航空运输,库存-pkulaw全量,https://www.pkulaw.com/lar/e6d329994f29cd5171c3823450960a66bdfb.html
433,地方工作文件,重庆市发展和改革委员会关于发布重庆市2025年第一批低空经济应用场景机会清单和能力清单的公告,重庆市发展和改革委员会,,2025-06-06,现行有效,机关工作综合规定,库存-pkulaw全量,https://www.pkulaw.com/lar/fbdf1134829648e5b7a93be67aa02173bdfb.html
434,地方工作文件,重庆市发展和改革委员会关于比选《打造成渝地区低空经济新增长引擎研究》课题研究单位的公告,重庆市发展和改革委员会,,2024-09-30,现行有效,宏观经济体制改革,库存-pkulaw全量,https://www.pkulaw.com/lar/3a2091d2ad8f7bfd9334d2ccbc25700bbdfb.html
435,地方工作文件,重庆市经济和信息化委员会关于组织开展重庆市低空经济产业试点区县征集的通知,重庆市经济和信息化委员会,渝经信装备〔2024〕6号,2024-03-20,现行有效,机关工作综合规定,库存-pkulaw全量,https://www.pkulaw.com/lar/a5a4ae3671511d38736dc2cad63aa0fdbdfb.html
436,地方工作文件,金华市人民政府办公室关于印发《金华市推动低空经济高质量发展实施方案(2024—2027年)》的通知,金华市人民政府,金政办发〔2024〕44号,2024-12-15,现行有效,机关工作综合规定,库存-pkulaw全量,https://www.pkulaw.com/lar/b9ae44a1d309ead03eae688042cacd2bbdfb.html
437,地方工作文件,镇江经济技术开发区党政办公室关于印发《镇江经开区低空经济高质量发展三年实施方案(2024—2026年)》的通知,镇江经济技术开发区党政办公室,镇经开办发〔2024〕32号,2024-11-22,现行有效,经济技术开发区,库存-pkulaw全量,https://www.pkulaw.com/lar/c47d5bdcc8f0d3ab0d17a7467ec7ac11bdfb.html
438,地方规范性文件,长春净月高新技术产业开发区管理委员会关于印发《长春净月高新区促进低空经济产业高质量发展的若干措施(试行)》的通知,长春净月高新技术产业开发区管理委员会,长净管规字〔2024〕3号,2024-06-01,现行有效,高新技术产业开发区 经济技术开发区 国家产业政策 区域经济开发 土地利用和治理,库存-pkulaw全量,https://www.pkulaw.com/lar/1446e3c7d4af631decb7178762879ab7bdfb.html
439,地方工作文件,长沙市发展和改革委员会关于印发《长沙市推动低空经济高质量发展实施方案(2024—2026年)》的通知,长沙市发展和改革委员会,长发改基础〔2024〕41号,2024-06-11,现行有效,宏观经济体制改革,库存-pkulaw全量,https://www.pkulaw.com/lar/1737d79dea62905aaed9474f8e2c6423bdfb.html
440,地方工作文件,长治市人民政府办公室关于印发长治市加快推进低空经济和通用航空业高质量发展工作方案的通知,长治市人民政府,长政办发〔2024〕14号,2024-06-04,现行有效,航空运输,库存-pkulaw全量,https://www.pkulaw.com/lar/be7864a6bd0dcc5040fc443bc808ad42bdfb.html
441,地方工作文件,阳江市人民政府办公室关于成立阳江市推动低空经济高质量发展工作专班的通知,阳江市人民政府,阳府办函〔2025〕2号,2025-01-08,现行有效,质量综合规定,库存-pkulaw全量,https://www.pkulaw.com/lar/7d4bd13a52c181935d800aacd9ece988bdfb.html
442,地方工作文件,陕西省发展和改革委员会关于征集低空经济应用场景供给和需求清单的通知,陕西省发展和改革委员会,,2026-06-05,现行有效,国家计划 资源综合利用 国家产业政策 宏观调控 航空运输,库存-pkulaw全量,https://www.pkulaw.com/lar/cd37e9d0b14a62abb6fc89321a429d74bdfb.html
443,地方工作文件,陕西省发展和改革委员会关于确定陕西省低空经济布局优化与突破发展思路研究课题承担单位的公告,陕西省发展和改革委员会,,2026-05-13,现行有效,科学研究与科技项目 国家计划 宏观调控 区域经济开发 宏观经济体制改革,库存-pkulaw全量,https://www.pkulaw.com/lar/c79ed2dc609942fe48da8a626c4b1c51bdfb.html
444,地方规范性文件,青岛市人民政府办公厅关于印发青岛市促进低空经济高质量发展实施方案的通知,青岛市人民政府,青政办字〔2024〕35号,2024-10-08,现行有效,经济技术开发区,库存-pkulaw全量,https://www.pkulaw.com/lar/f7ed55c8dfc2485266137d10872b0fa8bdfb.html
445,地方工作文件,鞍山市科学技术局对市政协十五届四次会议《关于我市发展低空经济的建议》第071号提案的答复,鞍山市科学技术局,,2025-06-27,现行有效,职业与职工教育 教育改革 高等教育 国家产业政策 航空运输,库存-pkulaw全量,https://www.pkulaw.com/lar/4e290de8b06bea53a813b9d3e49c10e9bdfb.html
446,地方工作文件,鞍山市科学技术局对市政协十五届四次会议《发展鞍山市低空经济产业建设的提案》第199号提案的答复,鞍山市科学技术局,,2025-06-27,现行有效,职业与职工教育 教育改革 国家产业政策 高等教育 国家计划,库存-pkulaw全量,https://www.pkulaw.com/lar/89d3422c504b2422abbfbca23e7b95a8bdfb.html
447,地方工作文件,黄冈市人民政府办公室关于印发《黄冈市加快低空经济高质量发展实施方案(2025—2027年)》的通知,黄冈市人民政府,黄政办发〔2025〕9号,2025-06-23,现行有效,国家产业政策 区域经济开发 宏观经济体制改革 航空运输 国家计划,库存-pkulaw全量,https://www.pkulaw.com/lar/a4bb9beff04dca94b78de34be108a108bdfb.html
448,地方工作文件,黑龙江省发展和改革委员会、黑龙江省交通运输厅、黑龙江省工业和信息化厅、黑龙江省科学技术厅、黑龙江省财政厅关于印发《黑...,黑龙江省发展和改革委员会 黑龙江省交通运输厅 黑龙江省工业和信息化厅 黑龙江省科学技术,黑发改交通规〔2024〕1号,2024-08-01,现行有效,机械工业,库存-pkulaw全量,https://www.pkulaw.com/lar/b728b2553846ed2533e800ed61941cc4bdfb.html
449,地方工作文件,龙华区低空经济试验区2024年度建设方案,深圳市龙华区人民政府,深龙华府办函〔2024〕3号,2024,现行有效,建设综合规定,库存-pkulaw全量,https://www.pkulaw.com/lar/97b062d935c5b54f673ff9060b3e359ebdfb.html
450,地方工作文件,上海市交通委员会关于2026世界人工智能大会暨人工智能全球治理高级别会议期间无人驾驶航空器临时管制空域范围的通告,上海市交通委员会,沪交空〔2026〕314号,2026-07-13,现行有效,航空运输 交通安全管理,库存-pkulaw全量,https://www.pkulaw.com/lar/201edafbd182b1530f78e261d63d4e5cbdfb.html
451,地方工作文件,上海市人民政府关于公布微型轻型小型无人驾驶航空器适飞空域范围的通告,上海市人民政府,沪府发〔2025〕14号,2025-12-24,现行有效,航空运输 机械工业管理 互联网 科技综合规定与体改 铁路公路机场用地,库存-pkulaw全量,https://www.pkulaw.com/lar/dacbdcf218cf668098a504dc405f5ccbbdfb.html
452,地方工作文件,上海市农业农村委员会关于做好2026年农机购置与应用补贴“优机优补”和农用(植保)无人驾驶航空器产品投档工作的通知,上海市农业农村委员会,沪农委〔2026〕195号,2026-07-13,现行有效,农业科技与农机 农业资金 农业管理 专项资金管理 化肥农药农膜柴油,库存-pkulaw全量,https://www.pkulaw.com/lar/2ba36aebd1be5824e89d947ef96acabfbdfb.html
453,地方工作文件,上海市农业农村委员会关于做好上海市农用无人驾驶航空器购置与应用补贴投档工作的通知,上海市农业农村委员会,沪农委〔2025〕5号,2025-01-10,现行有效,农业管理,库存-pkulaw全量,https://www.pkulaw.com/lar/c38e2e8f0915fe9ff997ba621d8bbc4fbdfb.html
454,地方工作文件,上海市农业农村委员会关于做好本市2024—2025年度农用无人驾驶航空器购置补贴工作的通知,上海市农业农村委员会,沪农委〔2024〕450号,2024-12-18,现行有效,农业管理,库存-pkulaw全量,https://www.pkulaw.com/lar/97ebbd197ffa6e1116b2100e1abaed85bdfb.html
455,地方规范性文件,上海市机电产品进出口办公室关于申请小型无人驾驶航空器自动进口许可有关问题的通知,上海市机电产品进出口办公室,,2015-07-01,现行有效,航空运输,库存-pkulaw全量,https://www.pkulaw.com/lar/57ec769c8a8ec279b275f4002a99b684bdfb.html
456,地方工作文件,中共大连市委军民融合发展委员会办公室关于公布微型、轻型、小型无人驾驶航空器适飞空域范围的公告,中共大连市委员会,,2026-05-22,现行有效,航空运输 国防事务 铁路公路机场用地 互联网 科技综合规定与体改,库存-pkulaw全量,https://www.pkulaw.com/lar/a908f7bbe46e6bf7f85b808c04437e6bbdfb.html
457,部门规范性文件,中国民用航空局关于印发《持续完善民用无人驾驶航空器适航审定管理政策稳步推进项目审定实践工作方案》的通知,中国民用航空局,民航发〔2022〕24号,2022-04-14,现行有效,航空运输,库存-pkulaw全量,https://www.pkulaw.com/chl/564827ca3c0f01c2bdfb.html
458,部门工作文件,中国民用航空局关于发布民用无人驾驶航空器飞行动态数据报送要求的公告,中国民用航空局,,2024-11-15,现行有效,交通运输综合规定,库存-pkulaw全量,https://www.pkulaw.com/chl/6d443005681707b1bdfb.html
459,部门规范性文件,中国民用航空局关于民用无人驾驶航空器系统网络式运行识别有关事项的公告,中国民用航空局,中国民用航空局公告2026年第5号,2026-03-04,现行有效,航空运输 机械工业管理 互联网 电子工业管理 科技情报档案保密,库存-pkulaw全量,https://www.pkulaw.com/chl/39aede7305dde221bdfb.html
460,部门工作文件,中国民用航空局关于民用无人驾驶航空器系统驾驶员资质管理有关问题的通知,中国民用航空局,民航发〔2015〕34号,2015-04-30,废止或失效,航空运输,库存-pkulaw全量,https://www.pkulaw.com/chl/222021cb5b2977e8bdfb.html
461,部门工作文件,中国民用航空局关于民用无人驾驶航空器运营合格证有关事宜的通告,中国民用航空局,民航通告〔2023〕1号,2023-12-06,现行有效,航空运输,库存-pkulaw全量,https://www.pkulaw.com/chl/389e6b2ace2e1e84bdfb.html
462,部门工作文件,中国民用航空局空管委办公室开展无人驾驶航空器专项整治情况暨加强管理工作的问卷调查,中国民用航空局,,2017-08-24,现行有效,航空运输,库存-pkulaw全量,https://www.pkulaw.com/chl/1bf399f8441d42fbbdfb.html
463,部门工作文件,中型民用无人驾驶航空器系统适航标准及符合性指导材料(试行),中国民用航空局,民航适函〔2024〕52号,2024-07-23,现行有效,航空运输 行业标准管理 法规规章制定与发布 铁路公路机场用地,库存-pkulaw全量,https://www.pkulaw.com/chl/8e8a0e7440eaf2bfbdfb.html
464,地方工作文件,云南省公安厅关于举行《云南省民用无人驾驶航空器公共安全管理办法(草案)》立法听证会的公告,云南省公安厅,,2026-05-01,现行有效,交通安全管理,库存-pkulaw全量,https://www.pkulaw.com/lar/44c69bfa2da36b2d309a322800c767cbbdfb.html
465,地方工作文件,云南省农业农村厅、云南省财政厅关于印发《云南省农用植保无人驾驶航空器购置与应用补贴实施方案》的通知,云南省农业农村厅 云南省财政厅,云农机〔2025〕1号,2025-01-26,现行有效,农业科技与农机,库存-pkulaw全量,https://www.pkulaw.com/lar/74f6a3ab2a5df0fc930bdd95d347eff5bdfb.html
466,地方工作文件,云南省科技厅关于组织开展2022年度“双随机、一公开”执法检查工作的通知(云南警官学院无人驾驶航空器展览馆),云南省科学技术厅,,2022-08-30,现行有效,机关工作综合规定 营商环境优化,库存-pkulaw全量,https://www.pkulaw.com/lar/89032c30a46ed15e835db5db3ec582c2bdfb.html
467,部门规范性文件,亿航EH216―S型无人驾驶航空器系统专用条件,中国民用航空局,,2022-02-09,现行有效,航空运输,库存-pkulaw全量,https://www.pkulaw.com/chl/12ede82bb8d2e3c6bdfb.html
468,地方工作文件,关于印发《金湖县2021―2023年植保无人驾驶航空器购机补贴补充方案》的通知,金湖县人民政府,金农建〔2025〕39号,2025-07-21,现行有效,农业资金 专项资金管理 农业管理 化肥农药农膜柴油 农业多种经营,库存-pkulaw全量,https://www.pkulaw.com/lar/6f7a193ded3dea0363a407bbd7dc19fdbdfb.html
469,地方工作文件,内蒙古自治区交通运输厅关于公布内蒙古自治区微型、轻型、小型无人驾驶航空器适飞空域范围的公告,内蒙古自治区交通运输厅,,2026-05-18,现行有效,航空运输 铁路公路机场用地 机关工作综合规定 互联网 标准化综合规定,库存-pkulaw全量,https://www.pkulaw.com/lar/e40837776ba7304a8705a38de778a55cbdfb.html
470,部门工作文件,农业农村部农业机械化总站关于延期举办植保无人驾驶航空器及绿色植保装备技术培训班的通知,农业农村部,农机化总站(加)函〔2021〕52号,2021-10-29,现行有效,机关工作综合规定,库存-pkulaw全量,https://www.pkulaw.com/chl/69b1a6886f9cf1bcbdfb.html
471,地方工作文件,北京市人民政府关于公布无人驾驶航空器管制空域范围的通告,北京市人民政府,京政发〔2025〕20号,2025-08-03,现行有效,航空运输 铁路公路机场用地 无线电,库存-pkulaw全量,https://www.pkulaw.com/lar/2d1b9c9590e338f6416ebda8dab3ee7dbdfb.html
472,地方工作文件,北京市经济和信息化局关于印发《无人驾驶航空器核心部件名录(试行)》的通知,北京市经济和信息化局,,2026-03-27,现行有效,航空运输 国家产业政策 机械工业管理 互联网 科学研究与科技项目,库存-pkulaw全量,https://www.pkulaw.com/lar/e52089965bdad80b19840650fed556abbdfb.html
473,地方工作文件,北京海关公告2026年第2号——北京海关关于规范无人驾驶航空器申报事宜的公告,北京海关,北京海关公告2026年第2号,2026-04-01,现行有效,航空运输 进出境货物监管 进出境运输工具监管 互联网 进出口商品检验,库存-pkulaw全量,https://www.pkulaw.com/lar/2f180e9d939c4ba0d7c43a8e5048b16cbdfb.html
474,地方工作文件,南宁市工业和信息化局转发自治区工业和信息化厅关于推进民用无人驾驶航空器设置唯一产品识别码以及备案工作的通知,南宁市工业和信息化局,,2024-09-25,现行有效,机关工作综合规定,库存-pkulaw全量,https://www.pkulaw.com/lar/7ade7be368035ffeb494caae0498dc4ebdfb.html
475,地方工作文件,南平市人民政府关于加强2026年福建省足球联赛南平赛区赛事期间无人驾驶航空器飞行活动安全管理的通告,南平市人民政府,南政综〔2026〕36号,2026-04-30,现行有效,航空运输 体育综合规定 科技综合规定与体改 互联网 机械工业管理,库存-pkulaw全量,https://www.pkulaw.com/lar/807ab653c2cfcde4a76da435e01ac621bdfb.html
476,地方工作文件,厦门市公安局、中国民用航空厦门安全监督管理局、厦门市气象局关于进一步加强无人机等民用无人驾驶航空器安全管理的通告,厦门市公安局 中国民用航空厦门安全监督管理局 厦门市气象局,厦公综〔2022〕228号,2022-09-20,现行有效,航空运输,库存-pkulaw全量,https://www.pkulaw.com/lar/b6cd7a119eb07ba2f95e987cfd372fd3bdfb.html
477,地方规范性文件,合肥市经济和信息化委员会关于开展合肥市无人驾驶航空器生产制造企业及产品有关情况调查摸底工作的通知,合肥市经济和信息化委员会,合经信装备〔2017〕328号,2017-08-11,现行有效,机关工作综合规定,库存-pkulaw全量,https://www.pkulaw.com/lar/481670efc6c58eb652ad027ab4b09b26bdfb.html
478,地方工作文件,嘉兴市人民政府关于对无人驾驶航空器及空飘物实施临时性管理措施的通告,嘉兴市人民政府,嘉政发〔2024〕18号,2024-09-13,现行有效,交通运输综合规定,库存-pkulaw全量,https://www.pkulaw.com/lar/4083ba6adb9eaa3b4eca61b3d7b7eaedbdfb.html
479,地方工作文件,嘉兴市人民政府关于对无人驾驶航空器和空飘物采取临时性管理措施的通告(2022),嘉兴市人民政府,嘉政发〔2022〕17号,2022-09-09,现行有效,航空运输,库存-pkulaw全量,https://www.pkulaw.com/lar/b5221572829424efc8a7dabf16e19764bdfb.html
480,地方工作文件,四川省2024年农机购置与应用补贴植保无人驾驶航空器投档产品现场演示评价结果公告,四川省农业机械鉴定站,,2024-09-27,现行有效,农业管理,库存-pkulaw全量,https://www.pkulaw.com/lar/33b7c737068b7f79b1cd8c8254cd3c45bdfb.html
481,地方工作文件,四川省农业农村厅关于实施植保无人驾驶航空器农机购置与应用补贴的通知,四川省农业农村厅,川农发〔2025〕7 号,2025-03-10,现行有效,机关工作综合规定,库存-pkulaw全量,https://www.pkulaw.com/lar/8b3e9a6ccf64430e9204ace2443f4577bdfb.html
482,地方工作文件,四川省农业机械鉴定站关于开展四川省2022年农机购置与应用补贴植保无人驾驶航空器产品现场演示评价的通知,四川省农业机械鉴定站,,2022-12-13,现行有效,农业科技与农机,库存-pkulaw全量,https://www.pkulaw.com/lar/2a91b86e91204c5a8250ff59b1032e63bdfb.html
483,地方工作文件,四川省农业机械鉴定站关于开展四川省2022年植保无人驾驶航空器产品自主投档有关事项的通知,四川省农业机械鉴定站,,2022-10-23,现行有效,农业科技与农机,库存-pkulaw全量,https://www.pkulaw.com/lar/39dec2039dcdf51a02f8adcf0ff3c65cbdfb.html
484,地方工作文件,四川省农业机械鉴定站关于开展四川省2024年农机购置与应用补贴植保无人驾驶航空器产品现场演示评价的通知,四川省农业机械鉴定站,,2024-09-12,现行有效,农业管理,库存-pkulaw全量,https://www.pkulaw.com/lar/8c2ceb522b0cf3589ca84000403cc5ebbdfb.html
485,部门规范性文件,国家体育总局办公厅、中国教科文卫体工会全国委员会、中华全国体育总会秘书处关于印发2017年全国体育行业职业技能大赛无人驾...,国家体育总局 中国教科文卫体工会全国委员会 中华全国体育总会,体群字〔2017〕172号,2017-09-18,现行有效,体育综合规定,库存-pkulaw全量,https://www.pkulaw.com/chl/241ecf8a55c0c5a0bdfb.html
486,部门规范性文件,国家机电产品进出口办公室关于小型无人驾驶航空器自动进口许可签发有关问题的通知,国家机电产品进出口办公室,机电办机进〔2015〕47号,2015-07-14,现行有效,技术与设备进出口,库存-pkulaw全量,https://www.pkulaw.com/chl/d7afcaacdc6271d3bdfb.html
487,部门工作文件,国家标准化管理委员会、工业和信息化部、自然资源部、农业农村部、国家能源局、中国民用航空局关于印发《无人驾驶航空器系统...,国家标准化管理委员会 工业和信息化部 自然资源部 农业农村部 国家能源局 中国民,国标委联〔2021〕24号,2021-09-13,现行有效,标准化综合规定,库存-pkulaw全量,https://www.pkulaw.com/chl/f57bd51515c9b3aabdfb.html
488,部门工作文件,国家标准化管理委员会关于提前实施《民用无人驾驶航空器系统安全要求》国家标准主要条款的通知,国家标准化管理委员会,,2023-11-30,现行有效,国家标准管理,库存-pkulaw全量,https://www.pkulaw.com/chl/797732a10bcdc4f8bdfb.html
489,部门工作文件,国家标准委办公室等关于印发《无人驾驶航空器系统标准体系建设指南(2017―2018年版)》的通知,国家标准化管理委员会 科学技术部 工业和信息化部 公安部 农业部(已撤销) 国家体,,2017-05-22,现行有效,标准化综合规定,库存-pkulaw全量,https://www.pkulaw.com/chl/14480da053deb777bdfb.html
490,部门工作文件,城市场景物流电动多旋翼无人驾驶航空器(轻小型)系统技术要求,中国民用航空局,,2022-04-01,现行有效,航空运输 行业标准管理 国家标准管理,库存-pkulaw全量,https://www.pkulaw.com/chl/fe6ae660d5083075bdfb.html
491,部门工作文件,城市场景轻小型无人驾驶航空器物流航线划设规范,中国民用航空局,,2022-08-01,现行有效,航空运输 行业标准管理 铁路公路机场用地 法规规章制定与发布 建设综合规定,库存-pkulaw全量,https://www.pkulaw.com/chl/fb694872e5a127e6bdfb.html
492,部门工作文件,基于区块链的民用无人驾驶航空器飞行数据存证技术要求,中国民用航空局,,2024-02-01,现行有效,航空运输 行业标准管理 行业自律 国家标准管理 铁路公路机场用地,库存-pkulaw全量,https://www.pkulaw.com/chl/62ba6d8f504d7c92bdfb.html
493,部门工作文件,大型民用无人驾驶航空器系统操控员训练要求,中国民用航空局,,2026-05-01,现行有效,航空运输 职业与职工教育 竞赛制度 职工教育与考核,库存-pkulaw全量,https://www.pkulaw.com/chl/78e4c411d2806de9bdfb.html
494,地方工作文件,大理白族自治州人民政府关于公布大理州无人驾驶航空器适飞空域范围的通告,大理白族自治州人民政府,大政发〔2026〕2号,2026-02-09,现行有效,航空运输 民族自治区域 科技综合规定与体改 互联网 机械工业管理,库存-pkulaw全量,https://www.pkulaw.com/lar/5df43a75bd15a0bdaf6d9c7d3c23a480bdfb.html
495,地方工作文件,天津市农业农村委、天津市财政局关于印发《天津市农用无人驾驶航空器购置与应用补贴工作方案》的通知,天津市农业农村委员会 天津市财政局,津农委计财〔2025〕7号,2025-02-12,现行有效,农业管理,库存-pkulaw全量,https://www.pkulaw.com/lar/ce386b4a6b2a0e7db8473f1a5cec2d1ebdfb.html
496,地方工作文件,宁夏回族自治区交通运输厅关于公布微型、轻型、小型无人驾驶航空器适飞空域的通告,宁夏回族自治区交通运输厅,,2026,现行有效,航空运输 互联网 铁路公路机场用地 机械工业管理 科技综合规定与体改,库存-pkulaw全量,https://www.pkulaw.com/lar/47b398aa0a2efe538bf270d00a7d1ff5bdfb.html
497,地方工作文件,宁波市人民政府关于对无人驾驶航空器实施临时管控的通告,宁波市人民政府,甬政告〔2024〕2 号,2024-10-10,现行有效,交通运输综合规定,库存-pkulaw全量,https://www.pkulaw.com/lar/4a09cbadd01fc0ae95eea35cc88e49dfbdfb.html
498,地方工作文件,安徽省农业农村厅、安徽省财政厅关于印发安徽省农用无人驾驶航空器购置与应用补贴实施方案的通知,安徽省农业农村厅 安徽省财政厅,,2025-02-20,现行有效,商贸物资综合规定,库存-pkulaw全量,https://www.pkulaw.com/lar/38d4ecb764330ddc97186feb905cbbd0bdfb.html
499,地方工作文件,安徽省农业农村厅、安徽省财政厅关于继续开展植保无人驾驶航空器规范应用试点工作的通知,安徽省农业农村厅 安徽省财政厅,皖农机函〔2022〕399号,2022-04-21,现行有效,农业管理 农业科技与农机,库存-pkulaw全量,https://www.pkulaw.com/lar/8cd5cec4e7e10decc0bf4368c3a23eaebdfb.html
500,地方工作文件,安徽省经济和信息化委员会转发工业和信息化部办公厅关于开展民用无人驾驶航空器生产企业和产品信息填报工作的通知,安徽省经济和信息化委员会,皖经信装备函[2017]814号,2017-06-01,现行有效,航空运输,库存-pkulaw全量,https://www.pkulaw.com/lar/bcb91ae5aba898c0e5bc5e288d97d64abdfb.html
501,地方工作文件,宜宾市人民政府关于对无人驾驶航空器实施临时管控的通告,宜宾市人民政府,宜府通〔2026〕1号,2026-01-07,现行有效,治安管理 航空运输 特种行业和危险品管理 机械工业管理 互联网,库存-pkulaw全量,https://www.pkulaw.com/lar/24773461c6d4a63f160fe51f966f4a5ebdfb.html
502,地方工作文件,宝鸡市人民政府关于公布微型、轻型、小型无人驾驶航空器适飞空域范围的通告,宝鸡市人民政府,,2026-07-05,现行有效,航空运输 机械工业管理 互联网 科技综合规定与体改 能源综合规定,库存-pkulaw全量,https://www.pkulaw.com/lar/72a936d66fe78b47ff07103885b258a7bdfb.html
503,地方工作文件,宣城市人民政府关于临时增加无人驾驶航空器管制空域的通告,宣城市人民政府,,2024-06-05,现行有效,航空运输 交通安全管理 国防事务 互联网 科技综合规定与体改,库存-pkulaw全量,https://www.pkulaw.com/lar/2bbf7757381190985992fa57ec1a1d1ebdfb.html
504,地方工作文件,山东省农业农村厅关于印发《山东省农用无人驾驶航空器购置与应用补贴实施方案》的通知,山东省农业农村厅,鲁农函字〔2024〕295号,2024-12-31,现行有效,机关工作综合规定,库存-pkulaw全量,https://www.pkulaw.com/lar/7e7e24291563d3a9c872a03a7a99447fbdfb.html
505,地方工作文件,山西省农业农村厅、山西省财政厅关于印发《农用无人驾驶航空器购置补贴方案》的通知,山西省农业农村厅 山西省财政厅,晋农发〔2025〕25号,2025-03-17,现行有效,农业科技与农机,库存-pkulaw全量,https://www.pkulaw.com/lar/1667a78c0183ab52d3f25a58db8437ccbdfb.html
506,部门工作文件,工业和信息化部关于无人驾驶航空器系统频率使用事宜的通知,工业和信息化部,,2015-03-10,现行有效,电子工业管理,库存-pkulaw全量,https://www.pkulaw.com/chl/0c7b1119b3dc758abdfb.html
507,部门工作文件,工业和信息化部办公厅关于开展民用无人驾驶航空器生产企业和产品信息填报工作的通知,工业和信息化部,工信厅装函〔2017〕314号,2017-05-22,现行有效,航空运输,库存-pkulaw全量,https://www.pkulaw.com/chl/361062ca14ff6926bdfb.html
508,部门工作文件,市场监管总局关于对微型、轻型、小型民用无人驾驶航空器实施召回管理的公告,国家市场监督管理总局,国家市场监督管理总局公告2023年第49号,2023-11-27,现行有效,计量综合规定,库存-pkulaw全量,https://www.pkulaw.com/chl/f7e78e0a2398c647bdfb.html
509,地方工作文件,常州市经信委关于开展民用无人驾驶航空器生产企业和产品信息填报工作的通知,常州市经济和信息化委员会,常经信装备〔2017〕154号,2017-05-26,现行有效,企业综合规定,库存-pkulaw全量,https://www.pkulaw.com/lar/cfe495f293bbd841ac3cadfc9a93e4e5bdfb.html
510,地方工作文件,广安市人民政府关于2025广安马拉松赛期间对民用无人驾驶航空器飞行管控的通告,广安市人民政府,,2025-11-05,现行有效,航空运输 治安管理 交通安全管理 特种行业和危险品管理 消防管理,库存-pkulaw全量,https://www.pkulaw.com/lar/35bb20a62341ca29453de23415b33d75bdfb.html
511,地方工作文件,广安市人民政府关于春节期间对民用无人驾驶航空器飞行管控的通告,广安市人民政府,,2025-01-22,现行有效,航空运输 治安管理 特种行业和危险品管理 交通安全管理,库存-pkulaw全量,https://www.pkulaw.com/lar/1185e5a30bedf878f27288e6cbe669e4bdfb.html
512,地方工作文件,广西壮族自治区交通运输厅关于公布广西壮族自治区无人驾驶航空器新版适飞空域范围的公告,广西壮族自治区交通运输厅,,2026-05-12,现行有效,航空运输 互联网 科技综合规定与体改 机械工业管理 铁路公路机场用地,库存-pkulaw全量,https://www.pkulaw.com/lar/f7d6e095fd3542172b5bda2d2f7965c1bdfb.html
513,地方规范性文件,广西壮族自治区交通运输厅关于公布广西壮族自治区无人驾驶航空器适飞空域范围的公告,广西壮族自治区交通运输厅,,2025-12-02,现行有效,航空运输 互联网 机械工业管理 法规规章制定与发布 标准化综合规定,库存-pkulaw全量,https://www.pkulaw.com/lar/72f50e48ad0fbaed7d6e737ee506df12bdfb.html
514,地方工作文件,广西壮族自治区农业农村厅、广西壮族自治区自治区财政厅关于印发广西农用无人驾驶航空器购置与应用补贴实施方案的通知,广西壮族自治区农业农村厅 广西壮族自治区财政厅,桂农厅规〔2025〕9号,2025-08-20,现行有效,农业科技与农机 农业管理 农业资金 专项资金管理,库存-pkulaw全量,https://www.pkulaw.com/lar/ed6a932f83b60be2676053c0cda44d4abdfb.html
515,地方工作文件,广西壮族自治区农业机械化服务中心关于发布广西2025年度第四批自主投档的农用无人驾驶航空器和揉丝机现场演示评价情况的通告,广西壮族自治区农业机械化服务中心,,2026-01-12,现行有效,农业科技与农机 农业管理 机械设备产品与质量 农业资金 化肥农药农膜柴油,库存-pkulaw全量,https://www.pkulaw.com/lar/0d67566c03582a8d51aa1c804ea54b7cbdfb.html
516,地方工作文件,广西壮族自治区农业机械化服务中心关于发布广西2026年度第一批自主投档的农用无人驾驶航空器现场演示评价情况的通告,广西壮族自治区农业机械化服务中心,,2026-05-22,现行有效,农业科技与农机 农业管理 农业资金 机械设备产品与质量 化肥农药农膜柴油,库存-pkulaw全量,https://www.pkulaw.com/lar/f9ca1ebe8bbb4bf0960e24f0dbe92e0ebdfb.html
517,地方工作文件,广西壮族自治区农业机械化服务中心关于开展2025年度第四批自主投档的农用无人驾驶航空器和揉丝机现场演示评价的通知,广西壮族自治区农业机械化服务中心,,2025-12-23,现行有效,农业科技与农机 农业管理 农业资金 专项资金管理 机械设备产品与质量,库存-pkulaw全量,https://www.pkulaw.com/lar/dcd0dc92b3f363d58c76a6a1238a2390bdfb.html
518,地方工作文件,广西壮族自治区农业机械化服务中心关于开展2026年度第一批自主投档的农用无人驾驶航空器现场演示评价的通知,广西壮族自治区农业机械化服务中心,,2026-04-23,现行有效,农业科技与农机 农业管理 农业资金 化肥农药农膜柴油 机械设备产品与质量,库存-pkulaw全量,https://www.pkulaw.com/lar/41bae181cf3459a5b074fffb7efc8457bdfb.html
519,地方工作文件,张家界市人民政府办公室关于成立张家界市无人驾驶航空器及其他升空物体管理工作联席会议的通知,张家界市人民政府,张政办函〔2017〕130号,2017-10-23,现行有效,干部与工作人员,库存-pkulaw全量,https://www.pkulaw.com/lar/0a3ba237a9a51be054aba0d12f25caecbdfb.html
520,地方工作文件,德阳市人民政府办公室关于建立德阳市民用无人驾驶航空器安全管理联席会议制度的通知,德阳市人民政府,德办函〔2017〕84号,2017-12-21,现行有效,会议差旅,库存-pkulaw全量,https://www.pkulaw.com/lar/c4210e551838748deb32413c8288b55ebdfb.html
521,地方工作文件,怒江州人民政府办公室关于全面加强无人驾驶航空器管理工作的通知,怒江傈僳族自治州人民政府,怒府办电〔2017〕14号,2017-07-18,现行有效,航空运输,库存-pkulaw全量,https://www.pkulaw.com/lar/4669060510ed0e0e98b7f4c760cd1ed0bdfb.html
522,地方工作文件,成都市经济和信息化委员会关于开展民用无人驾驶航空器生产企业和产品信息填报工作的通知,成都市经济和信息化委员会,,2017-05-27,现行有效,交通运输综合规定,库存-pkulaw全量,https://www.pkulaw.com/lar/98712ebd436d1ee196af7e321771af98bdfb.html
523,地方规范性文件,扬州市农业农村局办公室关于进一步加强农用无人驾驶航空器安全生产工作的通知,扬州市农业农村局,扬农办〔2025〕11号,2025-03-31,现行有效,农业管理 农业科技与农机 交通安全管理 航空运输 劳动安全与劳动保护,库存-pkulaw全量,https://www.pkulaw.com/lar/73385bb8783d9427c8a626ccc98a487bbdfb.html
524,地方工作文件,扬州市发展和改革委员会、扬州市公安局、扬州市农业农村局、国网江苏省电力有限公司扬州供电分公司关于规范电力设施周边农用...,扬州市发展和改革委员会 扬州市公安局 扬州市农业农村局 国网江苏省电力有限公司扬州供电分,扬发改能源发〔2026〕79号,2026-06-08,现行有效,电力设施 电力工业管理 能源综合规定 交通安全管理 电线电网,库存-pkulaw全量,https://www.pkulaw.com/lar/f7ad439644c3978bd651b66c0fdc2604bdfb.html
525,地方工作文件,抚顺市人民政府关于加强无人驾驶航空器管理工作的通知,抚顺市人民政府,,2017-08-21,现行有效,交通运输综合规定,库存-pkulaw全量,https://www.pkulaw.com/lar/bc9746c0f1e006867f30c2657828a7e5bdfb.html
526,地方工作文件,拉萨市人民政府关于公布拉萨贡嘎国际机场无人驾驶航空器管制空域的通告,拉萨市人民政府,,2026-04-04,现行有效,航空运输 铁路公路机场用地 国防事务 交通安全管理 城市规划与开发建设,库存-pkulaw全量,https://www.pkulaw.com/lar/af91e05ab54ea963bdfbb3326c29814dbdfb.html
527,地方工作文件,揭阳市经济和信息化局转发广东省经济和信息化委办公室关于开展民用无人驾驶航空器生产企业和产品信息填报工作的通知,揭阳市经济和信息化局,,2017-05-31,现行有效,航空运输,库存-pkulaw全量,https://www.pkulaw.com/lar/4f7bb26a318de6957235d7a0d0ef58e1bdfb.html
528,地方工作文件,文山州人民政府关于明确文山普者黑机场无人驾驶航空器禁飞区域的通告,文山壮族苗族自治州人民政府,文政发〔2017〕42号,2017-05-12,现行有效,航空运输,库存-pkulaw全量,https://www.pkulaw.com/lar/f6c0c78eb05a9313dd14b585a8bd3e63bdfb.html
529,地方工作文件,文山州人民政府办公室关于成立文山州全面加强无人驾驶航空器管理工作领导小组的通知,文山壮族苗族自治州人民政府,文政办发〔2017〕94号,2017-05-12,现行有效,航空运输,库存-pkulaw全量,https://www.pkulaw.com/lar/7ff33c3974f9845c854f3a3e04a21c81bdfb.html
530,部门工作文件,无人驾驶航空器系统作业飞行技术规范,中国民用航空局,,2018-11-01,现行有效,航空运输 行业标准管理,库存-pkulaw全量,https://www.pkulaw.com/chl/c7c422cea6d21dd7bdfb.html
531,地方工作文件,昆明市人民政府关于公布微型、轻型、小型无人驾驶航空器适飞空域范围的通告,昆明市人民政府,昆政发〔2026〕1号,2026-02-05,现行有效,航空运输 互联网 机械工业管理 科技综合规定与体改 能源综合规定,库存-pkulaw全量,https://www.pkulaw.com/lar/b97404145122748a74789fe66e179b11bdfb.html
532,地方工作文件,昆明市人民政府关于更新公布市域微型、轻型、小型无人驾驶航空器适飞空域范围的通告,昆明市人民政府,昆政发〔2026〕10号,2026-06-15,现行有效,航空运输 科技综合规定与体改 互联网 铁路公路机场用地 能源综合规定,库存-pkulaw全量,https://www.pkulaw.com/lar/bb973bb2c5cbed3d006e1c229cbd1c00bdfb.html
533,地方工作文件,昆明市全面加强无人驾驶航空器管理工作领导小组办公室关于上合昆明国际马拉松赛期间加强“低慢小”航空器管理工作的通告,昆明市全面加强无人驾驶航空器管理工作领导小组,,2019-11-27,现行有效,人事管理,库存-pkulaw全量,https://www.pkulaw.com/lar/a95671bc4e1de3fa2e5bf3774839ffc3bdfb.html
534,地方工作文件,昆明市全面加强无人驾驶航空器管理工作领导小组办公室关于加强“低慢小”航空器管理工作的通告,昆明市全面加强无人驾驶航空器管理工作领导小组,,2018-11-06,现行有效,人事管理,库存-pkulaw全量,https://www.pkulaw.com/lar/09df24db326355cee9cc94fbec505377bdfb.html
535,地方工作文件,昆明市全面加强无人驾驶航空器管理工作领导小组办公室关于焰火表演活动期间加强“低慢小”航空器管理工作的通告,昆明市全面加强无人驾驶航空器管理工作领导小组,,2019-09-26,现行有效,人事管理,库存-pkulaw全量,https://www.pkulaw.com/lar/1f7726e5501b58f165f4341d543de29ebdfb.html
536,地方工作文件,昆明市全面加强无人驾驶航空器管理工作领导小组办公室关于龙舟赛期间加强“低慢小”航空器管理工作的通告,昆明市全面加强无人驾驶航空器管理工作领导小组,,2019-10-29,现行有效,人事管理,库存-pkulaw全量,https://www.pkulaw.com/lar/c337f484797279663539d88ad68047d8bdfb.html
537,地方工作文件,杭州市人民政府关于加强2025—2026跨年夜期间无人驾驶航空器临时管控工作的通告,杭州市人民政府,,2025-12-26,现行有效,航空运输 机械工业管理 互联网 科技综合规定与体改 电子工业管理,库存-pkulaw全量,https://www.pkulaw.com/lar/9020b2db87ba7f44161ec822ef4e0051bdfb.html
538,地方工作文件,杭州市人民政府关于加强重要活动期间无人驾驶航空器临时管控工作的通告,杭州市人民政府,,2026-01-11,现行有效,航空运输 交通安全管理 机械工业管理 互联网 治安管理,库存-pkulaw全量,https://www.pkulaw.com/lar/a058258dc98d6564219b234850ce909fbdfb.html
539,地方工作文件,横琴粤澳深度合作区公安局关于加强横琴粤澳深度合作区民用无人驾驶航空器登记备案和安全管理的通告,横琴粤澳深度合作区公安局,,2026-02-27,现行有效,航空运输 开放口岸建设 区域经济开发 铁路公路机场用地 公安综合规定,库存-pkulaw全量,https://www.pkulaw.com/lar/98009528bc5f49a787728174f84549febdfb.html
540,部门工作文件,正常类多旋翼无人驾驶航空器系统(不载人)适航标准,中国民用航空局,,2026-04-03,现行有效,航空运输 行业标准管理 机械工业管理 法规规章制定与发布 企业标准化管理,库存-pkulaw全量,https://www.pkulaw.com/chl/de7d95322ad3e8b1bdfb.html
541,部门规范性文件,民用微轻小型无人驾驶航空器系统运行识别概念(暂行),中国民用航空局,,2022-03-11,现行有效,航空运输,库存-pkulaw全量,https://www.pkulaw.com/chl/7849fdc63b2488b9bdfb.html
542,部门规范性文件,民用微轻小型无人驾驶航空器运行识别最低性能要求(试行),中国民用航空局,民航规〔2024〕9号,2024-01-16,现行有效,航空运输,库存-pkulaw全量,https://www.pkulaw.com/chl/e32adf7cc7822113bdfb.html
543,部门规范性文件,民用无人驾驶航空器分布式操作试运行等级管理规程(暂行),中国民用航空局,,2022,现行有效,航空运输 铁路公路机场用地 法规规章制定与发布 行业标准管理 建设综合规定,库存-pkulaw全量,https://www.pkulaw.com/chl/dfc5cce8b896448ebdfb.html
544,部门工作文件,民用无人驾驶航空器固定设施设备巡检标准场景,中国民用航空局,,2024-04-16,现行有效,航空运输 行业标准管理 法规规章制定与发布 铁路公路机场用地,库存-pkulaw全量,https://www.pkulaw.com/chl/cd5a1f49ad4bb63fbdfb.html
545,部门工作文件,民用无人驾驶航空器实名登记数据交换接口规范,中国民用航空局,,2023-04-01,现行有效,航空运输 登记管理 行业标准管理 铁路公路机场用地 法规规章制定与发布,库存-pkulaw全量,https://www.pkulaw.com/chl/cb937d4f0787ea17bdfb.html
546,部门工作文件,民用无人驾驶航空器空域信息数字化技术要求第1部分：编码及使用,中国民用航空局,,2026-02-01,现行有效,航空运输 行业标准管理 机械工业管理 互联网 法规规章制定与发布,库存-pkulaw全量,https://www.pkulaw.com/chl/082d86aec4d7262dbdfb.html
547,部门工作文件,民用无人驾驶航空器系统分布式操控员能力要求与评估,中国民用航空局,,2026-05-01,现行有效,航空运输 互联网 电子工业管理 科技综合规定与体改,库存-pkulaw全量,https://www.pkulaw.com/chl/da9c3edf2a5cd9dabdfb.html
548,部门工作文件,民用无人驾驶航空器系统物流运行通用要求第1部分：海岛场景,中国民用航空局,,2023-11-01,现行有效,航空运输 行业标准管理 法规规章制定与发布 铁路公路机场用地,库存-pkulaw全量,https://www.pkulaw.com/chl/1778a018cb598eb1bdfb.html
549,部门工作文件,民用无人驾驶航空器系统适航安全评定指南,中国民用航空局,民航适函〔2024〕5号,2024-02-05,现行有效,航空运输 法规规章制定与发布 铁路公路机场用地 行业标准管理 交通安全管理,库存-pkulaw全量,https://www.pkulaw.com/chl/fad343f24478305cbdfb.html
550,部门工作文件,民用无人驾驶航空器系统适航审定分级分类和系统安全性分析指南,中国民用航空局,民航适发〔2022〕18号,2022-12-21,现行有效,航空运输 法规规章制定与发布 行业标准管理 核安全管理 质量综合规定,库存-pkulaw全量,https://www.pkulaw.com/chl/beb5314cb1e4699fbdfb.html
551,部门工作文件,民用无人驾驶航空器系统适航审定管理程序,中国民用航空局,民航规〔2022〕64号,2022-12-19,现行有效,航空运输 法规规章制定与发布 行业标准管理 铁路公路机场用地 建设综合规定,库存-pkulaw全量,https://www.pkulaw.com/chl/09e71c785caed184bdfb.html
552,部门工作文件,民用无人驾驶航空器航行服务系统数据安全技术要求,中国民用航空局,,2026-02-01,现行有效,航空运输 网络安全管理 机械工业管理 特种行业和危险品管理 国家安全工作,库存-pkulaw全量,https://www.pkulaw.com/chl/5c4a541e9b00dbffbdfb.html
553,部门规范性文件,民用无人驾驶航空器降落伞系统规范,中国民用航空局,,2026-02-01,现行有效,航空运输 行业标准管理 国家标准管理 通信 文化综合规定,库存-pkulaw全量,https://www.pkulaw.com/chl/49035757c747d6d0bdfb.html
554,部门规范性文件,民用航空器国籍登记和民用无人驾驶航空器实名登记管理程序,中国民用航空局,民航规〔2026〕16号,2026-06-25,现行有效,航空运输 登记管理 土地权属与登记统计 铁路公路机场用地 国籍,库存-pkulaw全量,https://www.pkulaw.com/chl/ed1cd62e4fe672e8bdfb.html
555,部门工作文件,民用轻小型无人驾驶航空器物流配送试运行审定指南,中国民用航空局,,2022-08-29,现行有效,航空运输 职业与职工教育 法规规章制定与发布 政府采购,库存-pkulaw全量,https://www.pkulaw.com/chl/5da2a3e2cf1a6e3dbdfb.html
556,部门规范性文件,民航局关于印发《民用无人驾驶航空器国籍登记管理程序》的通知,中国民用航空局,民航规〔2023〕3号,2023-01-20,废止或失效,航空运输 登记管理 土地权属与登记统计 国籍 法规规章制定与发布,库存-pkulaw全量,https://www.pkulaw.com/chl/a1686a5a21de4a91bdfb.html
557,地方工作文件,江苏省农业农村厅、江苏省财政厅关于印发《江苏省农用无人驾驶航空器购置补贴实施方案》的通知,江苏省农业农村厅 江苏省财政厅,苏农机〔2025〕1号,2025-02-21,现行有效,农业管理,库存-pkulaw全量,https://www.pkulaw.com/lar/5ffd7bb3f0f8d9bd02e8b8f9719dbe34bdfb.html
558,地方工作文件,江苏省农业农村厅、江苏省财政厅关于继续实施引导植保无人驾驶航空器规范应用试点工作的通知,江苏省农业农村厅 江苏省财政厅,苏农机〔2021〕28号,2021-12-29,现行有效,农业管理,库存-pkulaw全量,https://www.pkulaw.com/lar/4092f638ebf278e9ab7c306d6111c6abbdfb.html
559,地方工作文件,河北省交通运输厅关于公布优化后微型、轻型、小型无人驾驶航空器适飞空域范围的通告,河北省交通运输厅,,2026-06-16,现行有效,航空运输 互联网 科技综合规定与体改 铁路公路机场用地 标准化综合规定,库存-pkulaw全量,https://www.pkulaw.com/lar/82d562eb9d8d52893cc7ae92fd6a6961bdfb.html
560,地方工作文件,河南省发展和改革委员会关于公布微型、轻型、小型无人驾驶航空器适飞空域范围的通告,河南省发展和改革委员会,,2026-05-15,现行有效,航空运输 机械工业管理 科技综合规定与体改 互联网 电子工业管理,库存-pkulaw全量,https://www.pkulaw.com/lar/1c8dc0b3c6cdeaa5b3161c9a40b3dfdebdfb.html
561,地方工作文件,洛阳市人民政府关于临时增加无人驾驶航空器管制空域的通告(2025),洛阳市人民政府,洛政通〔2025〕11号,2025-01-26,现行有效,机关工作综合规定,库存-pkulaw全量,https://www.pkulaw.com/lar/e940b7cf6dc7376b0ca96e88a2f730c7bdfb.html
562,地方工作文件,洛阳市人民政府关于临时增加无人驾驶航空器管制空域的通告,洛阳市人民政府,洛政通〔2026〕6号,2026-06-08,现行有效,航空运输 治安管理 互联网 违法处理 交通安全管理,库存-pkulaw全量,https://www.pkulaw.com/lar/dfea5c817d8ea8c56eaafeae11c7240abdfb.html
563,地方工作文件,洛阳市人民政府关于临时增加无人驾驶航空器管制空域的通告(洛政通〔2024〕31号),洛阳市人民政府,洛政通〔2024〕31号,2024-04-19,现行有效,交通运输综合规定,库存-pkulaw全量,https://www.pkulaw.com/lar/4cad67414ef87ca72a433d04bd01111abdfb.html
564,地方工作文件,洛阳市人民政府关于临时增加无人驾驶航空器管制空域的通告(洛政通〔2024〕38号),洛阳市人民政府,洛政通〔2024〕38号,2024-05-30,现行有效,交通运输综合规定,库存-pkulaw全量,https://www.pkulaw.com/lar/6e528906372be953734b6ab5539555e0bdfb.html
565,地方工作文件,洛阳市人民政府关于临时增加无人驾驶航空器管制空域的通告(洛政通〔2025〕13号),洛阳市人民政府,洛政通〔2025〕13号,2025-05-23,现行有效,交通运输综合规定,库存-pkulaw全量,https://www.pkulaw.com/lar/386775e3972ae3044ee1bdaa138de08bbdfb.html
566,地方工作文件,洛阳市人民政府关于孟津区临时增加无人驾驶航空器管制空域的通告,洛阳市人民政府,洛政通〔2024〕18号,2024-02-20,现行有效,机关工作综合规定,库存-pkulaw全量,https://www.pkulaw.com/lar/75e3a13b169c8d5aa0d00826dab65bfbbdfb.html
567,地方工作文件,洛阳市人民政府关于栾川县临时增加无人驾驶航空器管制空域的通告,洛阳市人民政府,洛政通〔2024〕19号,2024-02-22,现行有效,机关工作综合规定,库存-pkulaw全量,https://www.pkulaw.com/lar/806a0c2d037dd6596bda1e1d1e24330abdfb.html
568,地方工作文件,洛阳市人民政府关于汝阳县临时增加无人驾驶航空器管制空域的通告,洛阳市人民政府,洛政通〔2024〕20号,2024-02-22,现行有效,机关工作综合规定,库存-pkulaw全量,https://www.pkulaw.com/lar/60131dd9597d5750246554a0a39d37d8bdfb.html
569,地方规范性文件,洛阳市工业和信息化局关于开展民用无人驾驶航空器生产企业和产品信息填报工作的通知,洛阳市工业和信息化局,,2017-05-31,现行有效,企业综合规定,库存-pkulaw全量,https://www.pkulaw.com/lar/1f3f70b1debf7219d008d8e7365f1725bdfb.html
570,地方工作文件,济南市人民政府关于在泉城广场及周边区域对无人驾驶航空器飞行活动实施临时管制的通告,济南市人民政府,,2025-12-29,现行有效,交通安全管理 航空运输 互联网 治安管理 机械工业管理,库存-pkulaw全量,https://www.pkulaw.com/lar/ec62726291f7e3db71a4c89e71d287f3bdfb.html
571,地方工作文件,济宁市人民政府关于对无人驾驶航空器飞行活动实施临时管制的通告,济宁市人民政府,通告〔2025〕3号,2025-04-01,现行有效,航空运输,库存-pkulaw全量,https://www.pkulaw.com/lar/c3f8d4461d5c81bf6743128278b83bc6bdfb.html
572,地方工作文件,浙江省公安厅关于明确无人驾驶航空器具体范围的通知,浙江省公安厅,,2019-12-02,现行有效,航空运输,库存-pkulaw全量,https://www.pkulaw.com/lar/094b297c399abd35b659488e1574a488bdfb.html
573,地方工作文件,淮南市人民政府关于2026年高考、中考期间增加无人驾驶航空器临时管制空域的通告,淮南市人民政府,淮府秘〔2026〕39号,2026-05-27,现行有效,航空运输 科技综合规定与体改 机关工作综合规定 交通安全管理 互联网,库存-pkulaw全量,https://www.pkulaw.com/lar/7cb969c0a5d76d26bd058329a5e2e376bdfb.html
574,地方工作文件,淮南市人民政府关于“2025淮南马拉松”活动期间增加无人驾驶航空器临时管制空域的通告,淮南市人民政府,淮府秘〔2025〕123号,2025-11-18,现行有效,航空运输 科技综合规定与体改 机关工作综合规定 能源综合规定 互联网,库存-pkulaw全量,https://www.pkulaw.com/lar/32fded6eb65a4ad31a6bef2389b83c70bdfb.html
575,地方工作文件,淮南市人民政府关于临时增加无人驾驶航空器管制空域的通告,淮南市人民政府,淮府秘〔2025〕122号,2025-11-12,现行有效,航空运输 行政处罚与行政复议 互联网 能源综合规定 治安管理,库存-pkulaw全量,https://www.pkulaw.com/lar/33a2e712ea133102b78361c7acf62584bdfb.html
576,地方工作文件,淮南市公安局关于开展无人驾驶航空器实名登记与管理服务登记的通告,淮南市公安局,,2024-10-31,现行有效,交通运输综合规定,库存-pkulaw全量,https://www.pkulaw.com/lar/da46bff76f3987179806831e5005465bbdfb.html
577,地方工作文件,清远市人民政府关于2025年粤港澳(清远·清城)龙舟争霸赛暨清远市第八届运动会龙舟赛赛事期间无人驾驶航空器安全管控的公告,清远市人民政府,清远市人民政府公告清府〔2025〕31号,2025-06-26,现行有效,航空运输 交通安全管理 法规规章制定与发布 建设综合规定,库存-pkulaw全量,https://www.pkulaw.com/lar/ad5a372693b203271d888d9c4a6862debdfb.html
578,地方工作文件,温州市人民政府关于设置无人驾驶航空器临时禁飞区域的通告,温州市人民政府,通告〔2020〕3号,2020-10-18,废止或失效,机关工作综合规定,库存-pkulaw全量,https://www.pkulaw.com/lar/21e2b549412467a9fe306cd2768b6d8dbdfb.html
579,地方工作文件,温州市人民政府关于设置无人驾驶航空器禁飞区域的通告,温州市人民政府,通告[2021]2号,2021-11-09,现行有效,航空运输,库存-pkulaw全量,https://www.pkulaw.com/lar/ce85afba2ce5064ba48106536b8090e0bdfb.html
580,地方工作文件,湖北省人民政府办公厅关于印发湖北省无人驾驶航空器专项整治联防联控工作实施方案的通知,湖北省人民政府,鄂政办函〔2017〕78号,2017-10-30,现行有效,航空运输,库存-pkulaw全量,https://www.pkulaw.com/lar/dad77c9c30f076b355827894d10fff04bdfb.html
581,地方工作文件,湖北省农业农村厅关于印发湖北省2024―2026年农业无人驾驶航空器购置补贴实施方案的通知,湖北省农业农村厅,鄂农发〔2024〕59号,2024-12-25,现行有效,农业科技与农机,库存-pkulaw全量,https://www.pkulaw.com/lar/13073058db7dccfb9fa68ae3f627bd8ebdfb.html
582,地方工作文件,湖北省农业农村厅关于调整农用(植保)无人驾驶航空器等机具补贴额一览表的通告,湖北省农业农村厅,鄂农通告〔2026〕5号,2026-03-06,现行有效,农业科技与农机 农业资金 农业管理 化肥农药农膜柴油 专项资金管理,库存-pkulaw全量,https://www.pkulaw.com/lar/c3ceb18cf158ef07f7a026b8de766988bdfb.html
583,地方工作文件,湖北省发改委关于公布微型、轻型、小型无人驾驶航空器适飞空域范围的公告,湖北省发展和改革委员会,,2026-05-12,现行有效,航空运输 科技综合规定与体改 标准化综合规定 能源综合规定 铁路公路机场用地,库存-pkulaw全量,https://www.pkulaw.com/lar/ae5212d2a3587923842da388e077c23abdfb.html
584,地方工作文件,湛江市公安局关于2019年湛江湾燃放烟花活动期间禁止使用“低慢小”无人驾驶航空器的通告,湛江市公安局,,2019-09-25,现行有效,机关工作综合规定,库存-pkulaw全量,https://www.pkulaw.com/lar/28227bd30c64414bff105bcb854844b8bdfb.html
585,地方工作文件,漳州市人民政府关于加强2026年福建省文旅经济发展大会期间无人驾驶航空器飞行活动安全管理的通告,漳州市人民政府,漳政综〔2026〕16号,2026-04-16,现行有效,航空运输 交通安全管理 科技综合规定与体改 互联网 标准化综合规定,库存-pkulaw全量,https://www.pkulaw.com/lar/f99f067a3147381ac23df8e932830ac7bdfb.html
586,地方工作文件,漳州市工业和信息化局关于做好无人驾驶航空器唯一产品识别码备案检查相关迎检工作的通知,漳州市工业和信息化局,漳工信函电子〔2024〕113号,2024-12-03,现行有效,航空运输,库存-pkulaw全量,https://www.pkulaw.com/lar/639dfe9df06f53da98a45b4bc27a698abdfb.html
587,地方工作文件,玉溪市人民政府办公室关于加强无人驾驶航空器管理工作的通知,玉溪市人民政府,玉政办函〔2017〕63号,2017-06-09,现行有效,航空运输,库存-pkulaw全量,https://www.pkulaw.com/lar/3d8beb9cb8d7818cb2be041bb85fd254bdfb.html
588,地方工作文件,白城市人民政府关于在特定区域对无人驾驶航空器实施临时管制的公告,白城市人民政府,白政函〔2024〕126号,2024-08-01,现行有效,航空运输,库存-pkulaw全量,https://www.pkulaw.com/lar/63e8486a54876f49ddd33f03f5c7cb2dbdfb.html
589,地方工作文件,福州市无线电管理局关于报送民用无人驾驶航空器无线电发射设备使用情况及建设规划的函,福州市无线电管理局,闽工信函无线榕〔2024〕7号,2024-08-19,现行有效,无线电,库存-pkulaw全量,https://www.pkulaw.com/lar/bf784c61dd9cb43ca3590e4e252d4dc0bdfb.html
590,地方工作文件,福建省农业农村厅关于开展农用无人驾驶航空器购置与应用补贴产品投档工作的通告,福建省农业农村厅,福建省农业农村厅通告2025年8号,2025-03-12,现行有效,农业科技与农机,库存-pkulaw全量,https://www.pkulaw.com/lar/5704d436b4d39e265e1b4de8519a35aebdfb.html
591,地方工作文件,秦皇岛市人民政府关于实施无人驾驶航空器管制的通告,秦皇岛市人民政府,,2024-08-22,现行有效,交通运输综合规定,库存-pkulaw全量,https://www.pkulaw.com/lar/cfd5b53c8dc3b5c254d6f80922544111bdfb.html
592,部门规范性文件,空管行业管理办公室关于发布信息通告《国外无人驾驶航空器系统管理政策法规》的通知,中国民用航空局,,2020-04-21,现行有效,航空运输,库存-pkulaw全量,https://www.pkulaw.com/chl/f0cd867959db78bbbdfb.html
593,地方工作文件,芜湖市人民政府关于临时增加无人驾驶航空器管制空域的通告,芜湖市人民政府,芜政秘〔2026〕9号,2026-02-27,现行有效,航空运输 互联网 机关工作综合规定 机械工业管理 科技综合规定与体改,库存-pkulaw全量,https://www.pkulaw.com/lar/da85c6f640a4d8f4a842ae39b63ec4f6bdfb.html
594,地方工作文件,西双版纳州人民政府办公室关于成立西双版纳州全面加强无人驾驶航空器管理工作领导小组的通知,西双版纳傣族自治州人民政府,西政办发〔2017〕33号,2017-05-12,现行有效,机构编制,库存-pkulaw全量,https://www.pkulaw.com/lar/c135b2626b48c23a53edb9b75315a50fbdfb.html
595,地方工作文件,贵州省发展和改革委员会关于公布贵州省微型轻型小型无人驾驶航空器适飞空域范围的通告,贵州省发展和改革委员会,,2026-06-04,现行有效,航空运输 科技综合规定与体改 机械工业管理 互联网 能源综合规定,库存-pkulaw全量,https://www.pkulaw.com/lar/e0290ae415bb74132e3e199b88344abcbdfb.html
596,地方工作文件,通辽市人民政府关于通辽市无人驾驶航空器管制空域的通告,通辽市人民政府,通政通告〔2026〕2号,2026-03-25,现行有效,航空运输 国防事务 铁路公路机场用地 互联网 机械工业管理,库存-pkulaw全量,https://www.pkulaw.com/lar/955d6240b7d319206270a78f63cf4b60bdfb.html
597,地方规范性文件,重庆市公安局关于加强民用无人驾驶航空器飞行管理的通告,重庆市公安局,渝公规〔2017〕2号,2017-05-10,废止或失效,航空运输,库存-pkulaw全量,https://www.pkulaw.com/lar/586379e74067f6eb211c5223ecc5dd59bdfb.html
598,地方规范性文件,重庆市公安局关于废止重庆市公安局关于加强民用无人驾驶航空器飞行管理的通告的决定,重庆市公安局,渝公规〔2018〕7号,2018-03-07,现行有效,交通运输综合规定,库存-pkulaw全量,https://www.pkulaw.com/lar/dd5ffc36f14f04a21d3137f67921cb58bdfb.html
599,地方工作文件,重庆市经济和信息化委员会关于印发2025年度民用无人驾驶航空器生产企业唯一产品识别码备案情况“双随机、一公开”执法检查工...,重庆市经济和信息化委员会,渝经信执法〔2025〕7号,2025-03-10,现行有效,企业综合规定,库存-pkulaw全量,https://www.pkulaw.com/lar/2f55b863f8649f3549797443cfcdbb88bdfb.html
600,地方工作文件,重庆市经济和信息化委员会关于印发2026年度民用无人驾驶航空器生产企业唯一产品识别码备案情况“双随机、一公开”执法检查工...,重庆市经济和信息化委员会,渝经信执法〔2026〕7号,2026-03-05,现行有效,法制工作综合规定,库存-pkulaw全量,https://www.pkulaw.com/lar/b9bc65f4f42cdc6e31781d5242924c36bdfb.html
601,地方工作文件,金华市人民政府关于对无人驾驶航空器和空飘物实施临时管控的通告,金华市人民政府,金政告〔2023〕1号,2023-08-18,现行有效,交通运输综合规定,库存-pkulaw全量,https://www.pkulaw.com/lar/58cc37cfc573d2586878081a01e5c679bdfb.html
602,地方工作文件,铜陵市人民政府关于2026年高考中考期间增加无人驾驶航空器临时管制空域的通告,铜陵市人民政府,铜政告〔2026〕6号,2026-05-30,现行有效,航空运输 交通安全管理 治安管理 科技综合规定与体改 互联网,库存-pkulaw全量,https://www.pkulaw.com/lar/5300d8f2326aeb41710b6f229059a25fbdfb.html
603,地方工作文件,铜陵市人民政府关于临时增加无人驾驶航空器管制空域的通告,铜陵市人民政府,铜政告〔2026〕3号,2026-03-27,现行有效,航空运输 交通安全管理,库存-pkulaw全量,https://www.pkulaw.com/lar/bc8997f27c43650636863496cd157623bdfb.html
604,地方工作文件,阜阳市人民政府关于2026年高考中考期间增加无人驾驶航空器等临时管制空域的通告,阜阳市人民政府,阜政秘〔2026〕54号,2026-06-05,现行有效,航空运输 治安管理 科技综合规定与体改 交通安全管理 互联网,库存-pkulaw全量,https://www.pkulaw.com/lar/47724bcf893a2bb2584b6bba3a64c2c3bdfb.html
605,部门工作文件,限用类无人驾驶航空器系统适航标准,中国民用航空局,,2026-02-12,现行有效,航空运输 行业标准管理 法规规章制定与发布 企业标准化管理 通信,库存-pkulaw全量,https://www.pkulaw.com/chl/20e6f40ef4bb7d4fbdfb.html
606,地方工作文件,陕西省农业农村厅关于印发《陕西省农用无人驾驶航空器购置与应用补贴实施方案》的通知,陕西省农业农村厅,陕农发〔2025〕8号,2025-02-19,现行有效,农业科技与农机,库存-pkulaw全量,https://www.pkulaw.com/lar/12b54e8396e975eb82b6a75bd83a49d0bdfb.html
607,地方工作文件,陕西省环境保护厅关于无人驾驶航空器飞行空域申请的函,陕西省环境保护厅,陕环生态函〔2018〕77号,2018-05-30,现行有效,航空运输,库存-pkulaw全量,https://www.pkulaw.com/lar/5d50e46273523ec9257f082ccc44e2d4bdfb.html
608,地方工作文件,青岛市农业农村局关于农机购置与应用补贴产品“植保无人驾驶航空器”投档的补充通知,青岛市农业农村局,,2022-05-30,现行有效,农业管理,库存-pkulaw全量,https://www.pkulaw.com/lar/db829ef1bcbf2e68f77ef999a355220cbdfb.html
609,地方工作文件,青岛市农业农村局关于印发《青岛市农用无人驾驶航空器购置补贴实施方案》的通知,青岛市农业农村局,青农计财字〔2025〕11号,2025-04-03,现行有效,农业管理,库存-pkulaw全量,https://www.pkulaw.com/lar/228840116437fee720f6665afb9b3c97bdfb.html
610,地方工作文件,青岛市农业农村局关于印发农用无人驾驶航空器购置补贴实施方案的通知,青岛市农业农村局,青农计财字〔2025〕11号,2025-04-03,现行有效,机关工作综合规定,库存-pkulaw全量,https://www.pkulaw.com/lar/f3fa96b6ccae01092701f577b89a84efbdfb.html
611,地方工作文件,青海省农牧机械推广总站关于开展植保无人驾驶航空器高原性能试验的通知,青海省农牧机械推广总站,,2022-05-05,现行有效,机关工作综合规定,库存-pkulaw全量,https://www.pkulaw.com/lar/bae2ff224cc97cbfca9a44f4e0f38cc6bdfb.html
612,地方工作文件,鞍山市农业农村局、鞍山市财政局关于印发鞍山市农用无人驾驶航空器购置与应用补贴实施方案的通知,鞍山市农业农村局 鞍山市财政局,,2025-01-14,现行有效,农业科技与农机 农业资金 农业管理 专项资金管理 化肥农药农膜柴油,库存-pkulaw全量,https://www.pkulaw.com/lar/ee1a9a8f432ec3114f2f575945a9ae47bdfb.html
613,地方工作文件,黄山市人民政府关于2024年高考、中考期间增加无人驾驶航空器临时管制空域的通告,黄山市人民政府,黄政秘〔2024〕15号,2024-06-06,现行有效,航空运输 治安管理 交通安全管理 特种行业和危险品管理,库存-pkulaw全量,https://www.pkulaw.com/lar/f7de609e3a1ee95c6c5739c262fbb0eabdfb.html
614,地方工作文件,黑河市交通运输局关于发布黑龙江省无人驾驶航空器适飞空域范围的通告,黑河市交通运输局,,2026-01-16,现行有效,航空运输 互联网 科技综合规定与体改 机械工业管理 科学研究与科技项目,库存-pkulaw全量,https://www.pkulaw.com/lar/b09d03775046e0dd420cabcda0f62f52bdfb.html
615,地方工作文件,龙岩市人民政府关于“闽安－2025”地震应急综合演练期间进行无人驾驶航空器管控的通告,龙岩市人民政府,,2025-05-07,现行有效,机关工作综合规定,库存-pkulaw全量,https://www.pkulaw.com/lar/f6b9f0bd2e988e60d83db64638eea2e6bdfb.html
616,地方工作文件,龙岩市人民政府关于在2024年国庆节升国旗仪式期间进行无人驾驶航空器管控的通告,龙岩市人民政府,龙政通告〔2024〕3号,2024-09-28,现行有效,机关工作综合规定,库存-pkulaw全量,https://www.pkulaw.com/lar/80b19b59fd25150c3c7faa9d2a2e5ffbbdfb.html
617,地方工作文件,龙岩市人民政府关于在2026年福建省城市足球联赛(龙岩赛区)活动期间进行无人驾驶航空器管控的通告,龙岩市人民政府,,2026-04-22,现行有效,航空运输 互联网 科技综合规定与体改 体育综合规定 机械工业管理,库存-pkulaw全量,https://www.pkulaw.com/lar/db73262d1d01aec0508962bfe3b785dfbdfb.html
618,地方工作文件,龙岩市人民政府关于在2026年长汀春节活动期间进行无人驾驶航空器管控的通告,龙岩市人民政府,龙政通告〔2026〕1号,2026-02-11,现行有效,航空运输 科技综合规定与体改 交通安全管理 互联网 机械工业管理,库存-pkulaw全量,https://www.pkulaw.com/lar/50d179826c4a3580af320d4a6e93a481bdfb.html
619,地方工作文件,龙岩市人民政府关于在第二届客家非遗奇妙夜活动期间进行无人驾驶航空器管控的通告,龙岩市人民政府,龙政通告〔2024〕2号,2024-09-12,现行有效,机关工作综合规定,库存-pkulaw全量,https://www.pkulaw.com/lar/9029b3b64b5ec934e3ca3111d3534a11bdfb.html
620,部门工作文件,国家认监委秘书处关于征集微轻小型无人机产品认证技术专家组的通知,国家认证认可监督管理委员会,认秘函〔2026〕16号,2026-04-16,现行有效,电子产品与质量 产品质量监督 行业标准管理 国家标准管理 采用国际标准管理,库存-pkulaw全量,https://www.pkulaw.com/chl/ede4a4446676bf74bdfb.html
621,部门工作文件,体育总局航管中心关于举办2024年中国无人机竞速联赛(南京站)的通知,国家体育总局,,2024-11-14,现行有效,体育综合规定,库存-pkulaw全量,https://www.pkulaw.com/chl/d34b018a36b752c6bdfb.html
622,部门工作文件,体育总局航管中心关于举办2024年中国无人机竞速联赛(苏州站)的通知,国家体育总局,,2024-09-19,现行有效,体育综合规定,库存-pkulaw全量,https://www.pkulaw.com/chl/1c50418e26642042bdfb.html
623,部门工作文件,体育总局航管中心关于举办2024年中国无人机竞速联赛(柯桥站)的通知,国家体育总局,,2024-07-17,现行有效,体育综合规定,库存-pkulaw全量,https://www.pkulaw.com/chl/db9ab1c342727bfcbdfb.html
624,地方工作文件,上海市人民政府关于第五届中国国际进口博览会期间加强无人机等“低慢小”航空器安全管理的通告,上海市人民政府,沪府规〔2022〕15号,2022-10-18,现行有效,公安综合规定,库存-pkulaw全量,https://www.pkulaw.com/lar/60b0ecea0ff9b02053cd15175de59ee3bdfb.html
625,地方工作文件,广州市科学技术局关于“无人机中视觉跟踪控制器关键技术研究与产业化”等省级科技计划项目限期结题的公告,广州市科学技术局,,2022-09-30,现行有效,科技综合规定与体改,库存-pkulaw全量,https://www.pkulaw.com/lar/6afd1113aaa7fc9bcd946eb294fa5c94bdfb.html
626,地方工作文件,中山市住房和城乡建设局关于开展建设工程无人机安全飞行巡查的通知,中山市住房和城乡建设局,,2022-09-16,现行有效,建设综合规定,库存-pkulaw全量,https://www.pkulaw.com/lar/96d9cdff6d0dfc4e56e632f2d006a02cbdfb.html
627,地方工作文件,武汉市科技局关于终止“基于非接触式光纤光栅振动传感器的无人机稳定系统研究”项目的通知,武汉市科学技术局,,2022-09-05,现行有效,科技综合规定与体改,库存-pkulaw全量,https://www.pkulaw.com/lar/54d5909791e44d6c4cefee3857f7485cbdfb.html
628,地方工作文件,海口市旅游和文化广电体育局关于公开征集暑期无人机竞赛体验活动方案的通知,海口市旅游和文化广电体育局,,2022-08-05,现行有效,体育综合规定,库存-pkulaw全量,https://www.pkulaw.com/lar/0e7da1e9caf6aa40e8e80f57699aacbfbdfb.html
629,地方工作文件,嘉善县农业农村局、嘉善县统计局关于印发嘉善县规模粮油种植补贴和经济作物应用无人机高分遥感信息技术统计改革实施方案的通知,嘉善县农业农村局 嘉善县统计局,善农〔2022〕49号,2022-06-16,现行有效,农业科技与农机,库存-pkulaw全量,https://www.pkulaw.com/lar/bbd1901b11926cb6ee2716b5837022f0bdfb.html
630,地方工作文件,银川市农业农村局关于印发《2022年银川市新型职业农民无人机技能竞赛方案》的通知,银川市农业农村局,银农函〔2022〕127号,2022-06-15,现行有效,竞赛制度,库存-pkulaw全量,https://www.pkulaw.com/lar/def24eea0d827c7003df22d5e908de29bdfb.html
631,地方工作文件,福建省科学技术厅关于组织申报2022年度省科技重大专项专题“高速公路无人机组网遥感智能巡检关键技术研究”项目的通知,福建省科学技术厅,,2022-06-01,现行有效,科学研究与科技项目,库存-pkulaw全量,https://www.pkulaw.com/lar/7522bccfc442245ac5816391a08b1b26bdfb.html
632,地方工作文件,贵州省生态环境厅关于采购2022年从严排查整治专项行动无人机排查服务比选结果公告,贵州省生态环境厅,,2022-05-18,现行有效,财政综合规定,库存-pkulaw全量,https://www.pkulaw.com/lar/98d7772f7ac4333a1c1631929b27242cbdfb.html
633,地方工作文件,广西壮族自治区航空运动管理中心2022年广西无人机竞速大赛的成交公告,广西壮族自治区航空运动管理中心,,2022-05-05,现行有效,竞赛制度,库存-pkulaw全量,https://www.pkulaw.com/lar/efcff6127e9798bb0d988b52292dd740bdfb.html
634,地方工作文件,广西壮族自治区航空运动管理中心关于2022年广西无人机竞速大赛赛事服务采购的公告,广西壮族自治区航空运动管理中心,,2022-04-25,现行有效,财政综合规定,库存-pkulaw全量,https://www.pkulaw.com/lar/2ce1fd5ae621b65034c15dcd80daf3acbdfb.html
635,地方工作文件,广西壮族自治区航空运动管理中心关于2022年广西无人机竞速大赛赛事服务采购项目的废标公告,广西壮族自治区航空运动管理中心,,2022-04-15,现行有效,政府采购,库存-pkulaw全量,https://www.pkulaw.com/lar/f6673a1bee36e7851c3f5d9849727f69bdfb.html
636,地方工作文件,广西壮族自治区航空运动管理中心2022年广西无人机航拍创意大赛的成交公告,广西壮族自治区航空运动管理中心,,2022-04-15,现行有效,政府采购,库存-pkulaw全量,https://www.pkulaw.com/lar/9f3304c26dc7118b3912dfed99cacc8dbdfb.html
637,地方工作文件,广西壮族自治区航空运动管理中心关于2022年广西无人机航拍创意大赛赛事服务采购的公告,广西壮族自治区航空运动管理中心,,2022-03-29,现行有效,政府采购,库存-pkulaw全量,https://www.pkulaw.com/lar/4fe79fa41229aa4af1f10600d1144fe3bdfb.html
638,地方工作文件,内蒙古自治区工业和信息化厅关于转发《关于开展民用无人机行业摸底调查工作的通知》的通知,内蒙古自治区工业和信息化厅,内工信装工字〔2022〕94号,2022-03-14,现行有效,企业综合规定,库存-pkulaw全量,https://www.pkulaw.com/lar/83784faf087197088c27aab818b38c04bdfb.html
639,地方工作文件,湖北省农业发展中心关于印发《植保无人机防治小麦病害应急预案》《小麦机防暨春耕农机化生产技术服务方案》的通知,湖北省农业事业发展中心,,2022-03-11,现行有效,农业管理,库存-pkulaw全量,https://www.pkulaw.com/lar/33719e3d13e891920e9d8c7d0d26c1aebdfb.html
640,地方工作文件,济南市公安局、济南市工业和信息化局、济南市城乡交通运输局、济南市文化和旅游局、济南市应急管理局、济南市市场监督管理局...,济南市公安局 济南市工业和信息化局 济南市城乡交通运输局 济南市文化和旅游局 济南市应急,济公通〔2022〕7号,2022-01-25,现行有效,对外经贸综合规定,库存-pkulaw全量,https://www.pkulaw.com/lar/1690e002a267cc0a0c9c4aa0fe5249f8bdfb.html
641,地方工作文件,山西省发展和改革委员会关于无人机森林航空消防能力建设项目可行性研究报告的批复,山西省发展和改革委员会,晋发改审批发〔2022〕19号,2022-01-17,现行有效,消防管理,库存-pkulaw全量,https://www.pkulaw.com/lar/d25b14355273d9962c697f9b5e67051fbdfb.html
642,地方工作文件,吉林省粮食和物资储备局关于公开选取吉林省重点县域农村安全储粮无人机航拍服务单位评审结果公告,吉林省粮食和物资储备局,,2022,现行有效,商贸物资综合规定,库存-pkulaw全量,https://www.pkulaw.com/lar/b64fb29ba637ae71999f65f94030cda5bdfb.html
643,地方工作文件,吉林省粮食和物资储备局关于公开选取吉林省重点县域农村安全储粮无人机航拍服务单位的公告,吉林省粮食和物资储备局,,2022,现行有效,机关工作综合规定,库存-pkulaw全量,https://www.pkulaw.com/lar/aff564366b733169a29d3aa8bff2806ebdfb.html
644,地方工作文件,台州市人民政府关于对临海市紫阳街周边无人机等“低慢小”航空器采取临时性管制措施的通告,台州市人民政府,台政发[2021]26号,2021-12-15,现行有效,交通运输综合规定,库存-pkulaw全量,https://www.pkulaw.com/lar/95d458380a6f9ebc2c1c33117a26bf50bdfb.html
645,地方工作文件,温州市体育局、共青团温州市委、温州市妇女联合会、温州市关心下一代工作委员会关于举办温州市第六届青少年无人机锦标赛的通知,温州市体育局 共青团温州市委 温州市妇女联合会 温州市关心下一代工作委员会,,2021-12-01,现行有效,院校体育 竞赛制度 运动员 教练员,库存-pkulaw全量,https://www.pkulaw.com/lar/90d51a2d6c288132453e9c03d55b06babdfb.html
646,地方工作文件,苏州市人民政府关于加强第四届中国国际进口博览会期间无人机等“低慢小”航空器安全管理的通告,苏州市人民政府,苏府通〔2021〕3号,2021-10-29,现行有效,经贸展览与洽谈,库存-pkulaw全量,https://www.pkulaw.com/lar/96599e63433140a7257d0648dbd00038bdfb.html
647,地方工作文件,上海市人民政府关于加强第四届中国国际进口博览会期间无人机等“低慢小”航空器安全管理的通告,上海市人民政府,沪府规〔2021〕14号,2021-10-25,现行有效,公安综合规定,库存-pkulaw全量,https://www.pkulaw.com/lar/98c47ba91dbb5f323fe7566c652c3625bdfb.html
648,地方工作文件,南宁市城市管理综合行政执法局无人机技术辅助邕江沿岸公园考评(试点)项目采购公告,南宁市城市管理综合行政执法局,,2021-10-11,现行有效,机关工作综合规定,库存-pkulaw全量,https://www.pkulaw.com/lar/9fb39fb326ec4a6341e2819b66bb3ae5bdfb.html
649,地方工作文件,济南市工业和信息化局关于对生产、销售无人机无线电反制设备进行排查的通知,济南市工业和信息化局,,2021-09-26,现行有效,市场管理,库存-pkulaw全量,https://www.pkulaw.com/lar/a78f48e54315f730ad9dcdf2545f18ccbdfb.html
650,地方工作文件,广西壮族自治区自然资源厅关于进一步规范无人机测绘活动的通知,广西壮族自治区自然资源厅,桂自然资发〔2021〕64号,2021-09-24,现行有效,测绘综合规定,库存-pkulaw全量,https://www.pkulaw.com/lar/230910c15102200446dd3a7740252f64bdfb.html
651,地方工作文件,咸阳市人民政府关于第十四届全国运动会咸阳赛区赛事期间无人机等航空器飞行管控的通告,咸阳市人民政府,咸政发〔2021〕15号,2021-09-10,现行有效,竞赛制度,库存-pkulaw全量,https://www.pkulaw.com/lar/b2535f9c90d15d626df9e3f15c50ab16bdfb.html
652,地方工作文件,广东省生态环境厅关于商请协助开展海岸带无人机航拍的函,广东省生态环境厅,,2021-09-01,现行有效,机关工作综合规定,库存-pkulaw全量,https://www.pkulaw.com/lar/159ffe358da0025670b0d97d5438142abdfb.html
653,地方工作文件,合肥市科学技术局、岳西县人民政府关于参加合肥·岳西无人机(智能制造)产业发展交流恳谈会的通知,合肥市科学技术局 岳西县人民政府,,2021-09-01,现行有效,机关工作综合规定,库存-pkulaw全量,https://www.pkulaw.com/lar/25ad3eaf29bed86aa0f5698c18c6fc67bdfb.html
654,地方工作文件,深圳市人力资源和社会保障局关于发布深圳市第十一届职工技术创新运动会暨2021年深圳技能大赛—无人机驾驶职业技能竞赛工作方...,深圳市人力资源和社会保障局,,2021-08-06,现行有效,人事综合规定,库存-pkulaw全量,https://www.pkulaw.com/lar/d268b7916a95f08cdeffd7d8c09a86e9bdfb.html
655,地方工作文件,河北省人民政府关于在全省范围内禁止升放、使用影响飞行安全的无人机等“低慢小”航空器和其他物体的通告,河北省人民政府,,2021-06-20,现行有效,机关工作综合规定,库存-pkulaw全量,https://www.pkulaw.com/lar/31985547181ce79d3a8949eddb14f8bebdfb.html
656,地方工作文件,海东市人民政府关于禁止无人机等“低慢小”航空器飞行的通告,海东市人民政府,东政[2021]16号,2021-06-04,现行有效,经贸展览与洽谈,库存-pkulaw全量,https://www.pkulaw.com/lar/278a4ad8b83c62383f983efbd4a72445bdfb.html
657,地方工作文件,青海省农牧机械推广总站关于开展植保无人机高原性能试验的通知,青海省农牧机械推广总站,,2021-04-26,现行有效,机关工作综合规定,库存-pkulaw全量,https://www.pkulaw.com/lar/d322e12346a6ea3daf15d4b9cdf7ca8dbdfb.html
658,地方工作文件,青海省人民政府关于加强无人机等“低慢小”航空器安全管理的通告,青海省人民政府,,2021-03-02,现行有效,航空运输,库存-pkulaw全量,https://www.pkulaw.com/lar/51a185e915004b33edca6f68c26205b4bdfb.html
659,地方工作文件,中山市农业科技推广中心关于补充中山市水稻病虫无人机喷药服务组织目录库的通知,中山市农业科技推广中心,,2021-01-19,现行有效,旅游综合规定,库存-pkulaw全量,https://www.pkulaw.com/lar/8d77df216b6221d827494fd1979aa9adbdfb.html
660,地方工作文件,南宁市城市管理综合行政执法局无人机技术辅助邕江沿岸公园考评(试点)项目成交结果公告,南宁市城市管理综合行政执法局,,2021,现行有效,建设综合规定,库存-pkulaw全量,https://www.pkulaw.com/lar/e866e12316bb77a120040c7d868d936ebdfb.html
661,地方工作文件,温州市体育局、温州市教育局、共青团温州市委、温州市妇女联合会、温州市科学技术协会、温州市关心下一代工作委员会关于举办...,温州市体育局 温州市教育局 共青团温州市委 温州市妇女联合会 温州市科学技术协会 温州市,,2020-11-26,现行有效,院校体育 竞赛制度 运动员 教练员,库存-pkulaw全量,https://www.pkulaw.com/lar/bad035eb29c90a717302b2ac449f8d43bdfb.html
662,地方工作文件,上海市人民政府关于加强第三届中国国际进口博览会期间无人机等“低慢小”航空器安全管理的通告,上海市人民政府,沪府规〔2020〕21号,2020-11-01,废止或失效,经贸展览与洽谈,库存-pkulaw全量,https://www.pkulaw.com/lar/726b75973ad3a85335870025faf18554bdfb.html
663,地方工作文件,辽宁省人力资源和社会保障厅关于举办无人机研发关键技术研究高级研修班的通知,辽宁省人力资源和社会保障厅,,2020-10-10,现行有效,劳动工会综合规定,库存-pkulaw全量,https://www.pkulaw.com/lar/02dd8f66bc3e95d665f331cb221d680fbdfb.html
664,地方工作文件,河北省文物局关于2021年度河北省部分重要田野文物无人机安全巡查工作方案的批复,河北省文物局,冀文物发[2020]303号,2020-08-24,现行有效,国家安全工作,库存-pkulaw全量,https://www.pkulaw.com/lar/0b48a731c87a71b123c6efc82bfbe5cabdfb.html
665,地方工作文件,承德市人民政府关于加强无人机等“低慢小”飞行器安全管控的通告,承德市人民政府,承市政字〔2020〕48号,2020-08-18,现行有效,航空运输,库存-pkulaw全量,https://www.pkulaw.com/lar/707e56caf416ccf66cc3e8856ca0a45dbdfb.html
666,地方工作文件,江西省公路管理局关于表扬第二届“恒达时讯杯”无人机航拍比赛获奖单位的通知,江西省公路管理局,,2020-07-27,现行有效,奖惩,库存-pkulaw全量,https://www.pkulaw.com/lar/0cfd12937f139544eba4a0e6793b4b3fbdfb.html
667,地方工作文件,广西壮族自治区航空运动管理中心、广西航空运动协会关于举办2020年广西竞速无人机公开赛的通知,广西壮族自治区航空运动管理中心 广西航空运动协会,,2020-07-07,现行有效,竞赛制度,库存-pkulaw全量,https://www.pkulaw.com/lar/7c4aa8d3393129937264055eac86f5c7bdfb.html
668,地方工作文件,辽宁省政协十二届三次会议《关于加快无人机驾驶员新职业认证，推进无人机行业快速有序发展的提案》(第0091号建议)提案的答复,辽宁省人力资源和社会保障厅,,2020-06-12,现行有效,机关工作综合规定 营商环境优化,库存-pkulaw全量,https://www.pkulaw.com/lar/b7fcb18317bb9c442b7fd5d2b8666309bdfb.html
669,地方工作文件,成都市经济和信息化局关于协助开展民用无人机相关信息摸底调查工作的通知,成都市经济和信息化局,,2020-06-09,现行有效,企业综合规定,库存-pkulaw全量,https://www.pkulaw.com/lar/8dd9690fc715eff4989d9a1e15f4f6f6bdfb.html
670,地方工作文件,缙云县人民政府关于“亚运加速度骑迹满浙江(缙云站)”活动期间对部分道路、遥控飞行器(无人机)进行管制的通告(已失效),缙云县人民政府,缙政发〔2020〕38号,2020-05-08,现行有效,交通运输综合规定,库存-pkulaw全量,https://www.pkulaw.com/lar/6798395c9ff958d7cc2227b8035f9f42bdfb.html
671,地方工作文件,深圳市人力资源和社会保障局关于发布深圳市第十六届职工技术创新运动会暨2026年深圳技能大赛—无人机装调检修工“工匠之星”...,深圳市人力资源和社会保障局,,2026-07-10,现行有效,竞赛制度 职工教育与考核 职业与职工教育 人才流动 教育改革,库存-pkulaw全量,https://www.pkulaw.com/lar/8e0047d464b9665255764b22235eca0fbdfb.html
672,地方工作文件,天津市公安局交通管理局河北交管支队关于新增无人机交通技术监控设备的公告,天津市河北区其他机构,,2026-06-11,现行有效,交通安全管理 违法处理 治安管理 交通运输综合规定 特种行业和危险品管理,库存-pkulaw全量,https://www.pkulaw.com/lar/a3c4ff4888d97ccc5eb15058f4c6621dbdfb.html
673,地方工作文件,河西交管支队关于新增电子警察采集设备以及无人机交通技术监控设备的公告,天津市河西区其他机构,,2026-06-09,现行有效,交通安全管理 违法处理 治安管理 交通运输综合规定 特种行业和危险品管理,库存-pkulaw全量,https://www.pkulaw.com/lar/e24c87fc6a64dc1386a28f8cb0a4519bbdfb.html
674,地方工作文件,大连市人民政府关于“2026大连夏季达沃斯论坛”期间对无人机等“低慢小”航空器及空飘物实施临时管控的通告,大连市人民政府,大政发〔2026〕5号,2026-06-06,现行有效,航空运输 环保综合规定 标准化综合规定,库存-pkulaw全量,https://www.pkulaw.com/lar/06e7bf5a119763c1156faed1d882b827bdfb.html
675,地方工作文件,阳江市人民政府关于2026年高考期间无人机等“低慢小”航空器安全管理的公告,阳江市人民政府,阳府告〔2026〕1号,2026-06-05,现行有效,航空运输 国家安全工作 交通安全管理 标准化综合规定 铁路公路机场用地,库存-pkulaw全量,https://www.pkulaw.com/lar/9df9bb8feb1a426d556953be531841b6bdfb.html
676,地方工作文件,拉萨市人民政府关于高考期间拉萨市主城区范围内无人机及其他“低慢小”航空器临时禁飞的通告,拉萨市人民政府,,2026-06-05,现行有效,航空运输 特种行业和危险品管理 网络安全管理 竞赛制度 国家安全工作,库存-pkulaw全量,https://www.pkulaw.com/lar/d9bed416a30475c2aa236d69b1199fa0bdfb.html
677,地方工作文件,贵港市人民政府关于在高考期间管控无人机等“低慢小”飞行物的通告,贵港市人民政府,贵政通〔2026〕11号,2026-06-04,现行有效,交通安全管理 航空运输 网络安全管理 治安管理 消防管理,库存-pkulaw全量,https://www.pkulaw.com/lar/d63046c52ab0ca312a2a188a7b45c391bdfb.html
678,地方工作文件,百色市人民政府关于2026年高考期间无人机等“低慢小”航空器临时禁飞的通告,百色市人民政府,百政发〔2026〕9号,2026-06-04,现行有效,航空运输 交通安全管理 机关工作综合规定 标准化综合规定 文物与古迹保护,库存-pkulaw全量,https://www.pkulaw.com/lar/5a77cffe992fc2e6ced6b71dc3a8ce45bdfb.html
679,地方工作文件,南澳县公安局关于2026年全国普通高考期间对无人机等“低慢小”航空器实施临时管控的通告,南澳县公安局,,2026-06-03,现行有效,航空运输 治安管理 交通安全管理 铁路公路机场用地 网络安全管理,库存-pkulaw全量,https://www.pkulaw.com/lar/760835079b2b7e001ba02646876d32ccbdfb.html
680,地方工作文件,深圳市工业和信息化局、深圳市应急管理局、深圳市消防救援局关于发布深圳市超高层建筑消防无人机应用“揭榜挂帅”需求榜单的通知,深圳市工业和信息化局 深圳市应急管理局 深圳市消防救援局,深工信〔2026〕72号,2026-05-28,现行有效,消防管理 行业计划 市场管理 劳动安全与劳动保护 化学易燃产品管理,库存-pkulaw全量,https://www.pkulaw.com/lar/43415eb7ea1a0aea8ad5cb2d50fa4460bdfb.html
681,地方工作文件,福州市公安局交通管理局关于海交会无人机焰火秀活动期间城区部分道路实行临时交通管制的通告,福州市公安局交通管理局,榕公交综〔2026〕27号,2026-05-18,现行有效,交通安全管理 治安管理 城市交通运输 市政公用与路桥 公路运输,库存-pkulaw全量,https://www.pkulaw.com/lar/958c2bd376b5b0e9cfc9b6f5c262b459bdfb.html
682,地方工作文件,天津市公安局交通管理局河东交管支队关于新增无人机交通技术监控设备的公告,天津市河东区其他机构,,2026-05-18,现行有效,交通安全管理 违法处理 治安管理 城市交通运输 特种行业和危险品管理,库存-pkulaw全量,https://www.pkulaw.com/lar/2e50d4f33d2de27bc3ee4c39d38ddf59bdfb.html
683,地方工作文件,天津市公安局交通管理局河西交管支队关于新增无人机交通技术监控设备的公告,天津市河西区其他机构,,2026-05-13,现行有效,交通安全管理 违法处理 治安管理 行政处罚与行政复议 交通运输综合规定,库存-pkulaw全量,https://www.pkulaw.com/lar/061f921b69764726018e5ebba392a624bdfb.html
684,地方工作文件,四川省科学技术厅关于征集低空世界模型研发、无人机与机器犬协同灭火科技攻关“揭榜挂帅”综合解决方案的通知,四川省科学技术厅,,2026-05-09,现行有效,科学研究与科技项目 消防管理 护林防火 科技计划 科技成果鉴定奖励,库存-pkulaw全量,https://www.pkulaw.com/lar/a1bbe3fe001904430e1093de4dffc6cdbdfb.html
685,地方工作文件,贵港市人民政府关于在“同心同向逐梦荷城”无人机展演活动期间管控无人机等“低慢小”飞行物的通告,贵港市人民政府,贵政通〔2026〕8号,2026-04-23,现行有效,航空运输 交通安全管理 文物与古迹保护 行业标准管理 能源综合规定,库存-pkulaw全量,https://www.pkulaw.com/lar/33a03ee1337889d9b20513c63d7d0c85bdfb.html
686,地方工作文件,蚌埠市人民政府关于2026蚌埠马拉松赛事期间加强无人机等“低慢小”航空器安全管理的通告,蚌埠市人民政府,蚌政通〔2026〕1号,2026-04-23,现行有效,航空运输 标准化综合规定 国家安全工作 交通安全管理 劳动安全与劳动保护,库存-pkulaw全量,https://www.pkulaw.com/lar/4bc021fa23dee6c140d928a4a5b4f3c7bdfb.html
687,地方工作文件,贵港市人民政府关于在“贵港造浪·星潮奔放”演唱会期间管控无人机等“低慢小”飞行物的通告,贵港市人民政府,贵政通〔2026〕6号,2026-04-09,现行有效,航空运输 交通安全管理 演出 消防管理 旅游景点管理,库存-pkulaw全量,https://www.pkulaw.com/lar/8269f261d28f54e99b1a68aeff9565fcbdfb.html
688,地方工作文件,嘉兴市人民政府关于同意《南湖区无人机飞行测试中心项目规划落实方案》的批复,嘉兴市人民政府,嘉政发函〔2026〕13号,2026-03-27,现行有效,城市规划与开发建设 土地利用和治理 国家建设用地 区域经济开发 基本建设,库存-pkulaw全量,https://www.pkulaw.com/lar/30b9a40e50de75d79d8dbf65194c2d5fbdfb.html
689,地方工作文件,贵港市人民政府关于在2026年贵港市半程马拉松赛期间对无人机等“低慢小”航空器实施临时禁飞的通告,贵港市人民政府,贵政通〔2026〕4号,2026-03-13,现行有效,航空运输 交通安全管理 文物与古迹保护 标准化综合规定 环保综合规定,库存-pkulaw全量,https://www.pkulaw.com/lar/aa8d0be9180843e1b14a367088b2eefdbdfb.html
690,地方工作文件,福州市公安局关于闽江举办烟花无人机活动期间城区部分道路实行临时交通管制的通告,福州市公安局,榕公综〔2026〕34号,2026-02-12,现行有效,交通安全管理 治安管理 市政公用与路桥 城市交通运输 公路运输,库存-pkulaw全量,https://www.pkulaw.com/lar/0788bdeb73feb005f1fde3783da19858bdfb.html
691,地方工作文件,揭阳市人民政府关于在揭阳古城区域依法实施无人机“低慢小”航空器临时管控的公告,揭阳市人民政府,揭府公〔2026〕1号,2026-02-12,现行有效,航空运输 交通安全管理 标准化综合规定 城市规划与开发建设 能源综合规定,库存-pkulaw全量,https://www.pkulaw.com/lar/e457edddafefd408de0f0e88047e7c59bdfb.html
692,地方工作文件,湖北省林业局关于发布森林防灭火专用大型无人机“揭榜挂帅”科技攻关项目的公告,湖北省林业局,,2026-01-28,现行有效,科学研究与科技项目 护林防火 林业管理 林业科技 科技计划,库存-pkulaw全量,https://www.pkulaw.com/lar/73347fbe0dc2ec2512edee4d4e97db82bdfb.html
693,地方工作文件,贵港市人民政府关于在“2026声幻奇境·音悦星球”演唱会期间管控无人机等“低慢小”飞行物的通告,贵港市人民政府,贵政通〔2026〕3号,2026-01-23,现行有效,航空运输 标准化综合规定 交通安全管理 国防事务 演出,库存-pkulaw全量,https://www.pkulaw.com/lar/c80efd369c7aad35c20bd442a13c652abdfb.html
694,地方工作文件,福州市公安局交通管理局关于新增无人机交通违法抓拍的公告,福州市公安局交通管理局,,2026-01-23,现行有效,交通安全管理 违法处理 行政处罚与行政复议 治安管理 特种行业和危险品管理,库存-pkulaw全量,https://www.pkulaw.com/lar/e153be030e76c504b0ec5a7b2dfc6f0cbdfb.html
695,地方工作文件,深圳市科技创新局、深圳市消防救援支队关于征集支撑超高层建筑火灾无人机救援技术和产品工作的通知,深圳市科技创新局 深圳市消防救援支队,,2025-12-30,现行有效,消防管理 科学研究与科技项目 科技综合规定与体改 地震灾情 建设综合规定,库存-pkulaw全量,https://www.pkulaw.com/lar/8beada19a0f686d5012b589d5396eef5bdfb.html
696,地方工作文件,南昌市人民政府关于2026年元旦系列活动期间禁止无人机等航空器在相关区域飞行的公告,南昌市人民政府,,2025-12-25,现行有效,交通安全管理 航空运输 市政公用与路桥 标准化综合规定 治安管理,库存-pkulaw全量,https://www.pkulaw.com/lar/2c3c86befec155280409e3744c62087abdfb.html
697,地方工作文件,天津市公安局交通管理局河北交通管理支队关于新增无人机交通技术监控设备的公告,天津市公安交通管理局河北交警支队,,2025-12-25,现行有效,交通安全管理 违法处理 治安管理 交通运输综合规定 特种行业和危险品管理,库存-pkulaw全量,https://www.pkulaw.com/lar/8aa7301ca9cbb6f67337760f7636ac98bdfb.html
698,地方工作文件,彭州市公安局交通管理大队关于启用无人机设备抓拍交通违法的通告,彭州市其他机构,,2025-11-12,现行有效,交通安全管理 违法处理 行政处罚与行政复议 交通运输综合规定 治安管理,库存-pkulaw全量,https://www.pkulaw.com/lar/71c424a5de3360a9e0b26189bd2a9506bdfb.html
699,地方工作文件,滁州市人民政府关于加强2025滁州马拉松比赛期间无人机等“低慢小”航空器安全管理的通告,滁州市人民政府,,2025-11-16,现行有效,航空运输 交通安全管理 治安管理,库存-pkulaw全量,https://www.pkulaw.com/lar/6eef5da317af0a01b00d7b45cf21d873bdfb.html
700,地方工作文件,上海市公安局杨浦分局情报指挥中心关于印发《杨浦分局无人机安全监管工作专班运作机制》的通知,上海市公安局杨浦分局,沪公杨情指通字〔2025〕46号,2025-11-07,现行有效,治安管理 特种行业和危险品管理,库存-pkulaw全量,https://www.pkulaw.com/lar/9f59ffbf7ad208948dbb96771ca70deebdfb.html
701,地方工作文件,黑龙江省社会体育指导与棋牌运动管理中心关于举办“奔跑吧少年”2025年黑龙江省航空航天模型(无人机)锦标赛的通知,黑龙江省社会体育指导与棋牌运动管理中心,,2025-11-04,现行有效,运动员 竞赛制度 教练员 裁判员,库存-pkulaw全量,https://www.pkulaw.com/lar/ca39f6c4fe64cccf80f93da208314056bdfb.html
702,地方工作文件,蚌埠市人民政府关于2025蚌埠马拉松活动期间加强无人机等“低慢小”航空器安全管理的通告,蚌埠市人民政府,蚌政通〔2025〕3号,2025-10-30,现行有效,航空运输 消防管理 交通安全管理 治安管理 法规规章制定与发布,库存-pkulaw全量,https://www.pkulaw.com/lar/4e22e48aedddfc9d8cbbea124f032f56bdfb.html
703,地方工作文件,上海市人民政府关于加强第八届中国国际进口博览会期间无人机等“低慢小”航空器安全管理的通告,上海市人民政府,沪府规〔2025〕5号,2025-10-16,现行有效,航空运输 交通安全管理,库存-pkulaw全量,https://www.pkulaw.com/lar/5ad6dee738b9a1ef7269c914e1441658bdfb.html
704,地方工作文件,深圳市人力资源和社会保障局关于组织开展2025年广东省无人机应用技术职业技能大赛深圳选拔工作的通知,深圳市人力资源和社会保障局,,2025-10-13,现行有效,竞赛制度 职业与职工教育 职工教育与考核 运动员 中等教育,库存-pkulaw全量,https://www.pkulaw.com/lar/574ef8782df6b86447d75a94fd4537fabdfb.html
705,地方工作文件,中山市人民政府关于中山市2025年烈士纪念日公祭活动期间加强无人机等“低慢小”航空器安全管理的公告,中山市人民政府,,2025-09-29,现行有效,殡葬管理 革命烈士与抚恤优待 航空运输 治安管理 消防管理,库存-pkulaw全量,https://www.pkulaw.com/lar/f85f75c24835f337a849a61fbc968a97bdfb.html
706,地方工作文件,淮南市人民政府关于淮南市第十届运动会开幕式活动期间对无人机等“低慢小”航空器禁飞的通告,淮南市人民政府,淮府秘〔2025〕95号,2025-09-25,现行有效,航空运输 交通安全管理 法规规章制定与发布 治安管理,库存-pkulaw全量,https://www.pkulaw.com/lar/cb27b36f98b9935c8a666e93d602fe0fbdfb.html
707,地方工作文件,黔西南州人民政府关于花江峡谷大桥桥旅融合启动仪式期间对无人机等航空器飞行实施临时管控的通告,黔西南布依族苗族自治州人民政府,,2025-09-25,现行有效,交通安全管理 市政公用与路桥 航空运输 城市规划与开发建设,库存-pkulaw全量,https://www.pkulaw.com/lar/6b03ae5e9dfcc61cee4a0988a6691686bdfb.html
708,地方工作文件,资阳市民政局关于同意资阳市无人机协会成立登记的批复,资阳市人民政府,资民审〔2025〕22号,2025-09-18,现行有效,社团管理 行业自律 登记管理 社会团体财务管理 互联网,库存-pkulaw全量,https://www.pkulaw.com/lar/97a8a6e4bc8d7a30cefac2c9d10cb680bdfb.html
709,地方工作文件,成都市经济和信息化局关于开展2025年成都市促进工业无人机产业高质量发展的专项政策项目申报工作的通知,成都市经济和信息化局,,2025-09-09,现行有效,国家产业政策 行业计划 科学研究与科技项目 电子工业管理 科技进步与经费,库存-pkulaw全量,https://www.pkulaw.com/lar/e9ed0ed72cb39cedc41cb7bcec9ce98ebdfb.html
710,地方工作文件,上海市体育局关于同意举办2025年无人机竞速世界杯(上海站)的批复,上海市体育局,沪体群〔2025〕105号,2025-09-05,现行有效,竞赛制度 运动员 裁判员 院校体育,库存-pkulaw全量,https://www.pkulaw.com/lar/0b4003a46fe26b9dbf989e766cd0e2f9bdfb.html
711,地方工作文件,亳州市人民政府关于2025药博会期间部分活动区域无人机等“低慢小”航空器临时禁飞的通告,亳州市人民政府,亳政〔2025〕47号,2025-09-09,现行有效,航空运输 交通安全管理 治安管理 市场管理 药品管理,库存-pkulaw全量,https://www.pkulaw.com/lar/99b49bbf28b0f14715d2298615d211d0bdfb.html
712,地方工作文件,珠海市总工会、珠海市人力资源和社会保障局、珠海市斗门区人民政府关于举办2025年广东省无人机应用技术职业技能大赛珠海市选...,珠海市总工会 珠海市人力资源和社会保障局 珠海市斗门区人民政府,珠总工〔2025〕76号,2025-09-04,现行有效,竞赛制度 职业与职工教育 职工教育与考核 中等教育 教育改革,库存-pkulaw全量,https://www.pkulaw.com/lar/643cee069eea3a72be89bee7f20ebf25bdfb.html
713,地方工作文件,黔西南州人民政府关于安龙县2025“加油之旅·荷您同行”文旅活动期间无人机等航空器飞行实施临时管控的通告,黔西南布依族苗族自治州人民政府,,2025-07-24,现行有效,旅游景点管理 航空运输 自然保护 文化综合规定 交通安全管理,库存-pkulaw全量,https://www.pkulaw.com/lar/54f20d7251df18debfa260ff1e749c5fbdfb.html
714,地方工作文件,深圳市规划和自然资源局大鹏管理局关于公布无人机测试基地项目《临时建设工程规划许可证》及总平面图的通告,深圳市规划和自然资源局大鹏管理局,,2025-07-23,现行有效,城市规划与开发建设 土地利用和治理 国家建设用地 勘察设计,库存-pkulaw全量,https://www.pkulaw.com/lar/5f23675398ef58a18714c8cbf280d7cfbdfb.html
715,地方工作文件,淮南市人民政府关于2025年高考中考期间无人机等“低慢小”航空器临时禁飞的通告,淮南市人民政府,淮府秘〔2025〕50号,2025-06-05,现行有效,航空运输 交通安全管理 治安管理 特种行业和危险品管理 消防管理,库存-pkulaw全量,https://www.pkulaw.com/lar/3ce4f895cef89279b7b43d0ba39b3a5ebdfb.html
716,地方工作文件,黄山市人民政府关于对无人机等“低慢小”航空器实施临时管制的通告(2025),黄山市人民政府,黄政〔2025〕16号,2025-06-03,现行有效,航空运输 交通安全管理 治安管理 特种行业和危险品管理 消防管理,库存-pkulaw全量,https://www.pkulaw.com/lar/32944b7cf1cee488cd1f3b65fc7ab631bdfb.html
717,地方工作文件,温州市农业农村局、温州科技职业学院关于举办2025年温州市农用植保无人机操作员高素质农民培训班的通知,温州市农业农村局,,2025-05-27,现行有效,农业科技与农机 职业与职工教育 农业管理 职工教育与考核 农业资金,库存-pkulaw全量,https://www.pkulaw.com/lar/bc75249000d7b31920c8426edf745da4bdfb.html
718,地方工作文件,十堰市公安局关于加强无人机等“低慢小”航空器管理的通告,十堰市公安局,,2025-05-16,现行有效,公安综合规定,库存-pkulaw全量,https://www.pkulaw.com/lar/294f9315d536d7ddee6e199384468f28bdfb.html
719,地方工作文件,贵州省自然资源厅关于举办2025年贵州省测绘行业无人机测绘职业技能竞赛的通知,贵州省自然资源厅,,2025-05-15,现行有效,测绘综合规定,库存-pkulaw全量,https://www.pkulaw.com/lar/714914d209d949cc9aa2a7375c0a1a96bdfb.html
720,地方工作文件,福州市公安局关于福州市公安局无人机自动化机场租赁服务项目网上询价的公告,福州市公安局,,2024-03-14,现行有效,机关工作综合规定,库存-pkulaw全量,https://www.pkulaw.com/lar/b405d7086b8deb2f46ee3b8946c9d244bdfb.html
721,地方工作文件,海口市自然资源和规划局关于采购大疆M300无人机电池公开询价的废标公告,海口市自然资源和规划局,,2024-03-06,现行有效,财政综合规定,库存-pkulaw全量,https://www.pkulaw.com/lar/55df4791b6eb6da1960f88b05ced9e57bdfb.html
722,地方工作文件,北京市科学技术委员会、中关村科技园区管理委员会、北京市延庆区人民政府印发《关于促进中关村延庆园无人机产业创新发展行动...,北京市科学技术委员会 北京市中关村科技园区管理委员会 北京市延庆区人民政府,京科材发〔2024〕56号,2024-03-05,现行有效,科技综合规定与体改,库存-pkulaw全量,https://www.pkulaw.com/lar/5e698db58101caa811aa8ce332d53f2fbdfb.html
723,地方工作文件,邢台市人民政府关于在全市范围内对无人机等“低慢小”航空器及空飘物实施临时管控的通告,邢台市人民政府,,2024-03-01,现行有效,交通运输综合规定,库存-pkulaw全量,https://www.pkulaw.com/lar/a5c2a4277835d4cc75d4e80cb0252734bdfb.html
724,地方工作文件,龙岩市人民政府关于在2024福建连城龙文化节活动期间进行无人机临时管控的通告,龙岩市人民政府,,2024-02-21,现行有效,公安综合规定,库存-pkulaw全量,https://www.pkulaw.com/lar/049a9ef7ddfa9991a792c1c7401d892bbdfb.html
725,地方工作文件,马鞍山市人民政府关于春节期间增加无人机驾驶航空器临时管制空域的通告,马鞍山市人民政府,马政秘〔2024〕13号,2024-02-08,现行有效,交通运输综合规定,库存-pkulaw全量,https://www.pkulaw.com/lar/c4b3f2698bedbbd5acf6cf98508cc248bdfb.html
726,地方工作文件,普宁市公安局关于依法对无人机等“低慢小”航空器实施临时管控的通告,普宁市公安局,普公通【2024】1号,2024-02-06,现行有效,机关工作综合规定,库存-pkulaw全量,https://www.pkulaw.com/lar/1185d7b770402e80ee42dbc45035aeedbdfb.html
727,地方工作文件,山东省工业和信息化厅关于征集全省无人机典型应用场景和重点产品的通知,山东省工业和信息化厅,,2024-01-29,现行有效,科技综合规定与体改,库存-pkulaw全量,https://www.pkulaw.com/lar/985a9e5808f202b3d5724cd409b90f5cbdfb.html
728,地方工作文件,山东省工业和信息化厅、山东省发展和改革委员会、山东省教育厅、山东省科学技术厅、山东省公安厅、山东省财政厅、山东省人力...,山东省工业和信息化厅 山东省发展和改革委员会 山东省教育厅 山东省科学技术厅 山东省公安,鲁工信发〔2024〕1号,2024-01-26,现行有效,机械工业管理 营商环境优化,库存-pkulaw全量,https://www.pkulaw.com/lar/c91786b7a94098466998a0451a8c3ca3bdfb.html
729,地方工作文件,福州市公安局关于福州市公安局e体 无人机自动化小型机场租赁服务项目概算咨询的公告,福州市公安局,,2024-01-16,现行有效,机关工作综合规定,库存-pkulaw全量,https://www.pkulaw.com/lar/c31726c2c5bb66473355cda1179f6a89bdfb.html
730,地方工作文件,安阳市市场监督管理局关于2023年安阳市无人机产品质量安全风险监测结果的公告,安阳市市场监督管理局,安阳市市场监督管理局公告2024年第9号,2024,现行有效,质量综合规定,库存-pkulaw全量,https://www.pkulaw.com/lar/2956e587e84509e21b83522370c288afbdfb.html
731,地方工作文件,青海省农牧机械推广总站关于开展植保无人机高原性能试验的通告,青海省农牧机械推广总站,,2024,现行有效,机关工作综合规定,库存-pkulaw全量,https://www.pkulaw.com/lar/4ae63041826ad0f52894550364561e13bdfb.html
732,地方工作文件,青海省农牧机械推广总站关于植保无人机高原性能测试结果的通告,青海省农牧机械推广总站,,2024,现行有效,机关工作综合规定,库存-pkulaw全量,https://www.pkulaw.com/lar/477ccfbd8769bbf78006610d2b1bb7c9bdfb.html
733,地方工作文件,贵州省农业农村厅关于采购无人机的公告,贵州省农业农村厅,,2023-11-21,现行有效,能源综合规定,库存-pkulaw全量,https://www.pkulaw.com/lar/82d9c749a499f002cf3fbb59bf56ae22bdfb.html
734,地方工作文件,丽水市人民政府关于第七届童话云和木制玩具节期间禁止无人机等“低慢小”航空器和空飘物在相关区域飞行的通告,丽水市人民政府,丽水市人民政府通告〔2023〕8号,2023-11-06,现行有效,对外经贸综合规定,库存-pkulaw全量,https://www.pkulaw.com/lar/47a47f0a2a094fa61a373a606b24e62cbdfb.html
735,地方工作文件,甘肃省自然资源厅关于公布甘肃省百万职工劳动和技能竞赛首届无人机测绘技能竞赛省级决赛获奖名单的通知,甘肃省自然资源厅,甘资字〔2023〕135号,2023-11-02,现行有效,测绘综合规定,库存-pkulaw全量,https://www.pkulaw.com/lar/1c5f1bc6914067bd57ea657afeccb900bdfb.html
736,地方工作文件,重庆市体育局、四川省体育局关于举办“奔跑吧·少年”第一届川渝青少年低空飞行(航空模型、无人机)系列赛的通知,重庆市体育局 四川省体育局,,2023-11-02,现行有效,机关工作综合规定,库存-pkulaw全量,https://www.pkulaw.com/lar/46686e2e717998edbac097043eb627e2bdfb.html
737,地方工作文件,海口市旅游和文化广电体育局关于征集“欢乐海南·活力海口”无人机表演项目执行单位的通知,海口市旅游和文化广电体育局,,2023-10-26,现行有效,机关工作综合规定,库存-pkulaw全量,https://www.pkulaw.com/lar/4a0d429b422f6e9162dfa300570154b8bdfb.html
738,地方工作文件,大理白族自治州人民政府办公室关于印发大理州无人机产业发展规划(2023—2025年)的通知,大理白族自治州人民政府,大政办发〔2023〕53号,2023-10-23,现行有效,机关工作综合规定,库存-pkulaw全量,https://www.pkulaw.com/lar/15ceaaac140be51dfe6b58f2e28bfd31bdfb.html
739,地方工作文件,上海市人民政府关于加强第六届中国国际进口博览会期间无人机等“低慢小”航空器安全管理的通告,上海市人民政府,沪府规〔2023〕9号,2023-10-21,现行有效,对外经贸综合规定,库存-pkulaw全量,https://www.pkulaw.com/lar/014e3c2d5d84bd3bfbbb3d2a55f8543dbdfb.html
740,地方工作文件,丽水市人民政府关于癸卯(2023)年中国仙都祭祀轩辕黄帝大典活动期间禁止无人机等“低慢小”航空器在相关区域飞行的通告,丽水市人民政府,丽水市人民政府通告〔2023〕7号,2023-10-17,现行有效,对外经贸综合规定,库存-pkulaw全量,https://www.pkulaw.com/lar/27406966ccf880c4f67341ca287b281abdfb.html
741,地方工作文件,海南省财政厅关于下达利用无人机等信息化手段监管建筑垃圾违法倾倒项目预算资金的通知,海南省财政厅,琼财建〔2023〕960号,2023-10-07,现行有效,财政综合规定,库存-pkulaw全量,https://www.pkulaw.com/lar/3b7601d6e6998c4216639dbe67e28645bdfb.html
742,地方工作文件,广东省政务服务数据管理局关于公开征集政务领域无人机服务资源的公告,广东省政务服务数据管理局,,2023-08-30,现行有效,机关工作综合规定,库存-pkulaw全量,https://www.pkulaw.com/lar/b564704aba028358372d17d0463f436abdfb.html
743,地方工作文件,甘肃省自然资源厅关于无人机测绘技能竞赛有关事项的补充通知,甘肃省自然资源厅,甘资地信函〔2023〕38号,2023-08-24,现行有效,测绘综合规定,库存-pkulaw全量,https://www.pkulaw.com/lar/8116e9381e2a996aad492c05648421f9bdfb.html
744,地方工作文件,南京市大数据管理局关于南京市公安局警用无人机实战应用一体化平台建设项目可行性研究报告的批复,南京市大数据管理局,宁数管规划〔2023〕46号,2023-08-22,废止或失效,机关工作综合规定,库存-pkulaw全量,https://www.pkulaw.com/lar/0c1b678b0025279297237afb84bcd842bdfb.html
745,地方工作文件,甘肃省自然资源厅关于举办甘肃省百万职工劳动和技能竞赛首届无人机测绘技能竞赛选拔赛暨省级决赛的通知,甘肃省自然资源厅,甘资地信函〔2023〕37号,2023-08-21,现行有效,机关工作综合规定,库存-pkulaw全量,https://www.pkulaw.com/lar/4969a7f24d910dd2e1a004d247dfa842bdfb.html
746,地方工作文件,陕西省科学技术厅关于征集全省人工智能、无人机产业发展情况的通知,陕西省科学技术厅,,2023-05-30,现行有效,科技综合规定与体改,库存-pkulaw全量,https://www.pkulaw.com/lar/f38d6f64bf88b44d7875c65d73075278bdfb.html
747,地方工作文件,济南市人力资源和社会保障局关于举办济南市2023年职业技能竞赛系列赛—无人机驾驶员、工业机器人系统操作员、互联网营销师专...,济南市人力资源和社会保障局,,2023-05-30,现行有效,职业与职工教育,库存-pkulaw全量,https://www.pkulaw.com/lar/5c29fc13077c8f4fcea7df2893ac1313bdfb.html
748,地方工作文件,成都市财政局、成都市农业农村局关于下达2023年市级财政秸秆禁烧无人机巡查项目专项资金的通知,成都市财政局 成都市农业农村局,成财农发〔2023〕20号,2023-05-29,现行有效,财政综合规定,库存-pkulaw全量,https://www.pkulaw.com/lar/0de6d89db0a8c81e59dad2d38dc43b01bdfb.html
749,地方工作文件,青海省农牧机械推广总站关于植保无人机高原性能试验结果的通告,青海省农牧机械推广总站,,2023-05-24,现行有效,机关工作综合规定,库存-pkulaw全量,https://www.pkulaw.com/lar/7d8749672994d386c178b3be2e9d243ebdfb.html
750,地方工作文件,丽水市人民政府关于城市森林音乐会演出期间无人机管制的通告,丽水市人民政府,通告〔2023〕4号,2023-05-06,现行有效,机关工作综合规定,库存-pkulaw全量,https://www.pkulaw.com/lar/de402c31731a86e362a9efefa2968e3dbdfb.html
751,地方工作文件,苏州市教育局关于公布第四届苏州市青少年天工节暨青少年无人机比赛获奖名单的通知,苏州市教育局,苏教职〔2023〕10号,2023-05-04,现行有效,机关工作综合规定,库存-pkulaw全量,https://www.pkulaw.com/lar/ecc8eef7ac9206263c6ac922776e9de2bdfb.html
752,地方工作文件,西藏自治区科学技术厅关于发布“一江两河流域大型无人机增雨(雪)科学实验关键技术研究及应用”项目榜单的通知,西藏自治区科学技术厅,,2023-04-28,现行有效,科学研究与科技项目,库存-pkulaw全量,https://www.pkulaw.com/lar/129290a665bab31bd33335fe3fcc0861bdfb.html
753,地方工作文件,东营市关于加强民用无人机等“低慢小”航空器安全管理的通告,东营市公安局 东营市工业和信息化局 东营市交通运输局 东营市农业农村局 东营市文化和旅游,东公通〔2023〕12号,2023-05-01,现行有效,对外经贸综合规定,库存-pkulaw全量,https://www.pkulaw.com/lar/db5f1f73fa05d3cdb9db3c82f8d0a558bdfb.html
754,地方工作文件,丽水市人民政府关于马拉松比赛期间无人机管制的通告,丽水市人民政府,丽水市人民政府通告〔2023〕3号,2023-03-22,现行有效,交通运输综合规定,库存-pkulaw全量,https://www.pkulaw.com/lar/40d45c7fa07af74948c8188e930955bcbdfb.html
755,地方工作文件,台州市农民合作经济组织联合会关于召开农业无人机飞防技术研讨会的通知,台州市农民合作经济组织联合会,,2023-03-17,现行有效,科技综合规定与体改,库存-pkulaw全量,https://www.pkulaw.com/lar/560eb1c9f78c27869d641db40b6c2e31bdfb.html
756,地方工作文件,浙江省测绘学会关于举办浙江省自然资源系统第二期无人机驾驶执照考核培训班的通知,浙江省测绘学会,浙测学〔2023〕8号,2023-02-21,现行有效,交通安全管理,库存-pkulaw全量,https://www.pkulaw.com/lar/82756c2b902e763d4ee83591c37e8b18bdfb.html
757,地方工作文件,温州市退役军人事务局关于组织开展2023年退役士兵无人机操控和应用技能培训的通知,温州市退役军人事务局,,2023-02-17,现行有效,退伍军人安置 职业与职工教育 职工教育与考核 国防事务 兵役制度,库存-pkulaw全量,https://www.pkulaw.com/lar/3844c7fd89722fe12e8d37b80e90060ebdfb.html
758,地方工作文件,山西省职业院校技能大赛组委会关于举办山西省第十六届职业院校技能大赛高职组无人机应用技能与创新、园艺和中、高职组植物组...,山西省职业学院技能大赛组织委员会,晋教职赛[2023]53号,2023-02-13,现行有效,机关工作综合规定,库存-pkulaw全量,https://www.pkulaw.com/lar/21c86490aeee7f600d5367d29790c7a4bdfb.html
759,地方工作文件,汕头市科学技术局关于“汕头市无人机应用工程研究开发中心建设”等两个项目拟进行被动终止结题的公告,汕头市科学技术局,,2023-02-07,现行有效,科技综合规定与体改,库存-pkulaw全量,https://www.pkulaw.com/lar/8dcee51cf398cf0083ead04ff6a03148bdfb.html
760,地方工作文件,台州市人民政府关于对黄岩区江口街道周边无人机等“低慢小”航空器采取临时性管制措施的通告,台州市人民政府,台政发[2022]22号,2022-12-16,现行有效,交通运输综合规定,库存-pkulaw全量,https://www.pkulaw.com/lar/bbeaf4e397796ba3f2d07b6fb7c0b28cbdfb.html
761,地方工作文件,三亚市人民政府关于第四届海南岛国际电影节期间加强无人机等“低慢小”航空器安全管理的通告,三亚市人民政府,三府〔2022〕440号,2022-12-17,现行有效,治安管理,库存-pkulaw全量,https://www.pkulaw.com/lar/3c79dab32d6aa76f8ebe72ab967f10d5bdfb.html
762,地方工作文件,东营市人力资源和社会保障局关于开展2022年度东营市职业农民植保无人机飞防技能认定的公告,东营市人力资源和社会保障局,,2022-11-14,现行有效,劳动工会综合规定,库存-pkulaw全量,https://www.pkulaw.com/lar/bf93fb6f413eec81a96da0a6d0b5a134bdfb.html
763,地方工作文件,丽水市人民政府关于首届革命老区好物节暨丽水市人才科技好物节期间禁止无人机等各类“低慢小”航空器在相关区域飞行的通告,丽水市人民政府,丽水市人民政府通告〔2022〕5号,2022-11-07,现行有效,对外经贸综合规定,库存-pkulaw全量,https://www.pkulaw.com/lar/a0465e5becc10c27ea747f70edec7b20bdfb.html
764,地方工作文件,苏州市教育局关于举办第四届苏州市青少年天工节暨青少年无人机比赛的通知,苏州市教育局,苏教职〔2022〕18号,2022-11-04,现行有效,机关工作综合规定,库存-pkulaw全量,https://www.pkulaw.com/lar/941b90ed1b48928a946e712ab6dad252bdfb.html
765,地方工作文件,浙江省测绘学会关于举办浙江省自然资源系统第一期无人机驾驶执照考核培训班的通知,浙江省测绘学会,浙测学〔2022〕21号,2022-11-02,现行有效,测绘综合规定,库存-pkulaw全量,https://www.pkulaw.com/lar/11da5c13aeee0f31bc93a76052486129bdfb.html
766,地方工作文件,湖州市南浔区民政局关于准予成立湖州市南浔区无人机协会决定书,湖州市南浔区民政局,,2022.11,现行有效,优抚制度,库存-pkulaw全量,https://www.pkulaw.com/lar/b6b54e195c75ae1cdccf774fb8c72735bdfb.html
767,地方工作文件,苏州市人民政府关于加强第五届中国国际进口博览会期间无人机等“低慢小”航空器安全管理的通告,苏州市人民政府,苏府通〔2022〕1号,2022-10-31,现行有效,交通运输综合规定,库存-pkulaw全量,https://www.pkulaw.com/lar/787b05f9aed4f6b288ed6a64a88933b3bdfb.html
768,地方工作文件,北京市园林绿化局关于发布无人机智能应用揭榜挂帅任务的通知,北京市园林绿化局（首都绿化委员会办公室）,,2022-10-26,现行有效,科技综合规定与体改,库存-pkulaw全量,https://www.pkulaw.com/lar/148ae5426ac80c8004f9fb9558510283bdfb.html
769,地方工作文件,珠海市农业农村局关于印发《珠海市2020年水稻无人机统防统治植保作业农药统一配送实施方案》的通知,珠海市农业农村局,,2020-04-13,现行有效,机关工作综合规定,库存-pkulaw全量,https://www.pkulaw.com/lar/c8b0e09ba8e807aa7b54212ec71b8feebdfb.html
770,地方工作文件,中山市农业科技推广中心关于建立中山市水稻病虫无人机喷药服务组织目录库的通知,中山市农业科技推广中心,,2020-03-12,现行有效,机关工作综合规定,库存-pkulaw全量,https://www.pkulaw.com/lar/d65e28474812b208d0f7a4a3e35e4d5dbdfb.html
771,地方工作文件,山东省工业和信息化厅关于开展民用无人机相关信息摸底调查工作的通知,山东省工业和信息化厅,,2020,现行有效,企业综合规定,库存-pkulaw全量,https://www.pkulaw.com/lar/f0ad534e0d6eb37108dc3f86b53ca87dbdfb.html
772,地方工作文件,惠州市城乡管理和综合执法局无人机监测“两违”专项航拍项目中标公告,惠州市城乡管理和综合执法局,,2019-12-11,现行有效,建设综合规定,库存-pkulaw全量,https://www.pkulaw.com/lar/3ce17f00b53d37da0d976695ef1d1b43bdfb.html
773,地方工作文件,惠州市城乡管理和综合执法局无人机监测“两违”专项航拍项目招标公告,惠州市城乡管理和综合执法局,,2019-11-27,现行有效,建设综合规定,库存-pkulaw全量,https://www.pkulaw.com/lar/e4dbab5ab406ca263e6f893c28c7f620bdfb.html
774,地方工作文件,惠州市人民政府关于加强大亚湾石化区无人机等“低慢小”航空器治安管理工作的通告,惠州市人民政府,惠府[2019]55号,2019-11-11,废止或失效,机关工作综合规定,库存-pkulaw全量,https://www.pkulaw.com/lar/642efb18a2443740d72c43e7e9f6431ebdfb.html
775,地方工作文件,苏州市人民政府关于加强第二届中国国际进口博览会期间无人机等“低慢小”航空器安全管理的通告,苏州市人民政府,苏府通〔2019〕113号,2019-10-29,现行有效,经贸展览与洽谈,库存-pkulaw全量,https://www.pkulaw.com/lar/75b8514b9b8c16de2e347829cf34c992bdfb.html
776,地方工作文件,泰顺县人民政府办公室关于印发《“飞阅大美浙江”浙江省第二届无人机航拍大赛暨飞云湖“鸟人”飞行大赛活动方案》的通知,泰顺县人民政府,,2019-10-22,现行有效,对外经贸综合规定,库存-pkulaw全量,https://www.pkulaw.com/lar/47f4437fe14982317bd7dafa2e90f64fbdfb.html
777,地方工作文件,深圳市工业和信息化局关于邀请出席“突破行业共性技术瓶颈，助力产业高质量发展”无人机行业交流会议的通知,深圳市工业和信息化局,,2019-10-10,现行有效,科技综合规定与体改,库存-pkulaw全量,https://www.pkulaw.com/lar/5e5e72c1d339fc6e51c5203380f3871bbdfb.html
778,地方工作文件,贵州省人民政府关于加强无人机等“低慢小”航空器安全管理的通告,贵州省人民政府,,2019-09-23,现行有效,航空运输,库存-pkulaw全量,http://www.gz.xinhuanet.com/2019-09/25/c_1125036790.htm
779,地方工作文件,广西壮族自治区生态环境厅办公室关于举办2019年广西生态环境系统无人机操控及摄影摄像技能培训班暨广西环境监察大练兵活动的通知,广西壮族自治区生态环境厅,便函〔2019〕1102号,2019-09-18,现行有效,环保综合规定,库存-pkulaw全量,https://www.pkulaw.com/lar/0ed2c38df0bdfe2bc72bf794b3cd7919bdfb.html
780,地方工作文件,惠州市城乡管理和综合执法局无人机图斑信息管理系统采购招标项目中标公告,惠州市城乡管理和综合执法局,,2019-09-16,现行有效,财政综合规定,库存-pkulaw全量,https://www.pkulaw.com/lar/28f1c83ef8ba99674b6535515e9e3b80bdfb.html
781,地方工作文件,贵阳市人民防空办公室关于做好无人机驾驶员合格证换证的通知,贵阳市人民防空办公室,,2019-09-12,现行有效,国防事务,库存-pkulaw全量,https://www.pkulaw.com/lar/049906f6b3df9a4aadf5e48ad51c2b16bdfb.html
782,地方工作文件,河北省文物局关于全省部分重要田野文物无人机安全巡查工作方案的批复,河北省文物局,,2019-08-19,现行有效,文物与古迹保护,库存-pkulaw全量,https://www.pkulaw.com/lar/e5ad0a97ec25bd740a2787f5ddfd377abdfb.html
783,地方工作文件,哈尔滨市人民政府关于哈尔滨银行2019哈尔滨国际马拉松赛事期间对无人机等飞行物实行临时管控有关事宜的通告,哈尔滨市人民政府,哈政规〔2019〕15号,2019-08-09,废止或失效,交通运输综合规定,库存-pkulaw全量,https://www.pkulaw.com/lar/6a753b92e5cc95bb2c9b09dfa097fccfbdfb.html
784,地方工作文件,浙江省农业农村厅关于公布2019年第三批农机购置补贴产品、中央农机新产品、省级农机补贴产品和植保无人机补贴试点产品信息表的通告,浙江省农业农村厅,,2019-07-22,现行有效,农业科技与农机,库存-pkulaw全量,https://www.pkulaw.com/lar/d81d982ef00c782d43662dec7cb180d5bdfb.html
785,地方工作文件,辽宁省农业农村厅对省政协十二届二次会议第12020495号关于加快推进市省植保无人机购置补贴的提案的答复,辽宁省农业农村厅,辽农提[2019]65号,2019-06-04,现行有效,机关工作综合规定,库存-pkulaw全量,https://www.pkulaw.com/lar/9bcff80dbab9781afa7512168819bf91bdfb.html
786,地方工作文件,贵阳市公安交通管理局关于2019年数博会无人机表演期间的临时交通管制通告,贵阳市公安交通管理局,,2019-05-27,现行有效,交通运输综合规定,库存-pkulaw全量,https://www.pkulaw.com/lar/53dc24f2bff2483c78b0fb68145df0b2bdfb.html
787,地方工作文件,浙江省农业农村厅关于公布2019年第二批农机购置补贴产品、中央农机新产品、省级农机补贴产品和植保无人机补贴试点产品信息表的通告,浙江省农业农村厅,,2019-05-24,现行有效,农业科技与农机,库存-pkulaw全量,https://www.pkulaw.com/lar/bb7c2f296a195afa1a3e33ac60d2b72bbdfb.html
788,地方工作文件,浙江省农业农村厅办公室关于公布2019年第一批农机购置补贴产品、中央农机新产品、省级农机补贴产品和植保无人机补贴试点产品...,浙江省农业农村厅,,2019-04-29,现行有效,农业科技与农机,库存-pkulaw全量,https://www.pkulaw.com/lar/fa1faa190b27bda3dafe963419753b6bbdfb.html
789,地方工作文件,浙江省农业农村厅关于公布《2018―2020年浙江省农机购置补贴产品补贴额一览表(2019年调整)》和《2018―2020年中央农机新产品...,浙江省农业农村厅,,2019-04-17,现行有效,农业科技与农机,库存-pkulaw全量,https://www.pkulaw.com/lar/32202d0f6dfaa0e77393ade665aa8a7cbdfb.html
790,地方工作文件,浙江省农业农村厅关于报送2019年农机购置补贴产品、中央农机新产品、省级农机补贴产品和植保无人机补贴试点产品归档信息的通告,浙江省农业农村厅,,2019-04-17,现行有效,农业科技与农机,库存-pkulaw全量,https://www.pkulaw.com/lar/28ccadaed66b74ed7cf1d87dba88dbc0bdfb.html
791,地方工作文件,江苏省农业农村厅关于报送植保无人机规范应用试点备案表的通知,江苏省农业农村厅,,2019-04-12,现行有效,农业管理,库存-pkulaw全量,https://www.pkulaw.com/lar/132e1270a3ae3386d4df6e6eac1f8bc7bdfb.html
792,地方工作文件,沈阳市农业农村局关于市政协十五届二次会议第0136号提案(关于加快推进我市植保无人机购置补贴的提案)的答复,沈阳市农业农村局,,2019-04-09,现行有效,农业科技与农机,库存-pkulaw全量,https://www.pkulaw.com/lar/d0eeba25f137c61878c2efe4d737f684bdfb.html
793,地方工作文件,成都市经济和信息化局关于开展成都市通用航空(含无人机)企业调研工作的通知,成都市经济和信息化局,,2019-02-12,现行有效,企业综合规定,库存-pkulaw全量,https://www.pkulaw.com/lar/ed0ccc58e31e2d810378994186d14ec5bdfb.html
794,地方工作文件,连云港市体育局关于举办首届连云港市青少年无人机飞行挑战赛的通知,连云港市体育局,连体竞〔2019〕17号,2019,现行有效,院校体育 竞赛制度 运动员 体育锻炼标准,库存-pkulaw全量,https://www.pkulaw.com/lar/ef91c235630233b28948569fa02add04bdfb.html
795,地方工作文件,海口市城市管理委员会关于做好2019年元宵节无人机表演活动期间市容秩序保障工作的通知,海口市城市管理委员会,海城管委发〔2019〕43号,2019,现行有效,公安综合规定,库存-pkulaw全量,https://www.pkulaw.com/lar/9db06d5e38712f43f5647d56a4a98763bdfb.html
796,地方工作文件,江苏省农业农村厅关于江苏省植保无人机补贴产品信息的公告,江苏省农业农村厅,江苏省农业农村厅公告2018年第16号,2018-12-20,现行有效,机关工作综合规定,库存-pkulaw全量,https://www.pkulaw.com/lar/07f7958810327bdfb5e7a978272e6f5cbdfb.html
797,地方工作文件,无锡市环境监察局关于移动执法装备(无人机)项目中标公告,无锡市环境监察局,,2018-12-18,现行有效,奖惩,库存-pkulaw全量,https://www.pkulaw.com/lar/aaee977941f70e488cee0ea9cb094e40bdfb.html
798,地方工作文件,淄博市农业机械管理局关于举办全市农机补贴廉政教育暨农机新产品植保无人机购置补贴试点培训班的通知,淄博市农业机械管理局,淄农机计财字[2018]25号,2018-12-11,现行有效,机关工作综合规定,库存-pkulaw全量,https://www.pkulaw.com/lar/3e5270c2330ad9987150388c9991174dbdfb.html
799,地方工作文件,山东省农业农村厅关于山东省农机新产品和植保无人机归档信息的补充公告,山东省农业农村厅,,2018-12-11,现行有效,机关工作综合规定,库存-pkulaw全量,https://www.pkulaw.com/lar/44745203d213de93bca8e77d9976b35abdfb.html
800,地方工作文件,江苏省农业农村厅办公室关于补充公示江苏省2018年第二批农机购置补贴产品和植保无人机企业自主投档信息的通知,江苏省农业农村厅,,2018-12-10,现行有效,农业管理 农业科技与农机,库存-pkulaw全量,https://www.pkulaw.com/lar/8a82be231582c6c6377024525215fb04bdfb.html
801,地方工作文件,贵港市人民政府关于在自治区成立60周年系列庆祝活动期间禁飞无人机等“低慢小”飞行物的通告,贵港市人民政府,贵政通[2018]61号,2018-12-07,现行有效,公安综合规定,库存-pkulaw全量,https://www.pkulaw.com/lar/59df960206cd78b2b6566e59d7dcf554bdfb.html
802,地方工作文件,钦州市人民政府关于在自治区成立60周年系列庆祝活动期间禁止无人机等“低慢小”航空器升空飞行的通告,钦州市人民政府,钦政规〔2018〕2号,2018-12-06,现行有效,公安综合规定,库存-pkulaw全量,https://www.pkulaw.com/lar/57cbd5534ed8b65ff12c3625efca075fbdfb.html
803,地方工作文件,山东省农业农村厅关于山东省农机新产品和植保无人机购置补贴试点归档信息的公告,山东省农业农村厅,,2018-12-03,现行有效,农业科技与农机,库存-pkulaw全量,https://www.pkulaw.com/lar/9435550aa278d4407cdde0ce9c5a84e7bdfb.html
804,地方工作文件,苏州市民政局关于准予“苏州市民用无人机协会”登记的批复,苏州市民政局,苏政民管〔2018〕86号,2018-11-27,现行有效,社团管理,库存-pkulaw全量,https://www.pkulaw.com/lar/bc3b675e3285157323b9de77b24d2878bdfb.html
805,地方工作文件,贵阳市科学技术局(市知识产权局)关于采购无人机及运动相机等物资的比选公告,贵阳市科学技术局,,2018-11-19,现行有效,财政综合规定,库存-pkulaw全量,https://www.pkulaw.com/lar/9558399cad493e7d00364e655a68fb64bdfb.html
806,地方工作文件,江苏省学位委员会办公室关于公布首届江苏省研究生无人机科研创新实践大赛获奖名单的通知,江苏省学位委员会,苏学位办〔2018〕48号,2018-10-31,现行有效,教育综合规定,库存-pkulaw全量,https://www.pkulaw.com/lar/058295385b08b7c845c48af605c4aa94bdfb.html
807,地方工作文件,湖南省水库移民开发管理局关于举办移民植保无人机飞手培训班的通知,湖南省水库移民开发管理局,,2018-10-29,现行有效,专项资金管理,库存-pkulaw全量,https://www.pkulaw.com/lar/da0939d80221a06890e27eea41f5b8e8bdfb.html
808,地方工作文件,苏州市人民政府关于加强首届中国国际进口博览会期间无人机等“低慢小”航空器安全管理的通告,苏州市人民政府,苏府通〔2018〕75号,2018-10-26,现行有效,经贸展览与洽谈,库存-pkulaw全量,https://www.pkulaw.com/lar/80148ebfeac0d1f70c2e4c015d76ca70bdfb.html
809,地方工作文件,江西省农机局关于暂停广州天翔航空科技有限公司植保无人机产品补贴办理流程的通知,江西省农机局,赣农机综〔2018〕58号,2018-09-30,现行有效,农业科技与农机,库存-pkulaw全量,https://www.pkulaw.com/lar/4d5aca9dea234a7c3ca7224176e37f02bdfb.html
810,地方工作文件,宁夏回族自治区公安厅关于对无人机等“低慢小”飞行器管制的通告,宁夏回族自治区公安厅,,2018-09-18,现行有效,机关工作综合规定,库存-pkulaw全量,https://www.pkulaw.com/lar/d22dc41a87b2ef33be9565963d15aca9bdfb.html
811,地方工作文件,东莞市民政局关于同意成立东莞市无人机协会的函,东莞市民政局,,2018-08-24,现行有效,机关工作综合规定,库存-pkulaw全量,https://www.pkulaw.com/lar/2aba5940dae91487f1a97712e340fc8fbdfb.html
812,地方工作文件,哈尔滨市人民政府关于哈尔滨银行2018哈尔滨国际马拉松赛事期间对无人机等飞行物实行临时管控有关事宜的通告,哈尔滨市人民政府,哈政规〔2018〕19号,2018-08-26,废止或失效,交通运输综合规定,库存-pkulaw全量,https://www.pkulaw.com/lar/d311eb5f73646c974622689f23477839bdfb.html
813,地方工作文件,中山市农业科技推广中心关于公布“植保无人机水稻病虫防治服务”试验评审结果的通知,中山市农业科技推广中心,,2018-08-22,现行有效,农业管理,库存-pkulaw全量,https://www.pkulaw.com/lar/2ca7bbd1394d41947f0635c4bd88f6c3bdfb.html
814,地方工作文件,中山市农业科技推广中心关于开展无人机应用验证试验的通知,中山市农业科技推广中心,,2018-08-22,现行有效,农业管理,库存-pkulaw全量,https://www.pkulaw.com/lar/49733d9237ecea99a5f2f382628e9d57bdfb.html
815,地方工作文件,惠州市城市管理行政执法局关于公开无人机全域飞行工作项目市场价格评估公司选取结果的公告,惠州市城市管理行政执法局,,2018-08-17,现行有效,价格综合规定,库存-pkulaw全量,https://www.pkulaw.com/lar/41d20ebfd849757ccadf41147d52b992bdfb.html
816,地方工作文件,惠州市城市管理行政执法局关于公开选取有评估无人机全域飞行工作项目所需费用资质公司的公告,惠州市城市管理行政执法局,,2018-08-13,现行有效,房地产综合规定,库存-pkulaw全量,https://www.pkulaw.com/lar/1249f237c08210b0bb4fa99384da90fdbdfb.html
817,地方工作文件,成都市民政局关于成都市无人机产业协会申请成立登记的批复,成都市民政局,成民审〔2018〕225号,2018-08-10,现行有效,机关工作综合规定,库存-pkulaw全量,https://www.pkulaw.com/lar/eaad226786dbbc2470e8df74841787e3bdfb.html
818,地方工作文件,衡阳市公安局关于在湖南省第十三届省运会、第十届残运会期间严禁无人机等“低慢小”飞行物飞行的公告,衡阳市公安局,,2018-08-02,现行有效,航空运输,库存-pkulaw全量,https://www.pkulaw.com/lar/edb67c084e6401aa4dc1ccfe29fb9ef0bdfb.html
819,地方工作文件,陕西省环境保护厅关于西安爱生无人机技术有限公司申请射线装置实施豁免管理的复函,陕西省环境保护厅,陕环辐射函〔2018〕61号,2018-07-17,现行有效,环保综合规定,库存-pkulaw全量,https://www.pkulaw.com/lar/9778bfb36fd2a927fdc6189f2a63d984bdfb.html
820,地方工作文件,江苏省学位委员会办公室关于举办首届江苏省研究生无人机科研创新实践大赛的通知,江苏省学位委员会,苏学位办〔2018〕24号,2018-06-25,现行有效,教育综合规定,库存-pkulaw全量,https://www.pkulaw.com/lar/4aeb13eac5cb68465464d5386f518f7bbdfb.html
821,地方工作文件,南宁市测绘地理信息局关于报送无人机测绘航空摄影相关情况的函,南宁市测绘地理信息局,,2018-06-20,现行有效,地质矿产综合规定,库存-pkulaw全量,https://www.pkulaw.com/lar/03bf9b389f442f76a5413e651d18858abdfb.html
822,地方工作文件,浙江省农业厅关于举办浙江省首届农用无人机操作技能大赛的通知,浙江省农业厅,,2018-06-08,现行有效,竞赛制度,库存-pkulaw全量,https://www.pkulaw.com/lar/16539aaca7c22b19565681bfbd611f33bdfb.html
823,地方工作文件,中山市农业科技推广中心关于开展2018年“植保无人机水稻病虫防治服务”试验的通知,中山市农业科技推广中心,,2018-05-22,现行有效,环保综合规定,库存-pkulaw全量,https://www.pkulaw.com/lar/da1e5abf980b09acf41fbb2685667fc5bdfb.html
824,地方工作文件,成都市科学技术局关于《关于大力发展成都市无人机产业的建议》协办意见的函,成都市科学技术局,,2018-04-25,现行有效,机关工作综合规定,库存-pkulaw全量,https://www.pkulaw.com/lar/cac6d0ea1e9bc729842127159d115d8ebdfb.html
825,地方工作文件,东营市人民政府办公室关于成立无人机飞行校验系统飞行测试专项工作领导小组的通知,东营市人民政府,东政办字〔2018〕26号,2018-03-22,现行有效,机关工作综合规定,库存-pkulaw全量,https://www.pkulaw.com/lar/c56d93c7bd9bc74949bbacfc7e407b82bdfb.html
826,地方工作文件,珠海市海洋农业和水务局关于印发珠海市农用无人机统防统治植保作业补贴方案的通知,珠海市海洋农业和水务局(原市海洋农渔和水务局),,2018-01-16,废止或失效,机关工作综合规定,库存-pkulaw全量,https://www.pkulaw.com/lar/e9e6ae474eec6bddc2e00e588339a120bdfb.html
827,地方工作文件,成都市经济和信息化委员会关于开展成都市无人机企业摸底工作的通知,成都市经济和信息化委员会,,2018-01-12,现行有效,机关工作综合规定,库存-pkulaw全量,https://www.pkulaw.com/lar/32b6e14be99d553850cb227dfe8f5bdabdfb.html
828,地方工作文件,绵阳市经济和信息化委员会关于开展无人机企业调研的通知,绵阳市经济和信息化委员会,绵经信重〔2018〕19号,2018-01-11,现行有效,国家产业政策 科技企业 企业统计 新技术企业 电子工业管理,库存-pkulaw全量,https://www.pkulaw.com/lar/6cd8bfad0e5a4622bba3c3ca9d6e9dc6bdfb.html
829,地方工作文件,襄阳市公安局关于2017襄阳马拉松期间无人机等飞行物管控的通告,襄阳市公安局,,2017-10-24,现行有效,交通运输综合规定,库存-pkulaw全量,https://www.pkulaw.com/lar/5ec4a3f6ed2301bda6a7c6cd9d5e18a2bdfb.html
830,地方工作文件,哈尔滨市人民政府关于哈尔滨银行2017哈尔滨国际马拉松赛事期间对无人机等飞行物实行临时管控有关事宜的通告,哈尔滨市人民政府,哈政规〔2017〕36号,2017-08-25,现行有效,交通运输综合规定,库存-pkulaw全量,https://www.pkulaw.com/lar/24aae0bc220e8e79a28d1f2cc4184e79bdfb.html
831,地方工作文件,资源县公安局关于资源漂流世界杯赛事期间对无人机实行管控的通告,资源县公安局,,2017-08-15,现行有效,机关工作综合规定,库存-pkulaw全量,https://www.pkulaw.com/lar/a35903a4f5cfa0d8a79ef80b3e1067b4bdfb.html
832,地方工作文件,东海县人民政府办公室关于成立连云港白塔埠机场无人机暨净空保护联防联控工作领导小组的通知,东海县人民政府,东政办发〔2017〕60号,2017-07-17,现行有效,人事管理,库存-pkulaw全量,https://www.pkulaw.com/lar/c94c5c4e7f8246823ce853ef788412efbdfb.html
833,地方工作文件,广东省公安厅关于加强无人机等“低慢小”航空器安全管理的通告,广东省公安厅,粤公通字〔2017〕118号,2017-08-01,废止或失效,航空运输,库存-pkulaw全量,https://www.pkulaw.com/lar/90bd8e323059ff55270c49d684bb216abdfb.html
834,地方工作文件,曲靖市人民政府办公室关于全面加强无人机等低慢小飞行器管理工作的通知,曲靖市人民政府,曲府办明电〔2017〕56号,2017-05-22,现行有效,交通运输综合规定,库存-pkulaw全量,https://www.pkulaw.com/lar/9f88c7166a1058f3e0776440f2350d0fbdfb.html
835,地方工作文件,福建省新闻出版广电局关于同意国产故事影片《无人机》变更第一出品单位申请的批复,福建省新闻出版广电局,闽新广[2017]266号,2017-05-02,现行有效,机关工作综合规定,库存-pkulaw全量,https://www.pkulaw.com/lar/9cf282ff43985962553a095fde0259f0bdfb.html
836,地方工作文件,福建省林业厅关于林业无人机应用业务需求调查统计的通知,福建省林业厅,闽林航护[2017]1号,2017-02-17,现行有效,统计综合规定,库存-pkulaw全量,https://www.pkulaw.com/lar/8e91378cf0d488b9f0b126d82374ff56bdfb.html
837,地方工作文件,2017年中央电视台春节联欢晚会桂林分会场无人机等“低慢小”飞行器管制通告,桂林市公安局,,2017-01-10,现行有效,机关工作综合规定,库存-pkulaw全量,https://www.pkulaw.com/lar/f0fd85e2935c52bb57aa50579c6a022ebdfb.html
838,地方工作文件,惠州市民政局关于同意成立惠州市三航无人机技术研究院的批复,惠州市民政局,惠民社〔2016〕99号,2016-11-18,现行有效,机关工作综合规定,库存-pkulaw全量,https://www.pkulaw.com/lar/c7f137bfbf190b61cc20467ed82ebb42bdfb.html
839,地方工作文件,成都市文化广电新闻出版局关于无人机采购项目的比选公告,成都市文化广电新闻出版局,,2016-11-16,现行有效,人事综合规定,库存-pkulaw全量,https://www.pkulaw.com/lar/e12a3ea57e6d3da79b29f77adf5fffd8bdfb.html
840,地方工作文件,重庆市科学技术委员会关于申报重庆市重点产业共性关键技术创新专项“大载荷工业级多旋翼无人机产业共性关键技术创新”主题专...,重庆市科学技术局(原重庆市科学技术委员会),,2016-10-31,现行有效,机关工作综合规定,库存-pkulaw全量,https://www.pkulaw.com/lar/26325313abcc0604f86f655af757361bbdfb.html
841,地方工作文件,成都市科学技术局关于《大力宣传推广植保无人机应用助力现代农业发展的建议》协办意见的函,成都市科学技术局,,2016-09-23,现行有效,机关工作综合规定,库存-pkulaw全量,https://www.pkulaw.com/lar/9625dac30fbc8f0da6e3d936322e2654bdfb.html
842,地方工作文件,宁波市安全生产监督管理局关于采购无人机的通知,宁波市安全生产监督管理局,,2016-09-05,现行有效,机关工作综合规定,库存-pkulaw全量,https://www.pkulaw.com/lar/96c82f64dbd2b39fa901c72cb4f670f1bdfb.html
843,地方工作文件,盘锦市人民政府关于印发《盘锦市无人机产业发展规划》的通知,盘锦市人民政府,盘政发〔2016〕29号,2016-06-20,废止或失效,机关工作综合规定,库存-pkulaw全量,https://www.pkulaw.com/lar/996a60ed3aa4b79e485ecc40ea8bdd88bdfb.html
844,地方工作文件,金华市金东区人民政府关于推进金东区智能制造(无人机)产业园建设相关意见(试行),金华市金东区人民政府,金区政〔2016〕29号,2016-05-01,废止或失效,互联网,库存-pkulaw全量,https://www.pkulaw.com/lar/2e91825b9bc05bcab49f41d2824d2490bdfb.html
845,地方工作文件,临汾市人民政府办公厅关于加强无人机飞行安全监管确保机场飞行安全的通知,临汾市人民政府,临政办函〔2016〕9号,2016-02-22,现行有效,航空运输,库存-pkulaw全量,https://www.pkulaw.com/lar/50dd34afb336c6671b3252ad07d56638bdfb.html
846,地方工作文件,北京市科学技术委员会关于征集无人机领域2015年北京市科技计划项目(课题)的通知,北京市科学技术委员会,,2014-06-27,现行有效,计划综合规定,库存-pkulaw全量,https://www.pkulaw.com/lar/0856d6b56c43ee5add88a454e4c10943bdfb.html
847,地方工作文件,南昌市发展和改革委员会关于同意江西洪都航空工业集团有限责任公司导弹 无人机制造中心建设项目备案的通知,南昌市发展和改革委员会,洪发改行备字〔2014〕69号,2014-05-30,现行有效,航空运输,库存-pkulaw全量,https://www.pkulaw.com/lar/842a54f7f43261bf01a775789698a77cbdfb.html
848,地方工作文件,大连市人民政府关于对无人机等“低慢小”航空器及空飘物实施临时管控的通告,大连市人民政府,大政发〔2025〕9号,2025-05-09,现行有效,机关工作综合规定,库存-pkulaw全量,https://www.pkulaw.com/lar/2d54eac220e27f791c014e2f1fc918bcbdfb.html
849,地方工作文件,北京市东城区职业技能鉴定管理中心关于领取北京市第六届职业技能大赛无人机装调检修、工业视觉系统运维员竞赛职业技能等级证...,北京市东城区其他机构,,2025-05-09,现行有效,体育综合规定,库存-pkulaw全量,https://www.pkulaw.com/lar/670276be146c0c1bb4806586d6081863bdfb.html
850,地方工作文件,绍兴市住房和城乡建设局关于开展2025年度绍兴市无人机测绘操控员培训的通知,绍兴市住房和城乡建设局,,2025-05-07,现行有效,职工教育与考核 职业与职工教育 建筑安装施工 勘察设计,库存-pkulaw全量,https://www.pkulaw.com/lar/87da10bd55dd74f3e3af5b62a2b8267ebdfb.html
851,地方工作文件,南昌市教育局关于开展南昌市青少年航空航天模型及无人机教育竞赛通知,南昌市教育局,,2025-03-28,现行有效,科技综合规定与体改,库存-pkulaw全量,https://www.pkulaw.com/lar/fd274204a1a3a9c7e03205c7a70654aabdfb.html
852,地方工作文件,丽水市人民政府关于2025丽水马拉松无人机等“低慢小”飞行物管制的通告,丽水市人民政府,丽政通〔2025〕3号,2025-03-26,现行有效,交通运输综合规定,库存-pkulaw全量,https://www.pkulaw.com/lar/9c273ebca23c6c7a109a007a92cefacabdfb.html
853,地方工作文件,淮南市人民政府关于禁止无人机等航空器飞行的通告,淮南市人民政府,淮府秘〔2025〕20号,2025-03-25,现行有效,对外经贸综合规定,库存-pkulaw全量,https://www.pkulaw.com/lar/08f9233d34609a1430dc57f0e1fb0575bdfb.html
854,地方工作文件,黔西南州人民政府关于2025万峰林警察半程马拉松期间无人机等航空器飞行临时管控的通告,黔西南布依族苗族自治州人民政府,,2025-03-21,现行有效,治安管理 警察警衔警械 航空运输 交通安全管理 消防管理,库存-pkulaw全量,https://www.pkulaw.com/lar/c85e8010848467347ddfd8b81be3ca7fbdfb.html
855,地方工作文件,珠海市人力资源和社会保障局、珠海市总工会关于公布2024年广东省无人机应用技职业技能大赛珠海市选拔赛暨珠海首届职工无人机...,珠海市人力资源和社会保障局 珠海市总工会,,2025-03-12,现行有效,竞赛制度 职工教育与考核 职业与职工教育 奖惩 职工管理与奖惩,库存-pkulaw全量,https://www.pkulaw.com/lar/5d901bd275000722c1d5ae3405331996bdfb.html
856,地方工作文件,四川省科学技术厅关于征集无人机高空救援技术方案的通知,四川省科学技术厅,,2025-03-10,现行有效,机关工作综合规定,库存-pkulaw全量,https://www.pkulaw.com/lar/65f3702d6a3710d0dfda9c161a90a7febdfb.html
857,地方工作文件,人大代表建议及办理情况(第 J024 号【关于探索出台农用无人机规范化使用及意外保险政策的建议】),嘉善县人民政府,,2025,现行有效,保险法规 保险监管 农业资金 农业科技与农机,库存-pkulaw全量,https://www.pkulaw.com/lar/4e39019165e28e7540cb6fee23a23df0bdfb.html
858,地方工作文件,2025年北京市无人机产品质量监督抽查实施细则,北京市市场监督管理局,,2025,现行有效,产品质量监督 质量管理监督机构与人员 产品质量责任 特种行业和危险品管理 电子产品与质,库存-pkulaw全量,https://www.pkulaw.com/lar/f095ab6f3a44e80fe39cbbd13d148ffcbdfb.html
859,地方工作文件,黄山市人民政府关于对无人机等“低慢小”航空器飞行实施临时管控的通告,黄山市人民政府,黄政秘〔2024〕34号,2024-12-27,现行有效,航空运输 交通安全管理 治安管理 法规规章制定与发布 特种行业和危险品管理,库存-pkulaw全量,https://www.pkulaw.com/lar/515a7bc3ba96e345e5cd81178d5517d6bdfb.html
860,地方工作文件,海口市科学技术工业信息化局关于遴选2024年大型晚会无人机反制服务机构的邀请函,海口市科学技术工业信息化局,,2024-12-10,现行有效,机关工作综合规定,库存-pkulaw全量,https://www.pkulaw.com/lar/affd20184feabbc487236e3e1672d13bbdfb.html
861,地方工作文件,重庆市体育局关于举办重庆市首届青少年无人机大赛暨青少年航空科技创新活动的通知,重庆市体育局,,2024-12-05,现行有效,体育综合规定,库存-pkulaw全量,https://www.pkulaw.com/lar/449e7073d501523349ac6e55fea989b5bdfb.html
862,地方工作文件,珠海市人民政府、广东省人民政府横琴粤澳深度合作区工作办公室关于重大活动期间禁飞无人机等“低慢小”飞行物的公告,珠海市人民政府 广东省人民政府横琴粤澳深度合作区工作办公室,珠府〔2024〕105号,2024-11-30,现行有效,公安综合规定,库存-pkulaw全量,https://www.pkulaw.com/lar/bec9d76b961657f7853757598d590296bdfb.html
863,地方工作文件,上海市体育局关于举办2025年世界无人机足球锦标赛的批复,上海市体育局,沪体赛〔2024〕164号,2024-11-29,现行有效,体育综合规定,库存-pkulaw全量,https://www.pkulaw.com/lar/0b4e8dd6d5824c1e24375cf41e2d1117bdfb.html
864,地方工作文件,深圳市知识产权局关于举办2024年第四期知识产权质押融资入园惠企(罗湖无人机专场)活动的通知,深圳市知识产权局,,2024-11-06,现行有效,专利管理 贷款 科技企业,库存-pkulaw全量,https://www.pkulaw.com/lar/c5e9e26f4f9fd50f7692a435fa304425bdfb.html
865,地方工作文件,溧阳市公安局、溧阳市文体广电和旅游局关于2024天目湖马拉松举办期间对无人机等“低慢小”航空器禁飞的通告,溧阳市公安局 溧阳市文体广电和旅游局,,2024-11-02,现行有效,交通运输综合规定,库存-pkulaw全量,https://www.pkulaw.com/lar/bdd651d20f3222ababc369272c88ced9bdfb.html
866,地方工作文件,南昌市人民政府关于2024年南昌飞行大会城市宣传飞行活动期间禁止无人机等航空器在相关区域飞行的公告,南昌市人民政府,洪府函〔2024〕152号,2024-10-28,现行有效,机关工作综合规定,库存-pkulaw全量,https://www.pkulaw.com/lar/b6a0b0b70cfbc78242ccaa425ad17467bdfb.html
867,地方工作文件,南昌市教育局关于举办南昌市青少年无人机大赛的通知,南昌市教育局,,2024-10-28,现行有效,机关工作综合规定,库存-pkulaw全量,https://www.pkulaw.com/lar/5fa38e24bcd29482d2bd1103bc8fbc7ebdfb.html
868,地方工作文件,上海市人民政府关于加强第七届中国国际进口博览会期间无人机等“低慢小”航空器安全管理的通告,上海市人民政府,沪府规〔2024〕10号,2024-09-30,现行有效,交通运输综合规定,库存-pkulaw全量,https://www.pkulaw.com/lar/04293e4f64f8e42b1deedc2a9f6f794dbdfb.html
869,地方工作文件,黄山市人民政府关于对无人机等“低慢小”航空器实施临时管制的通告,黄山市人民政府,黄政秘〔2024〕24号,2024-09-26,现行有效,航空运输 交通安全管理 特种行业和危险品管理,库存-pkulaw全量,https://www.pkulaw.com/lar/3a9f63f2b55e6e8ca208a4ea01a6490dbdfb.html
870,地方工作文件,重庆市供销合作总社、重庆市总工会关于举办庆祝农民丰收节暨首届农用无人机驾驶员劳动和技能竞赛的通知,重庆市供销合作总社 重庆市总工会,渝供发〔2024〕18号,2024-09-20,现行有效,机关工作综合规定,库存-pkulaw全量,https://www.pkulaw.com/lar/312d36ee90ae9d8708395b64d29213f9bdfb.html
871,地方工作文件,舟山市普陀区人民政府办公室关于印发普陀区无人机政务服务体系建设实施方案的通知,舟山市普陀区人民政府,舟普政办〔2024〕46号,2024-09-12,现行有效,建设综合规定,库存-pkulaw全量,https://www.pkulaw.com/lar/703846ebee32319b99be376a144725ccbdfb.html
872,地方工作文件,深圳市人力资源和社会保障局关于组织开展2024年广东省无人机应用技术职业技能大赛深圳选拔赛报名工作的通知,深圳市人力资源和社会保障局,,2024-09-05,现行有效,机关工作综合规定,库存-pkulaw全量,https://www.pkulaw.com/lar/e8915ee5c797a57b650528a40f6e6139bdfb.html
873,地方工作文件,珠海市人力资源和社会保障局、珠海市总工会关于举办2024年广东省无人机应用技术职业技能大赛珠海市选拔赛的通知,珠海市人力资源和社会保障局 珠海市总工会,珠人社函〔2024〕32号,2024-08-27,现行有效,竞赛制度 职业与职工教育 职工教育与考核 工会 中等教育,库存-pkulaw全量,https://www.pkulaw.com/lar/6bdaa1ad349a66bdce70ade2cc1646b9bdfb.html
874,地方工作文件,广州市人力资源和社会保障局关于印发《2024年广东省无人机应用技术职业技能大赛广州市选拔集训和参赛工作实施方案》的通知,广州市人力资源和社会保障局,,2024-08-21,现行有效,职业与职工教育,库存-pkulaw全量,https://www.pkulaw.com/lar/81543c49c10ffafcd2bfc64a34d7a8e8bdfb.html
875,地方工作文件,海盐县农业农村局、海盐县财政局关于印发《海盐县家庭农场地方特色保险农机具综合保险增设参保对象“农用无人机”实施方案》的通知,海盐县农业农村局 海盐县财政局,盐农〔2024〕68号,2024-08-09,现行有效,农业科技与农机,库存-pkulaw全量,https://www.pkulaw.com/lar/74020e34cafb6fb1283e2791ad6c6788bdfb.html
876,地方工作文件,深圳市公安局交通警察局关于举办第八届全国青少年无人机大赛广东省赛及系列活动调整交通组织的通告,深圳市公安局交通警察局,,2024-06-27,现行有效,交通运输综合规定,库存-pkulaw全量,https://www.pkulaw.com/lar/3d1fc45484c0da394c6c6fb5cadc32b8bdfb.html
877,地方工作文件,辽宁省人力资源和社会保障厅、辽宁省工业和信息化厅关于印发《辽宁省工程系列无人机科学与工程专业职称评审标准》的通知(202...,辽宁省人力资源和社会保障厅 辽宁省工业和信息化厅(原辽宁省工业和信息化委员会),辽人社职〔2024〕35号,2024-06-19,现行有效,职位职称,库存-pkulaw全量,https://www.pkulaw.com/lar/3a6b2c1ea2ddaa1145535634ef9b471ebdfb.html
878,地方工作文件,银川市人民政府关于加强对无人机等“低慢小”航空器管理的通告,银川市人民政府,,2024-06-18,现行有效,航空运输,库存-pkulaw全量,https://www.pkulaw.com/lar/7b7abfba21889d0dc135103428840549bdfb.html
879,地方工作文件,大连市人民政府关于“2024夏季达沃斯论坛”期间对无人机等“低慢小”航空器及空飘物实施临时管控的通告,大连市人民政府,大政发〔2024〕14号,2024-06-17,现行有效,治安管理,库存-pkulaw全量,https://www.pkulaw.com/lar/d0b59163b7a311cbb2b04804cfe3e34dbdfb.html
880,地方工作文件,淮南市人民政府关于2024年高考中考期间无人机等“低慢小”航空器临时禁飞的通告,淮南市人民政府,,2024-06-05,现行有效,对外经贸综合规定 经贸展览与洽谈,库存-pkulaw全量,https://www.pkulaw.com/lar/2a8b70d21e1efef101557661a892a52abdfb.html
881,地方工作文件,南昌市教育局关于举办第八届全国青少年无人机大赛南昌市赛的通知,南昌市教育局,,2024-05-28,现行有效,体育综合规定,库存-pkulaw全量,https://www.pkulaw.com/lar/d98d82c3139d9edd00dee45351810706bdfb.html
882,地方工作文件,银川市人民政府关于对无人机等“低慢小”飞行器管制的通告,银川市人民政府,,2024-05-16,现行有效,交通运输综合规定,库存-pkulaw全量,https://www.pkulaw.com/lar/6f14178ba43b171888f964335b414032bdfb.html
883,地方工作文件,西藏自治区应急管理厅关于组织开展航空应急项目无人机能力实地测试的通知,西藏自治区应急管理厅,,2024-05-11,现行有效,交通运输综合规定,库存-pkulaw全量,https://www.pkulaw.com/lar/564ea6d13d01ffdc531966b55c44ead6bdfb.html
884,地方工作文件,青海省应急管理厅关于开展自然灾害应急能力提升工程航空应急项目高原型无人机实地测试的通知,青海省应急管理厅,,2024-05-11,现行有效,机关工作综合规定,库存-pkulaw全量,https://www.pkulaw.com/lar/6c7a2eb0c007b403cf7e22d0140a61cdbdfb.html
885,地方工作文件,广东省政务服务数据管理局关于再次公开征集政务领域无人机服务资源的公告,广东省政务服务数据管理局,,2024-05-10,现行有效,人事综合规定,库存-pkulaw全量,https://www.pkulaw.com/lar/157c3483992c5dd494f468f1d86f45ddbdfb.html
886,地方工作文件,重庆市体育局关于印发《“奔跑吧少年”“中国体育彩票”第十三届重庆市青少年纸折模型和无人机比赛竞赛规程》的通知,重庆市体育局,,2024-04-30,现行有效,体育综合规定,库存-pkulaw全量,https://www.pkulaw.com/lar/f5e6076a7dd1327eb1cbe1cec1a7e940bdfb.html
887,地方工作文件,陕西省地理信息产业协会关于征集全省无人机典型应用场景的通知,陕西省地理信息产业协会,陕信产协〔2024〕10号,2024-04-26,现行有效,知识产权综合规定,库存-pkulaw全量,https://www.pkulaw.com/lar/798a063b0cff4c4e2d45bc5688297d2dbdfb.html
888,地方工作文件,山东省工业和信息化厅关于公布山东省无人机典型应用场景和重点产品(第一批)的通知,山东省工业和信息化厅,,2024-04-25,现行有效,科技综合规定与体改,库存-pkulaw全量,https://www.pkulaw.com/lar/4f012172737ac2627b5ceb6043f652d0bdfb.html
889,地方工作文件,天津市应急管理局关于组织开展天津市应急航空项目(无人机)能力实地测试的通知,天津市应急管理局,,2024-04-19,现行有效,交通运输综合规定,库存-pkulaw全量,https://www.pkulaw.com/lar/207b1b0a482625b6c3f00298853259b6bdfb.html
890,地方工作文件,山东省工业和信息化厅关于召开山东省无人机产业链创新发展会议的通知,山东省工业和信息化厅,,2024-04-15,现行有效,机关工作综合规定,库存-pkulaw全量,https://www.pkulaw.com/lar/1961da20e9dac5e29b407769202f3527bdfb.html
891,地方工作文件,丽水市人民政府关于景宁畲族自治县成立四十周年庆祝活动期间禁止无人机等“低慢小”航空器在相关区域飞行的通告,丽水市人民政府,丽政通〔2024〕3号,2024-04-03,现行有效,机关工作综合规定,库存-pkulaw全量,https://www.pkulaw.com/lar/7b1983c101d96862f650200c9416dfa7bdfb.html
892,地方工作文件,丽水市人民政府关于2024丽水马拉松无人机管制通告,丽水市人民政府,丽政通〔2024〕2号,2024-03-22,现行有效,机关工作综合规定,库存-pkulaw全量,https://www.pkulaw.com/lar/ade106e5ebee334aab9e7af86aeeafabbdfb.html
893,地方规范性文件,上海市人民政府关于加强2026世界人工智能大会暨人工智能全球治理高级别会议期间无人机等“低慢小”航空器安全管理的通告,上海市人民政府,沪府规〔2026〕3号,2026-07-10,现行有效,航空运输 交通安全管理 科技综合规定与体改 互联网 标准化综合规定,库存-pkulaw全量,https://www.pkulaw.com/lar/e38639ce76880ec213f810c3410264d9bdfb.html
894,地方规范性文件,乌鲁木齐市人民政府关于对无人机等“低慢小”航空器和空飘物实施管控的通告,乌鲁木齐市人民政府,乌政通〔2025〕1号,2025-09-15,现行有效,航空运输 治安管理 铁路公路机场用地 交通安全管理 法规规章制定与发布,库存-pkulaw全量,https://www.pkulaw.com/lar/f79de94e0650308e313cd0b29abb6136bdfb.html
895,地方规范性文件,邢台市人民政府关于对无人机等“低慢小”航空器及空飘物实施临时管控的通告,邢台市人民政府,,2025-08-28,现行有效,航空运输 治安管理 特种行业和危险品管理 交通安全管理 消防管理,库存-pkulaw全量,https://www.pkulaw.com/lar/3fbf716fd24db4273019c1e89ff21f96bdfb.html
896,地方规范性文件,大兴安岭地区公安局关于加强民用无人机安全管理的通告,大兴安岭地区公安局,,2025-08-08,现行有效,治安管理 航空运输 交通安全管理 特种行业和危险品管理,库存-pkulaw全量,https://www.pkulaw.com/lar/e2e591e34b3f153eb328514418d3e8d3bdfb.html
897,地方规范性文件,辽宁省工业和信息化厅、辽宁省公安厅、中国民用航空东北地区管理局关于禁止擅自安装卫星信号干扰器和无人机反制设备的通告,辽宁省工业和信息化厅(原辽宁省工业和信息化委员会) 辽宁省公安厅 中国民用航空东北地区管理,,2025-03-09,现行有效,交通运输综合规定,库存-pkulaw全量,https://www.pkulaw.com/lar/6d841a03ad459b55353a7719f3a9b698bdfb.html
898,地方规范性文件,崇州市公安局关于2025崇州半程马拉松赛事期间对无人机等“低慢小”航空器进行飞行管控的通告,崇州市其他机构,,2025-03-05,废止或失效,航空运输 交通安全管理 治安管理 特种行业和危险品管理,库存-pkulaw全量,https://www.pkulaw.com/lar/fa3ac81e6cafdb1560cf7814d3651c5ebdfb.html
899,地方规范性文件,兰州市人民政府办公室关于印发《兰州市支持无人机产业发展扶持政策(试行)》的通知,兰州市人民政府,兰政办发〔2024〕102号,2024-07-01,现行有效,城市规划与开发建设,库存-pkulaw全量,https://www.pkulaw.com/lar/f46066561f38f0ac960080971a7d49dbbdfb.html
900,地方规范性文件,成都市经济和信息化局、成都市财政局关于印发成都市促进工业无人机产业高质量发展的专项政策的通知,成都市经济和信息化局 成都市财政局,,2023-11-16,现行有效,科技综合规定与体改,库存-pkulaw全量,https://www.pkulaw.com/lar/a9f4ddfa6b389d8765920e3991799847bdfb.html
901,地方规范性文件,重庆市体育局关于印发《第二十四届“飞向北京—飞向太空”全国青少年航空航天模型教育竞赛(重庆选拔赛)暨“奔跑吧·少年”第...,重庆市体育局,,2023-05-21,现行有效,机关工作综合规定,库存-pkulaw全量,https://www.pkulaw.com/lar/4420f7eacccfc9873d4309a6cd3433fabdfb.html
902,地方规范性文件,宁波市奉化区人民政府关于同意中国人民财产保险股份有限公司宁波市奉化支公司在奉化区开展政策性农用无人机植保飞机第三者责...,宁波市奉化区人民政府,奉农保办〔2021〕5号,2021-10-29,现行有效,保险法规,库存-pkulaw全量,https://www.pkulaw.com/lar/86caf205ccede5b12410c49d0cec52a4bdfb.html
903,地方规范性文件,2019汕头国际马拉松比赛组委会、汕头市公安局关于2019汕头国际马拉松比赛期间对无人机等“低慢小”航空器禁飞的通告,汕头市公安局,,2019-12-10,现行有效,交通运输综合规定,库存-pkulaw全量,https://www.pkulaw.com/lar/7f1f82fbd7900f51c35ce186995f33aabdfb.html
904,地方规范性文件,上海市人民政府关于加强第二届中国国际进口博览会期间无人机等“低慢小”航空器安全管理的通告,上海市人民政府,沪府规〔2019〕42号,2019-11-02,废止或失效,经贸展览与洽谈,库存-pkulaw全量,https://www.pkulaw.com/lar/46e95491ba94319b021a9eaa3505af38bdfb.html
905,地方规范性文件,银川市总工会、银川市农业农村局关于2019年银川市首届无人机植保技能竞赛的表彰决定,银川市总工会 银川市农业农村局,银农发〔2019〕163号,2019-09-17,现行有效,人事综合规定,库存-pkulaw全量,https://www.pkulaw.com/lar/fdf656d7988ba69c30fd2e60f74f485bbdfb.html
906,地方规范性文件,上海市人民政府关于加强首届中国国际进口博览会期间无人机等“低慢小”航空器安全管理的通告,上海市人民政府,沪府规〔2018〕17号,2018-10-23,废止或失效,经贸展览与洽谈,库存-pkulaw全量,https://www.pkulaw.com/lar/cb57a3c4848d191cc7d84f814f4d5dfabdfb.html
907,地方规范性文件,东兴市国土海洋局关于印发《东兴市国土海洋局无人机管理使用制度》的通知,东兴市国土海洋局,东国土海洋发[2018]35号,2018-07-05,现行有效,财政综合规定,库存-pkulaw全量,https://www.pkulaw.com/lar/6310468475eb5fe03c5be38198113951bdfb.html
908,地方规范性文件,宿迁市人力资源和社会保障局关于同意成立京东无人机职业培训学校的批复,宿迁市人力资源和社会保障局,宿人社发〔2017〕231号,2017-09-28,现行有效,职业与职工教育 社会力量办学 教育改革 院校与教职员工 教育经费与财务,库存-pkulaw全量,https://www.pkulaw.com/lar/d52cb84fdd9e5bd49e447fedea16ce21bdfb.html
909,地方规范性文件,江西省农业厅办公室关于2017年粮食适度规模经营补贴植保无人机有关事项的通知,江西省农业厅,,2017-08-24,现行有效,粮食管理,库存-pkulaw全量,https://www.pkulaw.com/lar/7ab9ece7d34197cc1ab40809c9a9c308bdfb.html
910,地方规范性文件,广州市工信委关于委托开展《广州市无人机产业发展规划》和《广州市无人机产业发展三年行动计划》编制工作的公告,广州市工业和信息化委员会,,,现行有效,机关工作综合规定,库存-pkulaw全量,https://www.pkulaw.com/lar/4b00e28078a67e212e7b4a142f07535abdfb.html
911,地方规范性文件,广州市工信委关于委托举办无人机产业发展圆桌会议的公告,广州市工业和信息化委员会,,,现行有效,会议差旅,库存-pkulaw全量,https://www.pkulaw.com/lar/07b9cc3c7b0aabe9bf9888353bb713b3bdfb.html
912,部门工作文件,低空联网无人机安全飞行测试报告,中国民用航空局,,2018-02-06,现行有效,航空运输 交通安全管理 法规规章制定与发布 铁路公路机场用地,库存-pkulaw全量,https://www.pkulaw.com/chl/ef6a89ef109e0de2bdfb.html
913,部门工作文件,中国质量认证中心关于开通无人机用燃料电池发电系统认证业务的通知,中国质量认证中心,,2018-01-16,现行有效,认证认可综合规定,库存-pkulaw全量,https://www.pkulaw.com/chl/f79feacb9a9a9eccbdfb.html
914,部门工作文件,民航局对无人机用户身份信息验证的公告,中国民用航空局,,2017-12-04,现行有效,航空运输 交通安全管理 铁路公路机场用地 登记管理 农业科技与农机,库存-pkulaw全量,https://www.pkulaw.com/chl/20f0204c69dba79dbdfb.html
915,部门规范性文件,无人机云系统接口数据规范,中国民用航空局,,2017-12-01,现行有效,航空运输 国家标准管理 行业标准管理 采用国际标准管理,库存-pkulaw全量,https://www.pkulaw.com/chl/1aeb60ea831a1b7cbdfb.html
916,部门规范性文件,体育总局航管中心关于举办2017中国无人机公开赛总决赛的通知,国家体育总局,航管字〔2017〕354号,2017-08-15,现行有效,体育综合规定,库存-pkulaw全量,https://www.pkulaw.com/chl/1738b7bc37f829b7bdfb.html
917,部门规范性文件,体育总局航管中心关于2017中国无人机公开赛(深圳分站赛)有关事宜的通知,国家体育总局,,2017-07-13,现行有效,体育综合规定,库存-pkulaw全量,https://www.pkulaw.com/chl/8313fab0ea43bf39bdfb.html
918,部门工作文件,国家体育总局关于准予深圳开源创客坊科技有限公司成都创联天下科技有限公司举办中国无人机公开赛(深圳站)的决定,国家体育总局,体审批字〔2017〕2号,2017-03-15,现行有效,体育综合规定,库存-pkulaw全量,https://www.pkulaw.com/chl/e83ffd5d9f6fb7ecbdfb.html
919,部门工作文件,体育总局人力中心关于举办2017年全国退役运动员转型无人机飞控师培训班的通知,国家体育总局,,2017-02-24,现行有效,体育综合规定,库存-pkulaw全量,https://www.pkulaw.com/chl/d20ca47e75c0623dbdfb.html
920,部门工作文件,国家测绘局关于发布《无人机航摄安全作业基本要求》等6项测绘行业标准的通知,国家测绘地理信息局(原国家测绘局)(已撤销),国测科发〔2010〕5号,2010-10-01,现行有效,行业标准管理,库存-pkulaw全量,https://www.pkulaw.com/chl/e44ecfc1408502abbdfb.html
921,行业规定,中国消防协会关于批准立项编制团体标准《便携可装配式应急救援直升机、无人机起降平台》的通知,中国消防协会,中消协〔2026〕30号,2026-04-14,现行有效,消防管理 行业标准管理 社团管理 文物与古迹保护 科学研究与科技项目,库存-pkulaw全量,https://www.pkulaw.com/chl/9c666c1a8f5553e8bdfb.html
922,行业规定,中国林学会关于《无人机多模态数据单木参数提取和反演技术规范》等11项团体标准的立项公告,中国林学会,,2026,现行有效,行业标准管理 林业科技 林业管理 企业标准化管理 采用国际标准管理,库存-pkulaw全量,https://www.pkulaw.com/chl/000fd1a869056d08bdfb.html
923,行业规定,体育总局航管中心关于举办国际航联2024年世界无人机竞速公开赛的通知,中国航空运动协会,,2024-12-20,现行有效,体育综合规定,库存-pkulaw全量,https://www.pkulaw.com/chl/59ed65ac536e3931bdfb.html
924,行业规定,体育总局航管中心关于举办2024年中国无人机竞速联赛(临汾站)的通知,中国航空运动协会,,2024-07-05,现行有效,体育综合规定,库存-pkulaw全量,https://www.pkulaw.com/chl/413a3055d6337427bdfb.html
925,行业规定,体育总局航管中心关于举办2024年中国无人机竞速联赛(黄山站)的通知,国家体育总局,,2024-05-17,现行有效,体育综合规定,库存-pkulaw全量,https://www.pkulaw.com/chl/606d8583b37533fbbdfb.html
926,行业规定,中国航空运动协会关于举办2024年全国航空模型无人机项目(F9U)裁判员培训班的通知,中国航空运动协会,,2024-03-21,现行有效,体育综合规定,库存-pkulaw全量,https://www.pkulaw.com/chl/21573dcfc7fbdb21bdfb.html
927,行业规定,中国消防协会关于批准立项编制《无人机消防救援操控员》团体标准的通知,中国消防协会,中消协〔2024〕7号,2024-01-09,现行有效,消防管理,库存-pkulaw全量,https://www.pkulaw.com/chl/8a5bdfd0a0f3ba96bdfb.html
928,行业规定,中国消防协会关于批准立项编制团体标准《消防用无人机机载探测设备》的通知,中国消防协会,,2023-06-21,现行有效,标准化综合规定,库存-pkulaw全量,https://www.pkulaw.com/chl/c81bda3a0ace1f88bdfb.html
929,行业规定,中国航空运动协会关于开展全国青少年航空航天模型及无人机教育竞赛活动器材认证工作的通知,中国航空运动协会,,2022-04-01,现行有效,体育综合规定,库存-pkulaw全量,https://www.pkulaw.com/chl/91c2c87752b6dd12bdfb.html
930,行业规定,中国网络空间安全协会秘书处关于举办“网安中国行·新产品新技术”专题活动暨无人机信息安全高端研讨会的通知,中国网络空间安全协会,,2021-12-18,现行有效,互联网,库存-pkulaw全量,https://www.pkulaw.com/chl/b0d1cf8b1549907abdfb.html
931,部门工作文件,体育总局航管中心关于举办2021年全国青少年无人机创新教育竞赛通讯赛的通知,国家体育总局,,2021-10-08,现行有效,体育综合规定,库存-pkulaw全量,https://www.pkulaw.com/chl/c7882c7062fb1a43bdfb.html
932,行业规定,中国消防协会关于批准立项团体标准《无人机储压灭火装置》等的公告,中国消防协会,中消协〔2020〕51号,2020-08-18,现行有效,标准化综合规定,库存-pkulaw全量,https://www.pkulaw.com/chl/66a2c96a7ed65fd7bdfb.html
933,部门工作文件,体育总局航管中心、中国航空运动协会关于开展2024年全国青少年航空航天模型教育竞赛活动无人机器材(套材)评价工作的通知,国家体育总局 中国航空运动协会,航管字〔2024〕167号,2024-06-04,现行有效,科技综合规定与体改,库存-pkulaw全量,https://www.pkulaw.com/chl/5645ba50037a97e7bdfb.html
934,部门工作文件,体育总局航管中心关于举办2024年中国无人机竞速联赛(广州站)的通知,国家体育总局,,2024-06-04,现行有效,体育综合规定,库存-pkulaw全量,https://www.pkulaw.com/chl/d99d7fc9251a23d4bdfb.html
935,部门工作文件,体育总局航管中心、中国航空运动协会关于发布2024年“飞向北京•飞向太空”全国青少年航空航天模型教育竞赛活动(无人机项目)...,国家体育总局 中国航空运动协会,,2024-04-16,现行有效,竞赛制度,库存-pkulaw全量,https://www.pkulaw.com/chl/b3bf79a8c15f372cbdfb.html
936,部门工作文件,体育总局航管中心、中国航空运动协会关于举办2024年全国航空航天模型(含无人机)初级教练员培训班的通知,国家体育总局 中国航空运动协会,,2024-04-02,现行有效,体育综合规定,库存-pkulaw全量,https://www.pkulaw.com/chl/1d8f3a8d6301ff5cbdfb.html
937,部门工作文件,体育总局航管中心、中国航空运动协会关于发布2024年中国无人机竞速联赛竞赛规程、规则的通知,国家体育总局 中国航空运动协会,,2024-02-08,现行有效,体育综合规定,库存-pkulaw全量,https://www.pkulaw.com/chl/245689004d59f9b4bdfb.html
938,部门工作文件,体育总局航管中心关于举办2023年大湾区国际无人机竞速邀请赛的通知,国家体育总局,,2023-12-15,现行有效,体育综合规定,库存-pkulaw全量,https://www.pkulaw.com/chl/dd72cf4f4c8c02d4bdfb.html
939,部门工作文件,体育总局航管中心关于举办2023年中国无人机竞速公开赛(龙游站)的通知,国家体育总局,,2023-12-14,现行有效,体育综合规定,库存-pkulaw全量,https://www.pkulaw.com/chl/8da53a1f5d078671bdfb.html
940,部门工作文件,体育总局航管中心关于举办2023年中国无人机竞速公开赛(象山影视城站)的通知,国家体育总局,,2023-11-16,现行有效,体育综合规定,库存-pkulaw全量,https://www.pkulaw.com/chl/fd79edbdef160188bdfb.html
941,部门工作文件,中国民用航空局空管行业管理办公室关于公布实现飞行动态数据报送功能的民用无人机型号清单的通告,中国民用航空局,,2023-10-17,现行有效,航空运输,库存-pkulaw全量,https://www.pkulaw.com/chl/0f12a18afecc6c8abdfb.html
942,部门工作文件,体育总局航管中心、中国航空运动协会关于举办2023年“飞向北京•飞向太空”全国青少年航空航天模型教育竞赛活动(无人机项目)...,国家体育总局 中国航空运动协会,,2023-10-09,现行有效,机关工作综合规定,库存-pkulaw全量,https://www.pkulaw.com/chl/9644664f94a0f4a7bdfb.html
943,部门工作文件,体育总局航管中心关于举办2023年中国无人机竞速公开赛(湖南站)的通知,国家体育总局,,2023-09-22,现行有效,体育综合规定,库存-pkulaw全量,https://www.pkulaw.com/chl/45b89c9e8c7ac732bdfb.html
944,部门工作文件,2024年中国无人机竞速联赛申办公告,国家体育总局,,2023-09-21,现行有效,体育综合规定,库存-pkulaw全量,https://www.pkulaw.com/chl/66de53c2453f6998bdfb.html
945,部门工作文件,商务部、海关总署、国家国防科工局、中央军委装备发展部公告关于对无人机相关物项实施出口管制的公告,商务部 海关总署 国家国防科技工业局 中央军委装备发展部,商务部公告2023年第27号,2023-09-01,废止或失效,出口许可与管理,库存-pkulaw全量,https://www.pkulaw.com/chl/6f45e9b427f5170bbdfb.html
946,部门工作文件,体育总局航管中心关于举办2023年全国青少年航空航天模型教育竞赛活动(无人机项目)集训的通知,国家体育总局,,2023-05-26,现行有效,机关工作综合规定,库存-pkulaw全量,https://www.pkulaw.com/chl/9518a6bfd69e6644bdfb.html
947,部门工作文件,中国民用航空局空管行业管理办公室关于组织参加国际民航组织“放飞无人机”专题讨论会信息征集的通知,中国民用航空局,,2022-05-30,现行有效,航空运输,库存-pkulaw全量,https://www.pkulaw.com/chl/99c63b7771c76b17bdfb.html
948,行政许可批复,中国证券监督管理委员会关于同意中航(成都)无人机系统股份有限公司首次公开发行股票注册的批复,中国证券监督管理委员会,,2022-04-19,现行有效,证券交易所与业务管理,库存-pkulaw全量,https://www.pkulaw.com/chl/d7a973f101e058adbdfb.html
949,部门工作文件,中国民用航空局空管行业管理办公室关于公布实现飞行动态数据报送功能轻小型及植保无人机名单的通告,中国民用航空局,,2022-03-25,现行有效,航空运输,库存-pkulaw全量,https://www.pkulaw.com/chl/01091b022a7e8a80bdfb.html
950,部门工作文件,体育总局航管中心关于举办2021年全国青少年无人机创新教育竞赛通讯赛的补充通知,国家体育总局,,2021-12-19,现行有效,体育综合规定,库存-pkulaw全量,https://www.pkulaw.com/chl/d5a02a1e98013a5bbdfb.html
951,部门工作文件,人力资源社会保障部办公厅、自然资源部办公厅关于颁布无人机测绘操控员国家职业技能标准的通知,人力资源和社会保障部 自然资源部,人社厅发〔2021〕76号,2021-10-13,现行有效,行业标准管理,库存-pkulaw全量,https://www.pkulaw.com/chl/ee4e6d8cb24d2185bdfb.html
952,部门工作文件,民航局空管行业管理办公室关于公布实现飞行动态数据报送功能的轻小型无人机及植保无人机名单的通告(2021年4月21日),中国民用航空局,,2021-04-21,现行有效,航空运输,库存-pkulaw全量,https://www.pkulaw.com/chl/fb3c2a07119d09ecbdfb.html
953,部门工作文件,体育总局航管中心、中国航空运动协会关于举办2021年全国青少年无人机创新教育竞赛活动的通知,国家体育总局 中国航空运动协会,航管字〔2020〕269号,2020-12-30,现行有效,体育综合规定,库存-pkulaw全量,https://www.pkulaw.com/chl/c35533321435a1cdbdfb.html
954,部门工作文件,国家标准化管理委员会关于下达《民用无人机产品安全要求》等55项强制性国家标准制修订计划及相关标准外文版计划的通知,国家标准化管理委员会,国标委发〔2020〕54号,2020-12-24,现行有效,国家标准管理,库存-pkulaw全量,https://www.pkulaw.com/chl/9666c6b45bc3715ebdfb.html
955,部门工作文件,体育总局航管中心关于举办2020年大湾区无人机竞速邀请赛的通知,国家体育总局,,2020-12-21,现行有效,体育综合规定,库存-pkulaw全量,https://www.pkulaw.com/chl/894615dda3e8aac5bdfb.html
956,部门工作文件,体育总局航管中心关于举办2020年中国无人机竞速公开赛(阜新站)的通知,国家体育总局,航管字〔2020〕166号,2020-10-13,现行有效,体育综合规定,库存-pkulaw全量,https://www.pkulaw.com/chl/f3b054dd22f0d8edbdfb.html
957,部门工作文件,民航局空管办关于公布实现飞行动态数据报送功能的轻小型无人机及植保无人机名单的通告,中国民用航空局,,2020-09-25,现行有效,航空运输,库存-pkulaw全量,https://www.pkulaw.com/chl/348069b0225688ddbdfb.html
958,部门工作文件,体育总局航管中心关于组建2019年中国无人机国家队相关事宜的通知,国家体育总局,航管字〔2019〕412号,2019-11-29,现行有效,体育综合规定,库存-pkulaw全量,https://www.pkulaw.com/chl/8736794f3be21bafbdfb.html
959,部门工作文件,国家标准化管理委员会关于下达《多旋翼无人机用无刷伺服电动机系统通用规范》等93项国家标准外文版计划的通知,国家标准化管理委员会,国标委发〔2019〕31号,2019-10-31,现行有效,标准化综合规定,库存-pkulaw全量,https://www.pkulaw.com/chl/e53cc8ecf75cb955bdfb.html
960,部门规范性文件,无人机云系统数据规范,中国民用航空局,,2020-01-01,现行有效,航空运输 国家标准管理 行业标准管理 采用国际标准管理,库存-pkulaw全量,https://www.pkulaw.com/chl/79c95ac5a58dde8abdfb.html
961,部门工作文件,体育总局航管中心关于举办2019年中国无人机竞速公开赛(莱西站)的通知,国家体育总局,航管字〔2019〕251号,2019-07-26,现行有效,体育综合规定,库存-pkulaw全量,https://www.pkulaw.com/chl/ad6406ffc1b796c5bdfb.html
962,部门规范性文件,特定类无人机试运行管理规程(暂行),中国民用航空局,,2019-02-01,现行有效,航空运输 铁路公路机场用地 法规规章制定与发布 交通安全管理 行业标准管理,库存-pkulaw全量,https://www.pkulaw.com/chl/da5ad1489b73f33bbdfb.html
963,部门规范性文件,民用无人机驾驶员管理规定(2018修订),中国民用航空局,,2018-08-31,现行有效,航空运输,库存-pkulaw全量,https://www.pkulaw.com/chl/58cb8a717fdf8c9fbdfb.html
964,部门工作文件,体育总局航管中心关于举办2018年世界无人机锦标赛中国队选拔赛暨2018年全国航空航天模型锦标赛(无人机项目)的函,国家体育总局,航管字〔2018〕230号,2018-08-16,现行有效,体育综合规定,库存-pkulaw全量,https://www.pkulaw.com/chl/08632de73722c6a0bdfb.html
965,部门工作文件,中国质量认证中心关于开通民用轻小型旋翼无人机续航性能认证的通知,中国质量认证中心,,2018-07-31,现行有效,认证认可综合规定,库存-pkulaw全量,https://www.pkulaw.com/chl/072154d44827d700bdfb.html
966,行政许可批复,中国证监会关于核准广东澄星无人机股份有限公司定向发行股票的批复,中国证券监督管理委员会,证监许可〔2018〕1190号,2018-07-26,现行有效,股票 证券监督管理机构与市场监管,库存-pkulaw全量,https://www.pkulaw.com/chl/a077f67dd4a07a97bdfb.html
967,部门工作文件,国家体育总局人力资源开发中心关于举办2018年全国退役运动员转型无人机飞控师培训班的通知,国家体育总局,体人力字〔2018〕85号,2018-03-30,现行有效,体育综合规定,库存-pkulaw全量,https://www.pkulaw.com/chl/01ea94c1b9bfe893bdfb.html
968,部门工作文件,中国质量认证中心关于开通光伏电站用无人机系统认证业务的通知,中国质量认证中心,,2018-03-07,现行有效,认证认可综合规定,库存-pkulaw全量,https://www.pkulaw.com/chl/4c66f67ec95386f6bdfb.html
969,司法案例,云疆低空经济（河南）有限公司;刘佳森服务合同纠纷一审民事裁定书,,FBMCLI.C.575180584,,民事裁定书,刘佳森服务合同纠纷 | 涉诉企业:云疆低空经济（河南）有限公司,司法案例,https://www.pkulaw.com/pfnl/c7ed112b8012f816c3d0ea17556430e6a7de6433d6f
970,司法案例,最高人民法院发布6起知识产权法庭司法调解典型案例(第一批)之四：上海沃某公司、董某与上海峰某公司专利申请权权属纠纷三案...,,FBMCLI.C.574929078,,,最高人民法院发布6起知识产权法庭司法调解典型案例(第一批)之四：上海沃某公司、董某与上海峰某公司专利申请权权属纠纷三案...,司法案例,https://www.pkulaw.com/pfnl/c7ed112b8012f8168fabdbbc61edf05e2eac67f0676d
971,司法案例,湖南省株洲市中级人民法院发布11起优化法治化营商环境典型案例之一：西安某网络科技有限公司诉山河某航实业股份有限公司侵害...,,FBMCLI.C.559916915,,,湖南省株洲市中级人民法院发布11起优化法治化营商环境典型案例之一：西安某网络科技有限公司诉山河某航实业股份有限公司侵害...,司法案例,https://www.pkulaw.com/pfnl/08df102e7c10f206602d9717494aae99fa51ebac19b2
972,司法案例,2017年北京市专利行政保护十大典型案件之一：无人机系列专利侵权纠纷案,,FBMCLI.C.86967719,,,2017年北京市专利行政保护十大典型案件之一：无人机系列专利侵权纠纷案,司法案例,https://www.pkulaw.com/pfnl/a6bdb3332ec0adc4ca58995a71f228561690e42aa1b
973,司法案例,579王宇与田海彦、上海钛灵盾无人机技术有限公司民间借贷纠纷一审民事裁定书,,FBMCLI.C.322632505,,民事裁定书,579王宇与田海彦、上海钛灵盾无人机技术有限公司民间借贷纠纷,司法案例,https://www.pkulaw.com/pfnl/c05aeed05a57db0a398cd29f718ce62d6358320b1e6
974,司法案例,一航无人机科技（威信）有限公司;张曾宏服务合同纠纷一审民事裁定书,,FBMCLI.C.573014723,,民事裁定书,张曾宏服务合同纠纷 | 涉诉企业:一航无人机科技（威信）有限公司,司法案例,https://www.pkulaw.com/pfnl/c7ed112b8012f816d7c6f06ad494fd9df5df67dc94f0d
975,司法案例,三胞集团有限公司、深圳市高端无人机有限公司买卖合同纠纷二审民事判决书,,FBMCLI.C.311340685,,民事判决书,三胞集团有限公司、深圳市高端无人机有限公司买卖合同纠纷,司法案例,https://www.pkulaw.com/pfnl/c05aeed05a57db0a51049bcf60b9d37a633b5fa6ce3
976,司法案例,上海市浦东新区人民法院发布10起服务保障航空经济高质量发展典型案例(2021年-2025年)之十：钟某与上海市某中学教育机构责任...,,FBMCLI.C.574928368,,,上海市浦东新区人民法院发布10起服务保障航空经济高质量发展典型案例(2021年-2025年)之十：钟某与上海市某中学教育机构责任...,司法案例,https://www.pkulaw.com/pfnl/c7ed112b8012f8162ff407bb5aca20484ab0d78afa31
977,司法案例,上海市高级人民法院发布8起依法打击新型网络犯罪典型案例之三：高某、刘某康提供侵入计算机信息系统程序案——为他人提供破...,,FBMCLI.C.576620106,,,上海市高级人民法院发布8起依法打击新型网络犯罪典型案例之三：高某、刘某康提供侵入计算机信息系统程序案——为他人提供破...,司法案例,https://www.pkulaw.com/pfnl/c7ed112b8012f81669afed5c5e87674a1057a3ebc66
978,司法案例,上海捷网国际物流有限公司、深圳市爱飞无人机技术有限公司等合同纠纷民事管辖上诉管辖裁定书,,FBMCLI.C.419542478,,,上海捷网国际物流有限公司、深圳市爱飞无人机技术有限公司等合同纠纷民事管辖上诉管辖裁定书,司法案例,https://www.pkulaw.com/pfnl/95b2ca8d4055fce1a0db299bc4da40b85c352c86571
979,司法案例,上海红富士家纺有限公司管理人与上海鲲哥无人机科技有限公司请求撤销个别清偿行为纠纷一审民事判决书,,FBMCLI.C.503837298,,民事判决书,上海红富士家纺有限公司管理人与上海鲲哥无人机科技有限公司请求撤销个别清偿行为纠纷,司法案例,https://www.pkulaw.com/pfnl/08df102e7c10f2066a400d642b0b15efc7445beba818
980,司法案例,上海裕芮信息技术有限公司与台州聚贤无人机科技有限公司委托合同纠纷一审民事判决书,,FBMCLI.C.312032054,,民事判决书,上海裕芮信息技术有限公司与台州聚贤无人机科技有限公司委托合同纠纷,司法案例,https://www.pkulaw.com/pfnl/c05aeed05a57db0aa2cd1dd03ac644bdcb29e268f9f
981,司法案例,上海裕芮信息技术有限公司与台州聚贤无人机科技有限公司委托合同纠纷一审民事裁定书,,FBMCLI.C.312597434,,民事裁定书,上海裕芮信息技术有限公司与台州聚贤无人机科技有限公司委托合同纠纷,司法案例,https://www.pkulaw.com/pfnl/c05aeed05a57db0afc7cf527b678548c6aadce5716f4
982,司法案例,上海钛灵盾无人机技术有限公司、中顺农业发展（山东）有限公司等买卖合同纠纷民事二审民事判决书,,FBMCLI.C.548490817,,民事判决书,上海钛灵盾无人机技术有限公司、中顺农业发展（山东）有限公司等买卖合同纠纷民事,司法案例,https://www.pkulaw.com/pfnl/08df102e7c10f2065ed67cec9f01039e177f695cfcc8b
983,司法案例,上海钛灵盾无人机技术有限公司与北京恒聚天德城市规划设计研究院有限公司合同纠纷一审民事判决书,,FBMCLI.C.114476806,,民事判决书,上海钛灵盾无人机技术有限公司与北京恒聚天德城市规划设计研究院有限公司合同纠纷,司法案例,https://www.pkulaw.com/pfnl/a6bdb3332ec0adc49ba766f84bd299d249d9bbaa327
984,司法案例,东汉太阳能无人机技术有限公司与孙乙月劳动争议一审民事判决书,,FBMCLI.C.109996364,,民事判决书,东汉太阳能无人机技术有限公司与孙乙月劳动争议,司法案例,https://www.pkulaw.com/pfnl/a6bdb3332ec0adc4e4c8b232ac8e02808d492e37d77
985,司法案例,东汉太阳能无人机技术有限公司与李岳东劳动争议一审民事判决书,,FBMCLI.C.109742773,,民事判决书,东汉太阳能无人机技术有限公司与李岳东劳动争议,司法案例,https://www.pkulaw.com/pfnl/a6bdb3332ec0adc4a2ba40789034828f72966f3273a
986,司法案例,东汉太阳能无人机技术有限公司与梁士平劳动争议一审民事判决书,,FBMCLI.C.109716026,,民事判决书,东汉太阳能无人机技术有限公司与梁士平劳动争议,司法案例,https://www.pkulaw.com/pfnl/a6bdb3332ec0adc48a13eac1c0692733875a07cf6d6
987,司法案例,东汉太阳能无人机技术有限公司与覃慷劳动争议一审民事判决书,,FBMCLI.C.109626469,,民事判决书,东汉太阳能无人机技术有限公司与覃慷劳动争议,司法案例,https://www.pkulaw.com/pfnl/a6bdb3332ec0adc4dbbe46eb1c8b0aad8b46aaa78ac
988,司法案例,东汉太阳能无人机技术有限公司与陈柽劳动争议一审民事判决书,,FBMCLI.C.109990572,,民事判决书,东汉太阳能无人机技术有限公司与陈柽劳动争议,司法案例,https://www.pkulaw.com/pfnl/a6bdb3332ec0adc4467e369e8f06cbd44276c4387a9
989,司法案例,东莞市中科科技企业加速器有限公司、东莞市雅联无人机科技有限公司租赁合同纠纷民事二审民事判决书,,FBMCLI.C.404294043,,民事判决书,东莞市中科科技企业加速器有限公司、东莞市雅联无人机科技有限公司租赁合同纠纷民事,司法案例,https://www.pkulaw.com/pfnl/95b2ca8d4055fce1b115f1e1389b94ae1514ce207d8f
990,司法案例,东莞市中韩鑫电机有限公司与广东澄星无人机股份有限公司买卖合同纠纷一审民事判决书,,FBMCLI.C.99172686,,民事判决书,东莞市中韩鑫电机有限公司与广东澄星无人机股份有限公司买卖合同纠纷,司法案例,https://www.pkulaw.com/pfnl/a6bdb3332ec0adc403c6fb8bd743f70a55f3a3147c9d
991,司法案例,东莞市力维升碳纤维制品科技有限公司与富平县韦加无人机科技有限公司、北京韦加智能科技股份有限公司买卖合同纠纷一案民事一...,,FBMCLI.C.317595025,,,东莞市力维升碳纤维制品科技有限公司与富平县韦加无人机科技有限公司、北京韦加智能科技股份有限公司买卖合同纠纷一案民事一...,司法案例,https://www.pkulaw.com/pfnl/c05aeed05a57db0a36ca053d1aa69cf8b98536226bd
992,司法案例,东莞市畅科电机有限公司、广东澄星无人机股份有限公司买卖合同纠纷执行实施类执行裁定书,,FBMCLI.C.311406522,,执行裁定书,东莞市畅科电机有限公司、广东澄星无人机股份有限公司买卖合同纠纷执行实施类,司法案例,https://www.pkulaw.com/pfnl/c05aeed05a57db0ae9fd2a18c3b92ccc4f1cabb192e5
993,司法案例,东莞市畅科电机有限公司与广东澄星无人机股份有限公司买卖合同纠纷一审民事判决书,,FBMCLI.C.83950822,,民事判决书,东莞市畅科电机有限公司与广东澄星无人机股份有限公司买卖合同纠纷,司法案例,https://www.pkulaw.com/pfnl/a6bdb3332ec0adc4e78f9d7e6aed294e6b23552313b
994,司法案例,东莞市金泰胶贴制品有限公司与广东澄星无人机股份有限公司买卖合同纠纷一审民事判决书,,FBMCLI.C.88720185,,民事判决书,东莞市金泰胶贴制品有限公司与广东澄星无人机股份有限公司买卖合同纠纷,司法案例,https://www.pkulaw.com/pfnl/a6bdb3332ec0adc4d06959f25e63af4a8750ba4f8382
995,司法案例,东莞市银燕电气科技有限公司与广东澄星无人机股份有限公司买卖合同纠纷一案一审判决书,,FBMCLI.C.94930250,,,东莞市银燕电气科技有限公司与广东澄星无人机股份有限公司买卖合同纠纷一案一审判决书,司法案例,https://www.pkulaw.com/pfnl/a6bdb3332ec0adc41df9aca984e66b0d483eee3ae6e
996,司法案例,东营航空产业技术研究院;西安爱生无人机技术有限公司;买卖合同纠纷管辖上诉管辖裁定书,,FBMCLI.C.568942566,,,买卖合同纠纷管辖上诉管辖裁定书 | 涉诉企业:东营航空产业技术研究院,司法案例,https://www.pkulaw.com/pfnl/c7ed112b8012f8162d93a2e61e8c2a327c0e68dfba5
997,司法案例,中国东方资产管理股份有限公司广东省分公司、广东澄星无人机股份有限公司金融借款合同纠纷执行实施类执行裁定书,,FBMCLI.C.310289797,,执行裁定书,中国东方资产管理股份有限公司广东省分公司、广东澄星无人机股份有限公司金融借款合同纠纷执行实施类,司法案例,https://www.pkulaw.com/pfnl/c05aeed05a57db0ab6b1a95f9d29efd74269a32ca8cf
998,司法案例,中国人民财产保险股份有限公司武汉市分公司、武汉智能鸟无人机有限公司等民事二审民事判决书,,FBMCLI.C.510399533,,民事判决书,中国人民财产保险股份有限公司武汉市分公司、武汉智能鸟无人机有限公司等民事,司法案例,https://www.pkulaw.com/pfnl/08df102e7c10f20663b659628add7d709d4da5559ff4
999,司法案例,中国平安财产保险股份有限公司青岛中心支公司、烟台云都海鹰无人机应用技术有限公司财产保险合同纠纷民事二审民事判决书,,FBMCLI.C.410729420,,民事判决书,中国平安财产保险股份有限公司青岛中心支公司、烟台云都海鹰无人机应用技术有限公司财产保险合同纠纷民事,司法案例,https://www.pkulaw.com/pfnl/95b2ca8d4055fce1b63c403e5fbc70ae29006aa40bb
1000,司法案例,"中国建设银行股份有限公司汕头市分行与广东澄星无人机股份有限公司,陈加华,蔡俊彬借款合同纠纷一审民事裁定书",,FBMCLI.C.79787832,,民事裁定书,"中国建设银行股份有限公司汕头市分行与广东澄星无人机股份有限公司,陈加华,蔡俊彬借款合同纠纷",司法案例,https://www.pkulaw.com/pfnl/a6bdb3332ec0adc4b80b7b3a249caafadedaa131f29f
1001,司法案例,中电科仪器仪表有限公司与西安爱生无人机技术有限公司票据纠纷一审民事裁定书,,FBMCLI.C.119899168,,民事裁定书,中电科仪器仪表有限公司与西安爱生无人机技术有限公司票据纠纷,司法案例,https://www.pkulaw.com/pfnl/a6bdb3332ec0adc48faf3362931757b19bde2ffa7d89
1002,司法案例,中科航宇（北京）自动化工程技术有限公司、北京元一创智无人机科技有限责任公司买卖合同纠纷一审民事调解书,,FBMCLI.C.97848575,,民事调解书,中科航宇（北京）自动化工程技术有限公司、北京元一创智无人机科技有限责任公司买卖合同纠纷,司法案例,https://www.pkulaw.com/pfnl/a6bdb3332ec0adc46c0f888f0375284273ff28537fe19
1003,司法案例,临沂威鹰无人机控制技术有限公司与江苏星睿航空科技有限公司买卖合同纠纷执行裁定书,,FBMCLI.C.322911237,,执行裁定书,临沂威鹰无人机控制技术有限公司与江苏星睿航空科技有限公司买卖合同纠纷,司法案例,https://www.pkulaw.com/pfnl/c05aeed05a57db0ab236f4184dc686ca457057c0998
1004,司法案例,临沂飞防农业植保有限公司、山东腾跃航空无人机科技有限公司不当得利纠纷民事二审民事判决书,,FBMCLI.C.323696329,,民事判决书,临沂飞防农业植保有限公司、山东腾跃航空无人机科技有限公司不当得利纠纷民事,司法案例,https://www.pkulaw.com/pfnl/c05aeed05a57db0acdd707bb5d3de6b0bb09d7dfeaa
1005,司法案例,乐吉琳、云南知名无人机科技有限公司申请司法确认调解协议特别程序：确认调解协议民事裁定书,,FBMCLI.C.319976166,,民事裁定书,乐吉琳、云南知名无人机科技有限公司申请司法确认调解协议特别程序：确认调解协议,司法案例,https://www.pkulaw.com/pfnl/c05aeed05a57db0a1112e81559c9169c227d2a3fa16
1006,司法案例,乐海明与洛克希德（武汉）无人机科学研究院有限公司劳动争议执行裁定书,,FBMCLI.C.62356233,,执行裁定书,乐海明与洛克希德（武汉）无人机科学研究院有限公司劳动争议,司法案例,https://www.pkulaw.com/pfnl/a25051f3312b07f3ea36469345d84a85d9d12b84030
1007,司法案例,于海生与辽宁大壮无人机科技有限公司追索劳动报酬纠纷二审裁定书,,FBMCLI.C.502919583,,,于海生与辽宁大壮无人机科技有限公司追索劳动报酬纠纷二审裁定书,司法案例,https://www.pkulaw.com/pfnl/08df102e7c10f2069f0df03e346deccf865869442f8cb
1008,司法案例,五莲县恒泰广告中心、山东巨岚无人机科技有限公司装饰装修合同纠纷民事一审民事判决书,,FBMCLI.C.431608861,,民事判决书,五莲县恒泰广告中心、山东巨岚无人机科技有限公司装饰装修合同纠纷民事,司法案例,https://www.pkulaw.com/pfnl/95b2ca8d4055fce178113f184d5f4a3da33e869293a3
1009,司法案例,亨通集团有限公司与广东鑫德金能源进出口有限公司、陈建军、深圳慈航无人机有限公司、深圳慈航无人智能系统技术有限公司借款...,,FBMCLI.C.317691286,,,亨通集团有限公司与广东鑫德金能源进出口有限公司、陈建军、深圳慈航无人机有限公司、深圳慈航无人智能系统技术有限公司借款...,司法案例,https://www.pkulaw.com/pfnl/c05aeed05a57db0aedef97ba4b80eb39332c4a2d3ec
1010,司法案例,伍福金、桂林精纳无人机科技有限公司合同纠纷首次执行执行裁定书,,FBMCLI.C.324766415,,执行裁定书,伍福金、桂林精纳无人机科技有限公司合同纠纷首次执行,司法案例,https://www.pkulaw.com/pfnl/c05aeed05a57db0a409965944885612476a0ecf10f4
1011,司法案例,伍福金与广西精纳恒宇无人机科技有限公司、桂林精纳无人机科技有限公司装饰装修合同纠纷一审民事判决书,,FBMCLI.C.103471543,,民事判决书,伍福金与广西精纳恒宇无人机科技有限公司、桂林精纳无人机科技有限公司装饰装修合同纠纷,司法案例,https://www.pkulaw.com/pfnl/a6bdb3332ec0adc4cfb1c8d2f7a9ca676a6f031d6986
1012,司法案例,伍解友与湖南银之通无人机科技有限公司申请公司清算一案一审民事裁定书,,FBMCLI.C.93545535,,民事裁定书,伍解友与湖南银之通无人机科技有限公司申请公司清算一案,司法案例,https://www.pkulaw.com/pfnl/a6bdb3332ec0adc4f0ad3fe16c83475704dbe11022c
1013,司法案例,何某与陈某、厦门某无人机工程中心有限公司等一审民事判决书,,FBMCLI.C.558959503,,民事判决书,何某与陈某、厦门某无人机工程中心有限公司等,司法案例,https://www.pkulaw.com/pfnl/08df102e7c10f2066b78d840559a13d5e2246667d67
1014,司法案例,余俊与洛克希德（武汉）无人机科学研究院有限公司劳动争议执行裁定书,,FBMCLI.C.63111040,,执行裁定书,余俊与洛克希德（武汉）无人机科学研究院有限公司劳动争议,司法案例,https://www.pkulaw.com/pfnl/a6bdb3332ec0adc487d659b4752fb5e4ee229b8495b
1015,司法案例,佛山市南海松岗华达印刷厂、东莞市雅联无人机科技有限公司买卖合同纠纷一审执行裁定书,,FBMCLI.C.120303932,,执行裁定书,佛山市南海松岗华达印刷厂、东莞市雅联无人机科技有限公司买卖合同纠纷,司法案例,https://www.pkulaw.com/pfnl/a6bdb3332ec0adc43c79702b9498a682773bc96cd1c
1016,司法案例,侯新宇;汕头市澄海区科航鹏翼无人机科技商行信息网络买卖合同纠纷一审民事裁定书,,FBMCLI.C.573306534,,民事裁定书,汕头市澄海区科航鹏翼无人机科技商行信息网络买卖合同纠纷 | 涉诉企业:侯新宇,司法案例,https://www.pkulaw.com/pfnl/c7ed112b8012f816510554015f62e2964a84341761c
1017,司法案例,侯某艳；延吉市某无人机专卖店；李某租赁合同纠纷一审民事裁定书,,FBMCLI.C.576455201,,民事裁定书,侯某艳；延吉市某无人机专卖店；李某租赁合同纠纷,司法案例,https://www.pkulaw.com/pfnl/c7ed112b8012f816620563781c24fe4deb6dc3c452f2
1018,司法案例,保全人中国农业银行股份有限公司、吉林省天润无人机科技有限公司借款合同纠纷财产保全执行执行通知书,,FBMCLI.C.511585498,,通知书,保全人中国农业银行股份有限公司、吉林省天润无人机科技有限公司借款合同纠纷财产保全执行执行,司法案例,https://www.pkulaw.com/pfnl/08df102e7c10f20627345983037ae75b99bda6485d5
1019,司法案例,俞宇鹏、极飞无人机教育科技（深圳）有限公司、赖进发等其他案由执行实施类执行裁定书,,FBMCLI.C.72564752,,执行裁定书,俞宇鹏、极飞无人机教育科技（深圳）有限公司、赖进发等其他案由执行实施类,司法案例,https://www.pkulaw.com/pfnl/a6bdb3332ec0adc4371a11823b5bbf242d9f362905d
1020,司法案例,倪兴;安徽天机翼无人机科技有限公司买卖合同纠纷管辖上诉管辖裁定书,,FBMCLI.C.569719476,,,安徽天机翼无人机科技有限公司买卖合同纠纷管辖上诉管辖裁定书 | 涉诉企业:倪兴,司法案例,https://www.pkulaw.com/pfnl/c7ed112b8012f8168009f412da3d6afc815348d4fd46
1021,司法案例,全球鹰（深圳）无人机有限公司、深圳市沧龙数码科技有限公司劳动合同纠纷二审民事判决书,,FBMCLI.C.120732765,,民事判决书,全球鹰（深圳）无人机有限公司、深圳市沧龙数码科技有限公司劳动合同纠纷,司法案例,https://www.pkulaw.com/pfnl/a6bdb3332ec0adc47bac2ed58b5d66a6db895eae00e
1022,司法案例,全球鹰（深圳）无人机有限公司、胡赞江技术委托开发合同纠纷民事二审民事裁定书,,FBMCLI.C.324048683,,民事裁定书,全球鹰（深圳）无人机有限公司、胡赞江技术委托开发合同纠纷民事,司法案例,https://www.pkulaw.com/pfnl/c05aeed05a57db0a50370c5a9c4a88126143ebd1f81
1023,司法案例,内蒙古纵横大鹏科技有限公司、内蒙古应急无人机飞行总队有限责任公司巴彦淖尔基地分公司民事一审民事判决书,,FBMCLI.C.560736527,,民事判决书,内蒙古纵横大鹏科技有限公司、内蒙古应急无人机飞行总队有限责任公司巴彦淖尔基地分公司民事,司法案例,https://www.pkulaw.com/pfnl/08df102e7c10f20678f0a82cf914330370ea88dcdbcc
1024,司法案例,内蒙古金航无人机科技有限公司、亿利资源集团有限公司合同纠纷执行实施类执行通知书,,FBMCLI.C.319874689,,通知书,内蒙古金航无人机科技有限公司、亿利资源集团有限公司合同纠纷执行实施类执行,司法案例,https://www.pkulaw.com/pfnl/c05aeed05a57db0a30147b22f24fe492665b96e08b7
1025,司法案例,内蒙古金航无人机科技有限公司、亿利资源集团有限公司特别程序民事裁定书,,FBMCLI.C.316980312,,民事裁定书,内蒙古金航无人机科技有限公司、亿利资源集团有限公司特别程序,司法案例,https://www.pkulaw.com/pfnl/c05aeed05a57db0a981db3246ed4e6d2194bee0737
1026,司法案例,冯文扬、深圳市飞客无人机科技有限公司劳动争议执行实施类执行裁定书,,FBMCLI.C.309425315,,执行裁定书,冯文扬、深圳市飞客无人机科技有限公司劳动争议执行实施类,司法案例,https://www.pkulaw.com/pfnl/c05aeed05a57db0a7a9cb287845154b189126e32d8
1027,司法案例,凌宇无人机科技廊坊有限责任公司、罗文焱等服务合同纠纷财产保全执行执行通知书,,FBMCLI.C.503371987,,通知书,凌宇无人机科技廊坊有限责任公司、罗文焱等服务合同纠纷财产保全执行执行,司法案例,https://www.pkulaw.com/pfnl/08df102e7c10f206e205acfe4bf908bc7c45408b8067
1028,司法案例,凌宇无人机科技廊坊有限责任公司与罗文焱、衡东正文测绘科技有限公司服务合同纠纷首次执行通知书,,FBMCLI.C.505375761,,通知书,凌宇无人机科技廊坊有限责任公司与罗文焱、衡东正文测绘科技有限公司服务合同纠纷首次执行,司法案例,https://www.pkulaw.com/pfnl/08df102e7c10f20607e20a38f5484144c018dd8a077
1029,司法案例,刘兰芳、开平市飞滴无人机技术有限公司承揽合同纠纷首次执行执行裁定书,,FBMCLI.C.545794707,,执行裁定书,刘兰芳、开平市飞滴无人机技术有限公司承揽合同纠纷首次执行,司法案例,https://www.pkulaw.com/pfnl/08df102e7c10f20691677287d494b12f93f466034f47
1030,司法案例,刘振与曾艳、深圳市飞客无人机科技有限公司民间借贷纠纷一审民事裁定书,,FBMCLI.C.318214269,,民事裁定书,刘振与曾艳、深圳市飞客无人机科技有限公司民间借贷纠纷,司法案例,https://www.pkulaw.com/pfnl/c05aeed05a57db0aca4028501cccbf7ee06ff95d598b
1031,司法案例,刘本乾与深圳华越无人机技术有限公司合同纠纷首次执行裁定书,,FBMCLI.C.405502284,,执行裁定书,刘本乾与深圳华越无人机技术有限公司合同纠纷首次,司法案例,https://www.pkulaw.com/pfnl/95b2ca8d4055fce17e6ef3176515273d03d150c9eb0
1032,司法案例,刘欣;屏边鸿飞植保无人机专业合作社买卖合同纠纷一审民事裁定书,,FBMCLI.C.574814409,,民事裁定书,屏边鸿飞植保无人机专业合作社买卖合同纠纷 | 涉诉企业:刘欣,司法案例,https://www.pkulaw.com/pfnl/c7ed112b8012f81696990e27431967dfede2c167a7c
1033,司法案例,刘跃平、深圳中科大智航空技术有限公司、深圳华越无人机技术有限公司其他案由执行实施类执行裁定书,,FBMCLI.C.72553154,,执行裁定书,刘跃平、深圳中科大智航空技术有限公司、深圳华越无人机技术有限公司其他案由执行实施类,司法案例,https://www.pkulaw.com/pfnl/a6bdb3332ec0adc4535ab19415b20efd1880a98ef57
1034,司法案例,刘连成、毛秀芳诉新疆猎鹰无人机科技有限公司财产损害赔偿纠纷案,,FBMCLI.C.9347765,,,刘连成、毛秀芳诉新疆猎鹰无人机科技有限公司财产损害赔偿纠纷案,司法案例,https://www.pkulaw.com/pfnl/a25051f3312b07f35958f6eed981018f991d72b11c89
1035,司法案例,刘连成、毛秀芳诉新疆猎鹰无人机科技有限公司财产损害赔偿纠纷案一审民事裁定书,,FBMCLI.C.69277006,,民事裁定书,刘连成、毛秀芳诉新疆猎鹰无人机科技有限公司财产损害赔偿纠纷案,司法案例,https://www.pkulaw.com/pfnl/a6bdb3332ec0adc4b562fd38ecf5b47a619e28c73ed
1036,司法案例,刘长英与辽宁大壮无人机科技有限公司追索劳动报酬纠纷二审裁定书,,FBMCLI.C.502919443,,,刘长英与辽宁大壮无人机科技有限公司追索劳动报酬纠纷二审裁定书,司法案例,https://www.pkulaw.com/pfnl/08df102e7c10f206f6000c4d2ee51a043b431b2b0ce6
1037,司法案例,北京优图佳视影像网络科技有限公司与宁波达鹏无人机科技有限公司著作权权属、侵权纠纷一审民事裁定书,,FBMCLI.C.61170795,,民事裁定书,北京优图佳视影像网络科技有限公司与宁波达鹏无人机科技有限公司著作权权属、侵权纠纷,司法案例,https://www.pkulaw.com/pfnl/a25051f3312b07f3b92c015a12ee1633b0be2619e60
1038,司法案例,北京元一创智无人机科技有限责任公司、中科航宇（北京）自动化工程技术有限公司买卖合同纠纷民事裁定书,,FBMCLI.C.110514305,,民事裁定书,北京元一创智无人机科技有限责任公司、中科航宇（北京）自动化工程技术有限公司买卖合同纠纷,司法案例,https://www.pkulaw.com/pfnl/a6bdb3332ec0adc4de2a6f243959b19febc079c1213
1039,司法案例,北京北航天宇长鹰无人机科技有限公司、深圳长城科学模型有限公司申请公司清算民事裁定书,,FBMCLI.C.505889797,,民事裁定书,北京北航天宇长鹰无人机科技有限公司、深圳长城科学模型有限公司申请公司清算,司法案例,https://www.pkulaw.com/pfnl/08df102e7c10f206365397ebb2fd336049b302c1092
1040,司法案例,北京品味老窖商贸有限公司与深圳智航无人机有限公司申请与前财产保全民事裁定书,,FBMCLI.C.91030791,,民事裁定书,北京品味老窖商贸有限公司与深圳智航无人机有限公司申请与前财产保全,司法案例,https://www.pkulaw.com/pfnl/a6bdb3332ec0adc40d1d5572fca30eba0b939154c8c
1041,司法案例,北京唐诚朗风科技有限公司与西安爱生无人机技术有限公司合同纠纷一审民事裁定书,,FBMCLI.C.501285759,,民事裁定书,北京唐诚朗风科技有限公司与西安爱生无人机技术有限公司合同纠纷,司法案例,https://www.pkulaw.com/pfnl/08df102e7c10f2065f4c4f6b1136a6c9f87be45a7cf6f7
1042,司法案例,北京富德芯创国际科技有限公司、北京韦加无人机科技股份有限公司合同纠纷一审民事裁定书,,FBMCLI.C.58952461,,民事裁定书,北京富德芯创国际科技有限公司、北京韦加无人机科技股份有限公司合同纠纷,司法案例,https://www.pkulaw.com/pfnl/a25051f3312b07f3f99851aaaaae12cc7f9222a2c49b
1043,司法案例,北京富德芯创国际科技有限公司、北京韦加无人机科技股份有限公司合同纠纷一审民事裁定书,,FBMCLI.C.59039471,,民事裁定书,北京富德芯创国际科技有限公司、北京韦加无人机科技股份有限公司合同纠纷,司法案例,https://www.pkulaw.com/pfnl/a25051f3312b07f375bd8227dd5850e81445c02abea
1044,司法案例,北京富德芯创国际科技有限公司、北京韦加无人机科技股份有限公司合同纠纷一审民事裁定书,,FBMCLI.C.59097792,,民事裁定书,北京富德芯创国际科技有限公司、北京韦加无人机科技股份有限公司合同纠纷,司法案例,https://www.pkulaw.com/pfnl/a25051f3312b07f31bc050e9c6dd86d90505b2ac478
1045,司法案例,北京富德芯创国际科技有限公司、北京韦加无人机科技股份有限公司合同纠纷一审民事裁定书,,FBMCLI.C.59097847,,民事裁定书,北京富德芯创国际科技有限公司、北京韦加无人机科技股份有限公司合同纠纷,司法案例,https://www.pkulaw.com/pfnl/a25051f3312b07f318c174de59448a9beddb078950a
1046,司法案例,北京富德芯创国际科技有限公司、北京韦加无人机科技股份有限公司合同纠纷一审民事裁定书,,FBMCLI.C.59108576,,民事裁定书,北京富德芯创国际科技有限公司、北京韦加无人机科技股份有限公司合同纠纷,司法案例,https://www.pkulaw.com/pfnl/a25051f3312b07f3c856ddd31e159218183e0d50bd2
1047,司法案例,北京富德芯创国际科技有限公司、北京韦加无人机科技股份有限公司合同纠纷一审民事裁定书,,FBMCLI.C.59121468,,民事裁定书,北京富德芯创国际科技有限公司、北京韦加无人机科技股份有限公司合同纠纷,司法案例,https://www.pkulaw.com/pfnl/a25051f3312b07f38ebe17b7a7779fbc5fb7251ad1cb
1048,司法案例,北京富德芯创国际科技有限公司、北京韦加无人机科技股份有限公司合同纠纷一审民事裁定书,,FBMCLI.C.59121526,,民事裁定书,北京富德芯创国际科技有限公司、北京韦加无人机科技股份有限公司合同纠纷,司法案例,https://www.pkulaw.com/pfnl/a25051f3312b07f3f80add6e98543ad1dbebf74b0918
1049,司法案例,北京富德芯创国际科技有限公司、北京韦加无人机科技股份有限公司合同纠纷一审民事裁定书,,FBMCLI.C.59215963,,民事裁定书,北京富德芯创国际科技有限公司、北京韦加无人机科技股份有限公司合同纠纷,司法案例,https://www.pkulaw.com/pfnl/a25051f3312b07f34b55c94dae6a2934d27f9f790bfa
1050,司法案例,北京富德芯创国际科技有限公司、北京韦加无人机科技股份有限公司合同纠纷一审民事裁定书,,FBMCLI.C.59215990,,民事裁定书,北京富德芯创国际科技有限公司、北京韦加无人机科技股份有限公司合同纠纷,司法案例,https://www.pkulaw.com/pfnl/a25051f3312b07f32c0a8822c95a644b344ef7c82c7d
1051,司法案例,北京富德芯创国际科技有限公司、北京韦加无人机科技股份有限公司合同纠纷一审民事裁定书,,FBMCLI.C.59218897,,民事裁定书,北京富德芯创国际科技有限公司、北京韦加无人机科技股份有限公司合同纠纷,司法案例,https://www.pkulaw.com/pfnl/a25051f3312b07f3b955ee32df6c4dd485d08624f41d
1052,司法案例,北京翔翼飞鹰航空科技有限公司、大庆商鲲无人机科技有限公司买卖合同纠纷一审民事调解书,,FBMCLI.C.80251510,,民事调解书,北京翔翼飞鹰航空科技有限公司、大庆商鲲无人机科技有限公司买卖合同纠纷,司法案例,https://www.pkulaw.com/pfnl/a6bdb3332ec0adc4076419ebdd0d9d587cc20237b3
1053,司法案例,北京通建泰利特智能系统工程技术有限公司、北京猎鹰无人机科技有限公司买卖合同纠纷一审民事调解书,,FBMCLI.C.97630526,,民事调解书,北京通建泰利特智能系统工程技术有限公司、北京猎鹰无人机科技有限公司买卖合同纠纷,司法案例,https://www.pkulaw.com/pfnl/a6bdb3332ec0adc4d3f506608a203b623274faff073f
1054,司法案例,北京韦加无人机科技股份有限公司、兰州天瑞测绘工程有限公司修理合同纠纷一审民事其他文书,,FBMCLI.C.73739310,,,北京韦加无人机科技股份有限公司、兰州天瑞测绘工程有限公司修理合同纠纷一审民事其他文书,司法案例,https://www.pkulaw.com/pfnl/a6bdb3332ec0adc47538fb0930c02a0f9ec2ea2ba38
1055,司法案例,北京韦加无人机科技股份有限公司、北京华聚新能科技发展有限公司买卖合同纠纷一审民事裁定书,,FBMCLI.C.65554509,,民事裁定书,北京韦加无人机科技股份有限公司、北京华聚新能科技发展有限公司买卖合同纠纷,司法案例,https://www.pkulaw.com/pfnl/a6bdb3332ec0adc418f0a5c03daf5f005ad56b5989f5
1056,司法案例,北京韦加无人机科技股份有限公司、航天远景空间地理信息（深圳）有限公司技术服务合同纠纷一审民事其他文书,,FBMCLI.C.82900874,,,北京韦加无人机科技股份有限公司、航天远景空间地理信息（深圳）有限公司技术服务合同纠纷一审民事其他文书,司法案例,https://www.pkulaw.com/pfnl/a6bdb3332ec0adc40cdcadf01ce7fb3269beb8f01028
1057,司法案例,北京韦加无人机科技股份有限公司与唐山富蓝科技有限公司委托合同纠纷一审民事判决书,,FBMCLI.C.88812705,,民事判决书,北京韦加无人机科技股份有限公司与唐山富蓝科技有限公司委托合同纠纷,司法案例,https://www.pkulaw.com/pfnl/a6bdb3332ec0adc46efcaf35234eee4508c128d87b7
1058,司法案例,北京韦加无人机科技股份有限公司与河南省拓普北斗测绘科技有限公司买卖合同纠纷一审民事裁定书,,FBMCLI.C.88329099,,民事裁定书,北京韦加无人机科技股份有限公司与河南省拓普北斗测绘科技有限公司买卖合同纠纷,司法案例,https://www.pkulaw.com/pfnl/a6bdb3332ec0adc416c46c0dde72e1255982d00c99e
1059,司法案例,北京韦加无人机科技股份有限公司与珠海羽人农业航空有限公司一审民事判决书,,FBMCLI.C.88892105,,民事判决书,北京韦加无人机科技股份有限公司与珠海羽人农业航空有限公司,司法案例,https://www.pkulaw.com/pfnl/a6bdb3332ec0adc45fb73ed6bba98241041cd585143
1060,司法案例,北京韦加无人机科技股份有限公司与首欣（北京）科技有限公司买卖合同纠纷一审民事判决书,,FBMCLI.C.88159209,,民事判决书,北京韦加无人机科技股份有限公司与首欣（北京）科技有限公司买卖合同纠纷,司法案例,https://www.pkulaw.com/pfnl/a6bdb3332ec0adc4a9880873c8120df83969799486a
1061,司法案例,北京韦加航通科技有限责任公司、苏州嗨森无人机科技有限公司申请诉前财产保全民事裁定书,,FBMCLI.C.112162784,,民事裁定书,北京韦加航通科技有限责任公司、苏州嗨森无人机科技有限公司申请诉前财产保全,司法案例,https://www.pkulaw.com/pfnl/a6bdb3332ec0adc4458172694e33d0c78cb236b899
1062,司法案例,匡凤江与深圳智航无人机有限公司劳动争议一审民事裁定书,,FBMCLI.C.107939794,,民事裁定书,匡凤江与深圳智航无人机有限公司劳动争议,司法案例,https://www.pkulaw.com/pfnl/a6bdb3332ec0adc468309b2edc9f4c2b75cb87df304
1063,司法案例,南充天众无人机服务有限公司、邻水县盛世种植专业合作社服务合同纠纷执行实施类执行通知书,,FBMCLI.C.113872890,,通知书,南充天众无人机服务有限公司、邻水县盛世种植专业合作社服务合同纠纷执行实施类执行,司法案例,https://www.pkulaw.com/pfnl/a6bdb3332ec0adc447f87ce4f70b472e5f0507e544e6
1064,司法案例,南充天众无人机服务有限公司与邻水县盛世种植专业合作社服务合同纠纷一审民事判决书,,FBMCLI.C.108282521,,民事判决书,南充天众无人机服务有限公司与邻水县盛世种植专业合作社服务合同纠纷,司法案例,https://www.pkulaw.com/pfnl/a6bdb3332ec0adc4484dc1d0b019d992f8b1f8c576e
1065,司法案例,南昌北极鸥无人机信息技术有限公司、武汉航天远景科技股份有限公司技术服务合同纠纷民事一审民事裁定书,,FBMCLI.C.412230215,,民事裁定书,南昌北极鸥无人机信息技术有限公司、武汉航天远景科技股份有限公司技术服务合同纠纷民事,司法案例,https://www.pkulaw.com/pfnl/95b2ca8d4055fce14a5cf3361d4447ba73e409ce0bd
1066,司法案例,卢增浩;福建迅航无人机科技有限公司服务合同纠纷一审民事判决书,,FBMCLI.C.577456397,,民事判决书,福建迅航无人机科技有限公司服务合同纠纷 | 涉诉企业:卢增浩,司法案例,https://www.pkulaw.com/pfnl/c7ed112b8012f816b474bcfff838606b2832d6b24dff6
1067,司法案例,原告山东腾跃航空无人机科技有限公司;被告临沂飞防农业植保有限公司,,FBMCLI.C.97930555,,,被告临沂飞防农业植保有限公司 | 涉诉企业:原告山东腾跃航空无人机科技有限公司,司法案例,https://www.pkulaw.com/pfnl/a6bdb3332ec0adc4f4c6e0b79068a7bd757b2a94a49
1068,司法案例,原告张丽珍与被告威海星煜无人机科技有限公司、威海市银丰典当有限公司民间借贷纠纷一案民事裁定书,,FBMCLI.C.102438454,,民事裁定书,原告张丽珍与被告威海星煜无人机科技有限公司、威海市银丰典当有限公司民间借贷纠纷一案,司法案例,https://www.pkulaw.com/pfnl/a6bdb3332ec0adc4a33004f9306ddc685ef4724c6d6
1069,司法案例,原告张亮亮因与被告逊克翱龙无人机科技有限公司劳务合同纠纷一案一审民事判决书,,FBMCLI.C.114240683,,民事判决书,原告张亮亮因与被告逊克翱龙无人机科技有限公司劳务合同纠纷一案,司法案例,https://www.pkulaw.com/pfnl/a6bdb3332ec0adc468102aebb0dad321ea3b56a3ba
1070,司法案例,原告李昌娥;牛金义;牛洁园;牛运柱;李大香与被告周君前;山东高普无人机科技有限公司;华海财产保险股份有限公司济宁中心支公司...,,FBMCLI.C.103025832,,,华海财产保险股份有限公司济宁中心支公司... | 涉诉企业:原告李昌娥,司法案例,https://www.pkulaw.com/pfnl/a6bdb3332ec0adc412adf23481d233d6a690355ffa15
1071,司法案例,原告杨兴武因与被告逊克翱龙无人机科技有限公司劳务合同纠纷一案一审民事判决书,,FBMCLI.C.114324801,,民事判决书,原告杨兴武因与被告逊克翱龙无人机科技有限公司劳务合同纠纷一案,司法案例,https://www.pkulaw.com/pfnl/a6bdb3332ec0adc447df8e917c290addfbfe4157c9bc
1072,司法案例,原告梁伟因与被告逊克翱龙无人机科技有限公司劳务合同纠纷一案一审民事判决书,,FBMCLI.C.114894373,,民事判决书,原告梁伟因与被告逊克翱龙无人机科技有限公司劳务合同纠纷一案,司法案例,https://www.pkulaw.com/pfnl/a6bdb3332ec0adc455fffcbb52108efd7b7067407a02
1073,司法案例,原告沈阳丰瑞无人机科技有限公司诉被告颜彦劳动争议纠纷一审判决书,,FBMCLI.C.82190038,,,原告沈阳丰瑞无人机科技有限公司诉被告颜彦劳动争议纠纷一审判决书,司法案例,https://www.pkulaw.com/pfnl/a6bdb3332ec0adc47aedd880e2a3a5bcab98edbab90
1074,司法案例,原告胡晓敏诉被告成都三足乌无人机科技有限公司劳动争议纠纷一审民事判决书,,FBMCLI.C.72693820,,民事判决书,原告胡晓敏诉被告成都三足乌无人机科技有限公司劳动争议纠纷,司法案例,https://www.pkulaw.com/pfnl/a6bdb3332ec0adc4cc67615197a155ae79d42b596a3
1075,司法案例,原告辽宁省华翼无人机科技有限公司诉被告盘锦市兴隆台区农村经济局服务合同纠纷一审民事判决书,,FBMCLI.C.55736948,,民事判决书,原告辽宁省华翼无人机科技有限公司诉被告盘锦市兴隆台区农村经济局服务合同纠纷,司法案例,https://www.pkulaw.com/pfnl/a25051f3312b07f3fa210259e1da1e39e14647175ce
1076,司法案例,原告鲁英新诉被告辽宁壮龙无人机科技有限公司买卖合同纠纷一案,,FBMCLI.C.111914158,,,原告鲁英新诉被告辽宁壮龙无人机科技有限公司买卖合同纠纷一案,司法案例,https://www.pkulaw.com/pfnl/a6bdb3332ec0adc406ec211908483f4a0266616edc5
1077,司法案例,台州天勤地理信息工程有限公司与成都纵横大鹏无人机科技有限公司、成都纵横自动化技术股份有限公司买卖合同纠纷一审民事裁定书,,FBMCLI.C.314167739,,民事裁定书,台州天勤地理信息工程有限公司与成都纵横大鹏无人机科技有限公司、成都纵横自动化技术股份有限公司买卖合同纠纷,司法案例,https://www.pkulaw.com/pfnl/c05aeed05a57db0abe1f62cf78fd26ba693e5ceb5df1
1078,司法案例,叶雪芬;航天彩虹无人机股份有限公司房屋买卖合同纠纷一审民事判决书,,FBMCLI.C.564602031,,民事判决书,航天彩虹无人机股份有限公司房屋买卖合同纠纷 | 涉诉企业:叶雪芬,司法案例,https://www.pkulaw.com/pfnl/c7ed112b8012f8162377513b4116e34a0ea2a26c817
1079,司法案例,吕昭琦、深圳市飞客无人机科技有限公司劳动争议执行实施类执行裁定书,,FBMCLI.C.116597928,,执行裁定书,吕昭琦、深圳市飞客无人机科技有限公司劳动争议执行实施类,司法案例,https://www.pkulaw.com/pfnl/a6bdb3332ec0adc44b4207921d5f98faf0f59a9c595d
1080,司法案例,吴庆元、深圳华越无人机技术有限公司合同、无因管理、不当得利纠纷破产申请审查强制清算与破产裁定书,,FBMCLI.C.412076725,,,吴庆元、深圳华越无人机技术有限公司合同、无因管理、不当得利纠纷破产申请审查强制清算与破产裁定书,司法案例,https://www.pkulaw.com/pfnl/95b2ca8d4055fce105bdded14a200bbd135203e7d07
1081,司法案例,吴某庆、某无人机公司等买卖合同纠纷民事一审民事裁定书,,FBMCLI.C.563478109,,民事裁定书,吴某庆、某无人机公司等买卖合同纠纷民事,司法案例,https://www.pkulaw.com/pfnl/c7ed112b8012f816df682dd81bbc3573bfed28f7d773
1082,司法案例,吴桐;云南省普洱市江城瑞毅无人机科技有限责任公司;王志伟买卖合同纠纷一审民事判决书,,FBMCLI.C.569358771,,民事判决书,王志伟买卖合同纠纷 | 涉诉企业:吴桐,司法案例,https://www.pkulaw.com/pfnl/c7ed112b8012f8169cbc8be3de987a60a09e78f8ab5
1083,司法案例,吴辉与全球鹰（深圳）无人机有限公司、深圳市沧龙数码科技有限公司劳动合同纠纷一审民事判决书,,FBMCLI.C.92606279,,民事判决书,吴辉与全球鹰（深圳）无人机有限公司、深圳市沧龙数码科技有限公司劳动合同纠纷,司法案例,https://www.pkulaw.com/pfnl/a6bdb3332ec0adc4ccbe4f48f25219604ee266bcc00f
1084,司法案例,周勇与桂林精纳无人机科技有限公司买卖合同纠纷一审民事判决书,,FBMCLI.C.320253730,,民事判决书,周勇与桂林精纳无人机科技有限公司买卖合同纠纷,司法案例,https://www.pkulaw.com/pfnl/c05aeed05a57db0a06b305d70cb19703771ae45e62
1085,司法案例,周华峰、广东澄星无人机股份有限公司、陈加华等国内非涉外仲裁裁决执行实施类执行裁定书,,FBMCLI.C.119980233,,执行裁定书,周华峰、广东澄星无人机股份有限公司、陈加华等国内非涉外仲裁裁决执行实施类,司法案例,https://www.pkulaw.com/pfnl/a6bdb3332ec0adc40d1946d844f156d196001020f96
1086,司法案例,周哲与德奥无人机运营服务有限公司劳动争议执行裁定书,,FBMCLI.C.82637120,,执行裁定书,周哲与德奥无人机运营服务有限公司劳动争议,司法案例,https://www.pkulaw.com/pfnl/a6bdb3332ec0adc49bd80dda8061c0982cb45f647a1
1087,司法案例,周桂华与成都三足乌无人机科技有限公司、四川新川实业有限公司机动车交通事故责任纠纷,,FBMCLI.C.111451197,,,周桂华与成都三足乌无人机科技有限公司、四川新川实业有限公司机动车交通事故责任纠纷,司法案例,https://www.pkulaw.com/pfnl/a6bdb3332ec0adc4bd0220d56a64bd18f2eb1cbb40c
1088,司法案例,周桂华与成都三足乌无人机科技有限公司、四川新川实业有限公司机动车交通事故责任纠纷,,FBMCLI.C.50678320,,,周桂华与成都三足乌无人机科技有限公司、四川新川实业有限公司机动车交通事故责任纠纷,司法案例,https://www.pkulaw.com/pfnl/a25051f3312b07f39a4de03c5db6a0164d50b921aba
1089,司法案例,周森、山东东行无人机有限公司买卖合同纠纷执行实施类执行裁定书,,FBMCLI.C.92150371,,执行裁定书,周森、山东东行无人机有限公司买卖合同纠纷执行实施类,司法案例,https://www.pkulaw.com/pfnl/a6bdb3332ec0adc45618a3ccfca3c74c1ff1a5063924
1090,司法案例,周森与山东东行无人机有限公司合同纠纷一审民事判决书,,FBMCLI.C.86465265,,民事判决书,周森与山东东行无人机有限公司合同纠纷,司法案例,https://www.pkulaw.com/pfnl/a6bdb3332ec0adc449e276a5d7c20a7658fa1aa74ee
1091,司法案例,唐秋林与桂林精纳无人机科技有限公司劳动争议一审民事判决书,,FBMCLI.C.314312502,,民事判决书,唐秋林与桂林精纳无人机科技有限公司劳动争议,司法案例,https://www.pkulaw.com/pfnl/c05aeed05a57db0a8e72b434d61ea2130fdbd892c20
1092,司法案例,唐聪、桂林精纳无人机科技有限公司、熊艾杰等借款合同纠纷执行实施类执行通知书,,FBMCLI.C.114166961,,通知书,唐聪、桂林精纳无人机科技有限公司、熊艾杰等借款合同纠纷执行实施类执行,司法案例,https://www.pkulaw.com/pfnl/a6bdb3332ec0adc44dc7993cc6c32d7901a8b55d04a
1093,司法案例,唐聪与桂林精纳无人机科技有限公司、熊艾杰等民间借贷纠纷一审民事判决书,,FBMCLI.C.316008397,,民事判决书,唐聪与桂林精纳无人机科技有限公司、熊艾杰等民间借贷纠纷,司法案例,https://www.pkulaw.com/pfnl/c05aeed05a57db0ab7f639ca784960600c12a0c0a3a
1094,司法案例,四川华远建设工程有限公司、成都工院无人机科技有限公司服务合同纠纷二审民事判决书,,FBMCLI.C.99237861,,民事判决书,四川华远建设工程有限公司、成都工院无人机科技有限公司服务合同纠纷,司法案例,https://www.pkulaw.com/pfnl/a6bdb3332ec0adc4f11266b0b22cae855ebff6122f96
1095,司法案例,四川图珈无人机科技有限公司、成都福来鹰通航空有限公司买卖合同纠纷一审民事判决书,,FBMCLI.C.506793325,,民事判决书,四川图珈无人机科技有限公司、成都福来鹰通航空有限公司买卖合同纠纷,司法案例,https://www.pkulaw.com/pfnl/08df102e7c10f2065511c793ecc50c3bab6157b549d
1096,司法案例,四川天宇智航无人机科技有限公司、陈魁劳动争议民事一审民事判决书,,FBMCLI.C.553812687,,民事判决书,四川天宇智航无人机科技有限公司、陈魁劳动争议民事,司法案例,https://www.pkulaw.com/pfnl/08df102e7c10f206e6292e2e817f8629aeaa2aba243e
1097,司法案例,四川易慧星空科技有限公司;吴川东;西安天鸽无人机技术服务有限公司服务合同纠纷执行实施执行其他,,FBMCLI.C.569678596,,,西安天鸽无人机技术服务有限公司服务合同纠纷执行实施执行其他 | 涉诉企业:四川易慧星空科技有限公司,司法案例,https://www.pkulaw.com/pfnl/c7ed112b8012f81628e583ad0ea9b1b159c14e4bdad
1098,司法案例,四川某无人机科技有限公司;向某合同纠纷一审民事判决书,,FBMCLI.C.568826647,,民事判决书,向某合同纠纷 | 涉诉企业:四川某无人机科技有限公司,司法案例,https://www.pkulaw.com/pfnl/c7ed112b8012f816b88e9ca9175feca0de6f8bf78283
1099,司法案例,四川省农业机械供应总公司与无锡微翼德米无人机系统科技有限公司买卖合同纠纷,,FBMCLI.C.405895535,,,四川省农业机械供应总公司与无锡微翼德米无人机系统科技有限公司买卖合同纠纷,司法案例,https://www.pkulaw.com/pfnl/95b2ca8d4055fce13b20b2e6f7d97c7753f9d531f3ad
1100,司法案例,四川省农业机械供应总公司与无锡微翼德米无人机系统科技有限公司财产保全,,FBMCLI.C.318569308,,,四川省农业机械供应总公司与无锡微翼德米无人机系统科技有限公司财产保全,司法案例,https://www.pkulaw.com/pfnl/c05aeed05a57db0a56a91d8cfd5cc2b69c0e9ba2afb6
1101,司法案例,四川省高级人民法院发布7件2024年耕地保护典型案例之三：贾某诉某农业发展有限公司财产损害赔偿纠纷案——规模化农业生产使...,,FBMCLI.C.553423177,,,四川省高级人民法院发布7件2024年耕地保护典型案例之三：贾某诉某农业发展有限公司财产损害赔偿纠纷案——规模化农业生产使...,司法案例,https://www.pkulaw.com/pfnl/08df102e7c10f206975d576ba5441f5d2ec0afa3ae47
1102,司法案例,大荔县绿濛濛无人机植保专业合作社、融通农业发展有限责任公司其他案由财产保全执行结案通知书,,FBMCLI.C.410495633,,通知书,大荔县绿濛濛无人机植保专业合作社、融通农业发展有限责任公司其他案由财产保全执行结案,司法案例,https://www.pkulaw.com/pfnl/95b2ca8d4055fce1a1586bab53e6040e7cb74e101cc
1103,司法案例,天津市高级人民法院发布7件2025年环境资源审判典型案例之五：无人机喷洒农药环境侵权案,,FBMCLI.C.560584399,,,天津市高级人民法院发布7件2025年环境资源审判典型案例之五：无人机喷洒农药环境侵权案,司法案例,https://www.pkulaw.com/pfnl/08df102e7c10f206c9bffdfa26b78266a574310071d4
1104,司法案例,天津飞眼无人机科技有限公司、李娜民间借贷纠纷民事一审民事裁定书,,FBMCLI.C.502384707,,民事裁定书,天津飞眼无人机科技有限公司、李娜民间借贷纠纷民事,司法案例,https://www.pkulaw.com/pfnl/08df102e7c10f206b98556279087422f7812bbfc6c92
1105,司法案例,天津飞眼无人机科技有限公司与北京四方视语科技有限公司借用合同纠纷一审民事裁定书,,FBMCLI.C.114762842,,民事裁定书,天津飞眼无人机科技有限公司与北京四方视语科技有限公司借用合同纠纷,司法案例,https://www.pkulaw.com/pfnl/a6bdb3332ec0adc4be6210632493d172ad6742631e
1106,司法案例,天津飞眼无人机科技有限公司买卖合同纠纷一案,,FBMCLI.C.577816634,,,天津飞眼无人机科技有限公司买卖合同纠纷一案,司法案例,https://www.pkulaw.com/pfnl/c7ed112b8012f8168595072278927ca1146577309fc
1107,司法案例,太湖县海森无人机市场服务有限公司;葛玉标服务合同纠纷一审民事裁定书,,FBMCLI.C.569732108,,民事裁定书,葛玉标服务合同纠纷 | 涉诉企业:太湖县海森无人机市场服务有限公司,司法案例,https://www.pkulaw.com/pfnl/c7ed112b8012f816a0372257e7a23f611d45f8bd0f14
1108,司法案例,威海万准测绘有限公司、烟台云都海鹰无人机应用技术有限公司买卖合同纠纷民事一审民事判决书,,FBMCLI.C.408124583,,民事判决书,威海万准测绘有限公司、烟台云都海鹰无人机应用技术有限公司买卖合同纠纷民事,司法案例,https://www.pkulaw.com/pfnl/95b2ca8d4055fce10061900807fdf427aa4e7bf169a3
1109,司法案例,威海万准测绘有限公司、烟台云都海鹰无人机应用技术有限公司买卖合同纠纷民事申请再审审查民事裁定书,,FBMCLI.C.502593784,,民事裁定书,威海万准测绘有限公司、烟台云都海鹰无人机应用技术有限公司买卖合同纠纷民事申请再审审查,司法案例,https://www.pkulaw.com/pfnl/08df102e7c10f206c7cf3d96bce4d9b1e3ed24780b9b
1110,司法案例,威海万准测绘有限公司、烟台云都海鹰无人机应用技术有限公司产品责任纠纷其他民事裁定书,,FBMCLI.C.87623384,,民事裁定书,威海万准测绘有限公司、烟台云都海鹰无人机应用技术有限公司产品责任纠纷其他,司法案例,https://www.pkulaw.com/pfnl/a6bdb3332ec0adc4f553f692a96efd222f0efb5092b4
1111,司法案例,威海万准测绘有限公司与烟台云都海鹰无人机应用技术有限公司买卖合同纠纷一审民事裁定书,,FBMCLI.C.96326963,,民事裁定书,威海万准测绘有限公司与烟台云都海鹰无人机应用技术有限公司买卖合同纠纷,司法案例,https://www.pkulaw.com/pfnl/a6bdb3332ec0adc4a772e14f3538c95b14dda20b94d
1112,司法案例,威海万准测绘有限公司与烟台云都海鹰无人机应用技术有限公司买卖合同纠纷一审民事裁定书,,FBMCLI.C.96637778,,民事裁定书,威海万准测绘有限公司与烟台云都海鹰无人机应用技术有限公司买卖合同纠纷,司法案例,https://www.pkulaw.com/pfnl/a6bdb3332ec0adc4ac16c01dfb41083abd84bedd913
1113,司法案例,威海万准测绘有限公司与烟台云都海鹰无人机应用技术有限公司产品生产者责任纠纷一审民事判决书,,FBMCLI.C.94988090,,民事判决书,威海万准测绘有限公司与烟台云都海鹰无人机应用技术有限公司产品生产者责任纠纷,司法案例,https://www.pkulaw.com/pfnl/a6bdb3332ec0adc4ed70989e7618bcceb32e1252030
1114,司法案例,威海万准测绘有限公司与烟台云都海鹰无人机应用技术有限公司合同纠纷一审民事判决书,,FBMCLI.C.94525686,,民事判决书,威海万准测绘有限公司与烟台云都海鹰无人机应用技术有限公司合同纠纷,司法案例,https://www.pkulaw.com/pfnl/a6bdb3332ec0adc41a30e873f82e38032e5105253ec
1115,司法案例,娄辉、北航富羽无人机（深圳）有限公司劳动争议首次执行执行裁定书,,FBMCLI.C.333838920,,执行裁定书,娄辉、北航富羽无人机（深圳）有限公司劳动争议首次执行,司法案例,https://www.pkulaw.com/pfnl/c05aeed05a57db0a17328067cfb012007f358391afb8
1116,司法案例,孙老三;云南优航无人机科技有限公司租赁合同纠纷执行实施执行裁定书,,FBMCLI.C.569782680,,执行裁定书,云南优航无人机科技有限公司租赁合同纠纷执行实施 | 涉诉企业:孙老三,司法案例,https://www.pkulaw.com/pfnl/c7ed112b8012f816978f6ffdde4d4e3847b99e035fcb
1117,司法案例,宁夏回族自治区女子监狱与宁夏翼航无人机科技股份有限公司一审民事裁定书,,FBMCLI.C.87643212,,民事裁定书,宁夏回族自治区女子监狱与宁夏翼航无人机科技股份有限公司,司法案例,https://www.pkulaw.com/pfnl/a6bdb3332ec0adc49e39160cceee4ed5fa87b6a64c5
1118,司法案例,宁夏回族自治区女子监狱与宁夏翼航无人机科技股份有限公司买卖合同纠纷一审民事调解书,,FBMCLI.C.97720427,,民事调解书,宁夏回族自治区女子监狱与宁夏翼航无人机科技股份有限公司买卖合同纠纷,司法案例,https://www.pkulaw.com/pfnl/a6bdb3332ec0adc4366885c713e717be747ddf43c28
1119,司法案例,宁夏锦悦文化传播有限公司、台州聚贤无人机科技有限公司服务合同纠纷民事一审民事判决书,,FBMCLI.C.502588575,,民事判决书,宁夏锦悦文化传播有限公司、台州聚贤无人机科技有限公司服务合同纠纷民事,司法案例,https://www.pkulaw.com/pfnl/08df102e7c10f206ccc596d8a8e6673016ee500b015
1120,司法案例,安徽梦之翼无人机科技有限公司、张广前申请司法确认调解协议,,FBMCLI.C.313190537,,,安徽梦之翼无人机科技有限公司、张广前申请司法确认调解协议,司法案例,https://www.pkulaw.com/pfnl/c05aeed05a57db0aef8df60722bd30a0cef4414d96f4
1121,司法案例,安徽省合肥市中级人民法院发布6起环境资源审判典型案例之五：王某与伍某侵权责任纠纷上诉案——无人机播洒除草剂致藕田受损 ...,,FBMCLI.C.575613707,,,安徽省合肥市中级人民法院发布6起环境资源审判典型案例之五：王某与伍某侵权责任纠纷上诉案——无人机播洒除草剂致藕田受损 ...,司法案例,https://www.pkulaw.com/pfnl/c7ed112b8012f8167df45c86f482960db239453d98f9
1122,司法案例,安阳关雎文化传媒有限公司;巨贤天幕（广州）无人机技术有限公司;刘贤服务合同纠纷一审民事其他,,FBMCLI.C.577442039,,,刘贤服务合同纠纷一审民事其他 | 涉诉企业:安阳关雎文化传媒有限公司,司法案例,https://www.pkulaw.com/pfnl/c7ed112b8012f81688155a04793f6a2ccae97426692
1123,司法案例,宋玉生、新乡市五谷无人机有限公司民间借贷纠纷执行实施类执行裁定书,,FBMCLI.C.118435518,,执行裁定书,宋玉生、新乡市五谷无人机有限公司民间借贷纠纷执行实施类,司法案例,https://www.pkulaw.com/pfnl/a6bdb3332ec0adc4f1f413439c1d063f8f0a689ffc373
1124,司法案例,宜城市楚飞无人机科技有限公司、湖北谷瑞特生物技术有限公司服务合同纠纷民事一审民事裁定书,,FBMCLI.C.505041945,,民事裁定书,宜城市楚飞无人机科技有限公司、湖北谷瑞特生物技术有限公司服务合同纠纷民事,司法案例,https://www.pkulaw.com/pfnl/08df102e7c10f20687503f18b1fcfd33903efdea36def
1125,司法案例,宣城市某某建设投资有限公司与深圳某某无人机发展有限公司、汪某亚等股东出资纠纷一审民事裁定书,,FBMCLI.C.556599783,,民事裁定书,宣城市某某建设投资有限公司与深圳某某无人机发展有限公司、汪某亚等股东出资纠纷,司法案例,https://www.pkulaw.com/pfnl/08df102e7c10f20687906b6fb74fe1a13f187a6d8055
1126,司法案例,宣城市某某建设投资有限公司与深圳某某无人机发展有限公司、汪某亚等非诉保全审查裁定书,,FBMCLI.C.559991299,,,宣城市某某建设投资有限公司与深圳某某无人机发展有限公司、汪某亚等非诉保全审查裁定书,司法案例,https://www.pkulaw.com/pfnl/08df102e7c10f2063dd86700b670e312ad955493307
1127,司法案例,山东安航无人机科技有限公司、刘运洋租赁合同纠纷二审民事裁定书,,FBMCLI.C.100143517,,民事裁定书,山东安航无人机科技有限公司、刘运洋租赁合同纠纷,司法案例,https://www.pkulaw.com/pfnl/a6bdb3332ec0adc404c2e961c0cde59d650598266ca
1128,司法案例,山东安航无人机科技有限公司、北京首贝科技发展有限公司服务合同纠纷首次执行执行通知书,,FBMCLI.C.333407649,,通知书,山东安航无人机科技有限公司、北京首贝科技发展有限公司服务合同纠纷首次执行执行,司法案例,https://www.pkulaw.com/pfnl/c05aeed05a57db0af6da6d74aed4984b9030bbb6940
1129,司法案例,山东安航无人机科技有限公司、濮阳市龙羽航空科技有限公司服务合同纠纷二审民事裁定书,,FBMCLI.C.94029931,,民事裁定书,山东安航无人机科技有限公司、濮阳市龙羽航空科技有限公司服务合同纠纷,司法案例,https://www.pkulaw.com/pfnl/a6bdb3332ec0adc42be15b2c730759590f8ce2df6c1
1130,司法案例,山东安航无人机科技有限公司与刘运洋租赁合同纠纷一审民事裁定书,,FBMCLI.C.116186871,,民事裁定书,山东安航无人机科技有限公司与刘运洋租赁合同纠纷,司法案例,https://www.pkulaw.com/pfnl/a6bdb3332ec0adc431893dd5f6d7c93a62b75c71e20
1131,司法案例,山东安航无人机科技有限公司与北京首贝科技发展有限公司服务合同纠纷一审民事调解书,,FBMCLI.C.316872777,,民事调解书,山东安航无人机科技有限公司与北京首贝科技发展有限公司服务合同纠纷,司法案例,https://www.pkulaw.com/pfnl/c05aeed05a57db0ac7eff38701c704b86cda6aca913f
1132,司法案例,山东安航无人机科技有限公司与深圳鹏锐信息技术股份有限公司技术服务合同纠纷一审2020-2213号撤诉裁定书,,FBMCLI.C.109004805,,,山东安航无人机科技有限公司与深圳鹏锐信息技术股份有限公司技术服务合同纠纷一审2020-2213号撤诉裁定书,司法案例,https://www.pkulaw.com/pfnl/a6bdb3332ec0adc448dde3ea2942cd0bb5cbe5337d3
1133,司法案例,山东安航无人机科技有限公司诉濮阳市龙羽航空科技有限公司服务合同纠纷二审民事调解书,,FBMCLI.C.116740587,,民事调解书,山东安航无人机科技有限公司诉濮阳市龙羽航空科技有限公司服务合同纠纷,司法案例,https://www.pkulaw.com/pfnl/a6bdb3332ec0adc436a5c3a1093f94da92549f71400
1134,司法案例,山东微翼植保智能科技有限公司与无锡微翼德米无人机系统科技有限公司买卖合同纠纷一审民事裁定书,,FBMCLI.C.111451676,,民事裁定书,山东微翼植保智能科技有限公司与无锡微翼德米无人机系统科技有限公司买卖合同纠纷,司法案例,https://www.pkulaw.com/pfnl/a6bdb3332ec0adc42b626332d28292ebe73e99a2b6
1135,司法案例,山东普莱特电动车辆有限公司、上海钛灵盾无人机技术有限公司等财产损害赔偿纠纷民事一审民事裁定书,,FBMCLI.C.503300106,,民事裁定书,山东普莱特电动车辆有限公司、上海钛灵盾无人机技术有限公司等财产损害赔偿纠纷民事,司法案例,https://www.pkulaw.com/pfnl/08df102e7c10f206ce03d33ad36e67d3027841fb406
1136,司法案例,山东腾跃航空无人机科技有限公司、临沂飞防农业植保有限公司农机作业服务合同纠纷一审民事裁定书,,FBMCLI.C.86816341,,民事裁定书,山东腾跃航空无人机科技有限公司、临沂飞防农业植保有限公司农机作业服务合同纠纷,司法案例,https://www.pkulaw.com/pfnl/a6bdb3332ec0adc4d50484449ba7f691390b403b608
1137,司法案例,山东腾跃航空无人机科技有限公司农机作业服务合同纠纷一审民事裁定书,,FBMCLI.C.90312189,,民事裁定书,山东腾跃航空无人机科技有限公司农机作业服务合同纠纷,司法案例,https://www.pkulaw.com/pfnl/a6bdb3332ec0adc4f916fd0ef713a718937cf4a30c09
1138,司法案例,山东舜合工程测绘有限公司与 济南赛尔无人机科技有限公司买卖合同纠纷,,FBMCLI.C.98644352,,,山东舜合工程测绘有限公司与 济南赛尔无人机科技有限公司买卖合同纠纷,司法案例,https://www.pkulaw.com/pfnl/a6bdb3332ec0adc402c870ba744cd47b6179c440007
1139,司法案例,山西ｘｘ工程勘测设计有限公司、青岛ｘｘ无人机航空科技发展有限公司即墨分公司等买卖合同纠纷民事一审民事裁定书,,FBMCLI.C.548715537,,民事裁定书,山西ｘｘ工程勘测设计有限公司、青岛ｘｘ无人机航空科技发展有限公司即墨分公司等买卖合同纠纷民事,司法案例,https://www.pkulaw.com/pfnl/08df102e7c10f2060350fb0c04d9efdec0fb2654b8cb5
1140,司法案例,常州市智恒创兆传动科技有限公司与松原市天航农用无人机装备有限公司加工合同纠纷一审民事判决书,,FBMCLI.C.76892316,,民事判决书,常州市智恒创兆传动科技有限公司与松原市天航农用无人机装备有限公司加工合同纠纷,司法案例,https://www.pkulaw.com/pfnl/a6bdb3332ec0adc4a57f86a4fe614a1ae7d9dfc21dd3
1141,司法案例,常州市智恒创兆传动科技有限公司对松原市天航农用无人机装备有限公司申请诉前财产保全案,,FBMCLI.C.45231663,,,常州市智恒创兆传动科技有限公司对松原市天航农用无人机装备有限公司申请诉前财产保全案,司法案例,https://www.pkulaw.com/pfnl/a25051f3312b07f3e27eae05fab9afae3ba84556cb32
1142,司法案例,常州市艾迈斯电子有限公司诉富平县韦加无人机科技有限公司分期付款买卖合同纠纷案,,FBMCLI.C.52675533,,,常州市艾迈斯电子有限公司诉富平县韦加无人机科技有限公司分期付款买卖合同纠纷案,司法案例,https://www.pkulaw.com/pfnl/a25051f3312b07f3f71f7c8fb7fdf3371d3a2f10f664fa
1143,司法案例,广东孛特勘测设计有限公司昌吉分公司与成都纵横大鹏无人机科技有限公司买卖合同纠纷一审民事裁定书,,FBMCLI.C.310396174,,民事裁定书,广东孛特勘测设计有限公司昌吉分公司与成都纵横大鹏无人机科技有限公司买卖合同纠纷,司法案例,https://www.pkulaw.com/pfnl/c05aeed05a57db0a5eabae56e19569d2b1335639fc7
1144,司法案例,广东澄星无人机股份有限公司、东莞市中韩鑫电机有限公司买卖合同纠纷二审民事裁定书,,FBMCLI.C.94015328,,民事裁定书,广东澄星无人机股份有限公司、东莞市中韩鑫电机有限公司买卖合同纠纷,司法案例,https://www.pkulaw.com/pfnl/a6bdb3332ec0adc4daedb0effe137163b2a4cde1482
1145,司法案例,广东澄星无人机股份有限公司、梅州国威电子有限公司加工合同纠纷二审民事裁定书,,FBMCLI.C.82580173,,民事裁定书,广东澄星无人机股份有限公司、梅州国威电子有限公司加工合同纠纷,司法案例,https://www.pkulaw.com/pfnl/a6bdb3332ec0adc46fd6e5a1b2d1db3f1afbcab2cc83
1146,司法案例,广东澄星无人机股份有限公司、汕头市澄海区丰裕玩具有限公司等合同、无因管理、不当得利首次执行执行裁定书,,FBMCLI.C.333803579,,执行裁定书,广东澄星无人机股份有限公司、汕头市澄海区丰裕玩具有限公司等合同、无因管理、不当得利首次执行,司法案例,https://www.pkulaw.com/pfnl/c05aeed05a57db0adff1790a654e21a8dd6e26155a2
1147,司法案例,广东澄星无人机股份有限公司、汕头市澄海区森野塑料制品厂买卖合同纠纷二审民事裁定书,,FBMCLI.C.82012132,,民事裁定书,广东澄星无人机股份有限公司、汕头市澄海区森野塑料制品厂买卖合同纠纷,司法案例,https://www.pkulaw.com/pfnl/a6bdb3332ec0adc4a7d5145700b2e00594621538ea
1148,司法案例,广东澄星无人机股份有限公司、汕头市澄海区澄华成大电子玩具厂买卖合同纠纷二审民事裁定书,,FBMCLI.C.72232386,,民事裁定书,广东澄星无人机股份有限公司、汕头市澄海区澄华成大电子玩具厂买卖合同纠纷,司法案例,https://www.pkulaw.com/pfnl/a6bdb3332ec0adc4175b0bbcaf829692563923a3844
1149,司法案例,广东澄星无人机股份有限公司、深圳市兴国威电子有限公司买卖合同纠纷二审民事裁定书,,FBMCLI.C.84563651,,民事裁定书,广东澄星无人机股份有限公司、深圳市兴国威电子有限公司买卖合同纠纷,司法案例,https://www.pkulaw.com/pfnl/a6bdb3332ec0adc49fb614dd7fb3ed963b1978d61ab
1150,司法案例,广东澄星无人机股份有限公司、深圳市富力电池有限公司买卖合同纠纷二审民事裁定书,,FBMCLI.C.76606102,,民事裁定书,广东澄星无人机股份有限公司、深圳市富力电池有限公司买卖合同纠纷,司法案例,https://www.pkulaw.com/pfnl/a6bdb3332ec0adc4f4658ee65934d7e643cb41ec916
1151,司法案例,广东澄星无人机股份有限公司、温卫洪民间借贷纠纷二审民事裁定书,,FBMCLI.C.87524823,,民事裁定书,广东澄星无人机股份有限公司、温卫洪民间借贷纠纷,司法案例,https://www.pkulaw.com/pfnl/a6bdb3332ec0adc4488c43672fe18d4f52e845f654f2
1152,司法案例,广东澄星无人机股份有限公司、陈文敏民间借贷纠纷二审民事裁定书,,FBMCLI.C.77858387,,民事裁定书,广东澄星无人机股份有限公司、陈文敏民间借贷纠纷,司法案例,https://www.pkulaw.com/pfnl/a6bdb3332ec0adc44a6f5b811c67da710b84e887827
1153,司法案例,广东澄星无人机股份有限公司、陈海丹买卖合同纠纷二审民事裁定书,,FBMCLI.C.72072360,,民事裁定书,广东澄星无人机股份有限公司、陈海丹买卖合同纠纷,司法案例,https://www.pkulaw.com/pfnl/a6bdb3332ec0adc4f7b0b82b1df7362fcafbf07f22f3cb
1154,司法案例,广东澄星无人机股份有限公司与新华信托股份有限公司等借款合同纠纷二审民事裁定书,,FBMCLI.C.87985598,,民事裁定书,广东澄星无人机股份有限公司与新华信托股份有限公司等借款合同纠纷,司法案例,https://www.pkulaw.com/pfnl/a6bdb3332ec0adc4de23ea024961dcff321947e80bc
1155,司法案例,广东澄星无人机股份有限公司与苏国泽民间借贷纠纷二审民事裁定书,,FBMCLI.C.80117825,,民事裁定书,广东澄星无人机股份有限公司与苏国泽民间借贷纠纷,司法案例,https://www.pkulaw.com/pfnl/a6bdb3332ec0adc4c3f727ce65e2c3473930181c510
1156,司法案例,广东省高级人民法院发布2025年知识产权司法保护十大案件之十：谢某、王某侵犯著作权案——非法破解无人机测绘软件技术保护措...,,FBMCLI.C.576208765,,,广东省高级人民法院发布2025年知识产权司法保护十大案件之十：谢某、王某侵犯著作权案——非法破解无人机测绘软件技术保护措...,司法案例,https://www.pkulaw.com/pfnl/c7ed112b8012f816d733f6c6c639e9fbc60f5e18705e
1157,司法案例,广东省高级人民法院发布5起打击走私犯罪典型案例之三：余某等人走私普通货物、物品案——利用无人机架设“飞线”走私,,FBMCLI.C.546197140,,,广东省高级人民法院发布5起打击走私犯罪典型案例之三：余某等人走私普通货物、物品案——利用无人机架设“飞线”走私,司法案例,https://www.pkulaw.com/pfnl/08df102e7c10f2064c155dbe7ae1d3159c588b94517
1158,司法案例,广东能飞无人机培训有限公司与北京锦绣盛世航空投资管理有限公司服务合同纠纷一审民事判决书,,FBMCLI.C.501473366,,民事判决书,广东能飞无人机培训有限公司与北京锦绣盛世航空投资管理有限公司服务合同纠纷,司法案例,https://www.pkulaw.com/pfnl/08df102e7c10f206c7da3b98a05e6b68d60d37f74a2b
1159,司法案例,广州市企晨科技信息咨询有限公司与广东澄星无人机股份有限公司服务合同纠纷一案民事一审判决书,,FBMCLI.C.316536482,,,广州市企晨科技信息咨询有限公司与广东澄星无人机股份有限公司服务合同纠纷一案民事一审判决书,司法案例,https://www.pkulaw.com/pfnl/c05aeed05a57db0a5285fe30186452dc9a5c1d554e4
1160,司法案例,广州湘诚贸易有限公司、广东澄星无人机股份有限公司等合同纠纷民事一审民事判决书,,FBMCLI.C.574239748,,民事判决书,广州湘诚贸易有限公司、广东澄星无人机股份有限公司等合同纠纷民事,司法案例,https://www.pkulaw.com/pfnl/c7ed112b8012f816440bbd96920c539217b0312d1b
1161,司法案例,广西国翼无人机科技有限公司;周建华;桂林精纳无人机科技有限公司租赁合同纠纷其他执行其他,,FBMCLI.C.561857263,,,桂林精纳无人机科技有限公司租赁合同纠纷其他执行其他 | 涉诉企业:广西国翼无人机科技有限公司,司法案例,https://www.pkulaw.com/pfnl/08df102e7c10f2061e6d4fb3a2f6e3ed8cf23e8a507a2
1162,司法案例,康雄伟与深圳市飞客无人机科技有限公司买卖合同纠纷一审民事判决书,,FBMCLI.C.99397581,,民事判决书,康雄伟与深圳市飞客无人机科技有限公司买卖合同纠纷,司法案例,https://www.pkulaw.com/pfnl/a6bdb3332ec0adc4162a549f2e79e9779b5fd7aa939
1163,司法案例,张丽珍、威海星煜无人机科技有限公司等民间借贷纠纷民事一审民事裁定书,,FBMCLI.C.333462553,,民事裁定书,张丽珍、威海星煜无人机科技有限公司等民间借贷纠纷民事,司法案例,https://www.pkulaw.com/pfnl/c05aeed05a57db0ab4dd43a19add1b80758042a3dfc
1164,司法案例,张亮亮与逊克翱龙无人机科技有限公司劳务合同纠纷一案结案通知书,,FBMCLI.C.314498764,,通知书,张亮亮与逊克翱龙无人机科技有限公司劳务合同纠纷一案结案,司法案例,https://www.pkulaw.com/pfnl/c05aeed05a57db0a975bc953303e5b2f6f8d3001dfa1
1165,司法案例,张代银、鲲鹏无人机科技（天津）有限公司建设工程合同纠纷首次执行执行裁定书,,FBMCLI.C.503071908,,执行裁定书,张代银、鲲鹏无人机科技（天津）有限公司建设工程合同纠纷首次执行,司法案例,https://www.pkulaw.com/pfnl/08df102e7c10f20623987789bd116e2f8b3eb283622
1166,司法案例,张伟国与宝清县鑫云祥农用无人机服务有限公司、李明岩合伙协议纠纷一审民事裁定书,,FBMCLI.C.117953612,,民事裁定书,张伟国与宝清县鑫云祥农用无人机服务有限公司、李明岩合伙协议纠纷,司法案例,https://www.pkulaw.com/pfnl/a6bdb3332ec0adc46b88d123392c7aab4e012599c5
1167,司法案例,张华艳与德奥无人机运营服务有限公司劳动争议执行裁定书,,FBMCLI.C.93082477,,执行裁定书,张华艳与德奥无人机运营服务有限公司劳动争议,司法案例,https://www.pkulaw.com/pfnl/a6bdb3332ec0adc47d0dbcc70342d28a362ae574bcd
1168,司法案例,张德超与德奥无人机运营服务有限公司劳动争议执行裁定书,,FBMCLI.C.88339639,,执行裁定书,张德超与德奥无人机运营服务有限公司劳动争议,司法案例,https://www.pkulaw.com/pfnl/a6bdb3332ec0adc4897e40a5469553e367ef415708a
1169,司法案例,张珊珊与湖南中斯航迹无人机科技有限公司、黄乾洁追索劳动报酬纠纷一审民事裁定书,,FBMCLI.C.104411779,,民事裁定书,张珊珊与湖南中斯航迹无人机科技有限公司、黄乾洁追索劳动报酬纠纷,司法案例,https://www.pkulaw.com/pfnl/a6bdb3332ec0adc4b9c122ecd32dc944d8df1760043
1170,司法案例,张珊珊与湖南中斯航迹无人机科技有限公司、黄乾洁追索劳动报酬纠纷一审民事调解书,,FBMCLI.C.121976348,,民事调解书,张珊珊与湖南中斯航迹无人机科技有限公司、黄乾洁追索劳动报酬纠纷,司法案例,https://www.pkulaw.com/pfnl/a6bdb3332ec0adc4a455512884b76fe543235fc7401
1171,司法案例,张瑞福与深圳市飞客无人机科技有限公司买卖合同纠纷一审民事裁定书,,FBMCLI.C.313383834,,民事裁定书,张瑞福与深圳市飞客无人机科技有限公司买卖合同纠纷,司法案例,https://www.pkulaw.com/pfnl/c05aeed05a57db0a2393bdae34a6334ab7e301a585
1172,司法案例,张瑞福与深圳市飞客无人机科技有限公司买卖合同纠纷一审民事裁定书,,FBMCLI.C.90154491,,民事裁定书,张瑞福与深圳市飞客无人机科技有限公司买卖合同纠纷,司法案例,https://www.pkulaw.com/pfnl/a6bdb3332ec0adc468fd83f797a62905d937c6863bc
1173,司法案例,张益村、北航富羽无人机（深圳）有限公司劳动争议首次执行执行裁定书,,FBMCLI.C.502359733,,执行裁定书,张益村、北航富羽无人机（深圳）有限公司劳动争议首次执行,司法案例,https://www.pkulaw.com/pfnl/08df102e7c10f206c8f4143a0a34b9550421f452cfb4
1174,司法案例,张鹏与德奥无人机运营服务有限公司劳动争议执行裁定书,,FBMCLI.C.84873064,,执行裁定书,张鹏与德奥无人机运营服务有限公司劳动争议,司法案例,https://www.pkulaw.com/pfnl/a6bdb3332ec0adc4caf7337b112992309b37a0915c2
1175,司法案例,强国羽翼无人机应用技术有限公司、息县农业农村局合同纠纷民事二审民事判决书,,FBMCLI.C.431307505,,民事判决书,强国羽翼无人机应用技术有限公司、息县农业农村局合同纠纷民事,司法案例,https://www.pkulaw.com/pfnl/95b2ca8d4055fce14fda707706a301a9eecc430c9605
1176,司法案例,彭丽与洛克希德（武汉）无人机科学研究院有限公司劳动争议执行裁定书,,FBMCLI.C.61217551,,执行裁定书,彭丽与洛克希德（武汉）无人机科学研究院有限公司劳动争议,司法案例,https://www.pkulaw.com/pfnl/a25051f3312b07f3bb5683588a8d2ed4b6258cde7cc
1177,司法案例,"惠州市三航无人机技术研究院,深圳市工大科技教育有限公司与西安天问智能科技有限公司损害公司利益责任纠纷一审民事判决书",,FBMCLI.C.91450040,,民事判决书,"惠州市三航无人机技术研究院,深圳市工大科技教育有限公司与西安天问智能科技有限公司损害公司利益责任纠纷",司法案例,https://www.pkulaw.com/pfnl/a6bdb3332ec0adc4d84db5df6597a4a39a60a85b82c
1178,司法案例,成都三足乌无人机科技有限公司与胡晓敏劳动争议纠纷上诉案,,FBMCLI.C.9936874,,,成都三足乌无人机科技有限公司与胡晓敏劳动争议纠纷上诉案,司法案例,https://www.pkulaw.com/pfnl/a25051f3312b07f3c92eed57926dda48a9ea961d464
1179,司法案例,成都工院无人机科技有限公司、四川华远建设工程有限公司服务合同纠纷执行实施类执行裁定书,,FBMCLI.C.506692743,,执行裁定书,成都工院无人机科技有限公司、四川华远建设工程有限公司服务合同纠纷执行实施类,司法案例,https://www.pkulaw.com/pfnl/08df102e7c10f206cec8d869e2b4fd76be183b423dc8
1180,司法案例,成都工院无人机科技有限公司与四川华远建设工程有限公司服务合同纠纷一审民事判决书,,FBMCLI.C.506746356,,民事判决书,成都工院无人机科技有限公司与四川华远建设工程有限公司服务合同纠纷,司法案例,https://www.pkulaw.com/pfnl/08df102e7c10f206b332847588ae615130931ce9d99
1181,司法案例,成都工院无人机科技有限公司成某、四某其他案由执行实施类其他,,FBMCLI.C.506797900,,,成都工院无人机科技有限公司成某、四某其他案由执行实施类其他,司法案例,https://www.pkulaw.com/pfnl/08df102e7c10f2064385d5131264876243f21cf17de3
1182,司法案例,成都星展无人机科技有限公司、成都乐屹包装装潢设计有限公司买卖合同纠纷一审民事调解书,,FBMCLI.C.313411488,,民事调解书,成都星展无人机科技有限公司、成都乐屹包装装潢设计有限公司买卖合同纠纷,司法案例,https://www.pkulaw.com/pfnl/c05aeed05a57db0a622305197ab182b8f55081bb261
1183,司法案例,成都星展无人机科技有限公司与晓歌动力科技（上海）有限公司买卖合同纠纷一审民事裁定书,,FBMCLI.C.316473812,,民事裁定书,成都星展无人机科技有限公司与晓歌动力科技（上海）有限公司买卖合同纠纷,司法案例,https://www.pkulaw.com/pfnl/c05aeed05a57db0ac50c1613f70616e656b0092de61
1184,司法案例,成都睿翼无人机科技有限公司;许小东租赁合同纠纷执行实施类执行通知书,,FBMCLI.C.320043958,,通知书,许小东租赁合同纠纷执行实施类执行 | 涉诉企业:成都睿翼无人机科技有限公司,司法案例,https://www.pkulaw.com/pfnl/c05aeed05a57db0a1fda15352a1eb30ef34a204eb48
1185,司法案例,成都睿翼无人机科技有限公司、何亮租赁合同纠纷执行实施类执行裁定书,,FBMCLI.C.99344118,,执行裁定书,成都睿翼无人机科技有限公司、何亮租赁合同纠纷执行实施类,司法案例,https://www.pkulaw.com/pfnl/a6bdb3332ec0adc4961f09a28c1fe61d8d69e01f9b2d
1186,司法案例,成都睿翼无人机科技有限公司、许小东租赁合同纠纷执行实施类执行裁定书,,FBMCLI.C.104789114,,执行裁定书,成都睿翼无人机科技有限公司、许小东租赁合同纠纷执行实施类,司法案例,https://www.pkulaw.com/pfnl/a6bdb3332ec0adc4dddd938d076537d80dbb3f37d31
1187,司法案例,成都睿翼无人机科技有限公司与何亮租赁合同纠纷一审民事判决书,,FBMCLI.C.86482452,,民事判决书,成都睿翼无人机科技有限公司与何亮租赁合同纠纷,司法案例,https://www.pkulaw.com/pfnl/a6bdb3332ec0adc46e05f9b11dfe11c55f05bb33978e
1188,司法案例,成都睿翼无人机科技有限公司与何平租赁合同纠纷一审民事判决书,,FBMCLI.C.87703056,,民事判决书,成都睿翼无人机科技有限公司与何平租赁合同纠纷,司法案例,https://www.pkulaw.com/pfnl/a6bdb3332ec0adc434e66ee957d6494077ba749d21
1189,司法案例,成都睿翼无人机科技有限公司与许小东租赁合同纠纷一审民事判决书,,FBMCLI.C.85800968,,民事判决书,成都睿翼无人机科技有限公司与许小东租赁合同纠纷,司法案例,https://www.pkulaw.com/pfnl/a6bdb3332ec0adc46a049a55044c83bfbea1b38e8bb
1190,司法案例,新乡市五谷无人机有限公司、宋玉生买卖合同纠纷二审民事判决书,,FBMCLI.C.70435048,,民事判决书,新乡市五谷无人机有限公司、宋玉生买卖合同纠纷,司法案例,https://www.pkulaw.com/pfnl/a6bdb3332ec0adc47948bfa9705cc7866ecd01ef0184
1191,司法案例,新乡市五谷无人机有限公司、宋玉生买卖合同纠纷再审审查与审判监督民事裁定书,,FBMCLI.C.76815518,,民事裁定书,新乡市五谷无人机有限公司、宋玉生买卖合同纠纷再审审查与审判监督,司法案例,https://www.pkulaw.com/pfnl/a6bdb3332ec0adc433e33ce4b859cd10665f8a480cc
1192,司法案例,新疆猎鹰无人机科技有限公司与霍城县金裕农种植专业合作社委托合同纠纷二审民事判决书,,FBMCLI.C.110562471,,民事判决书,新疆猎鹰无人机科技有限公司与霍城县金裕农种植专业合作社委托合同纠纷,司法案例,https://www.pkulaw.com/pfnl/a6bdb3332ec0adc4c0adef82ead6eb1d3db829f9909
1193,司法案例,新疆航盾无人机科技有限公司;新疆金桂芳香时代家居用品有限公司;方雅枝;方光霖;方潇撼;民间借贷纠纷一审民事裁定书,,FBMCLI.C.577245756,,民事裁定书,民间借贷纠纷 | 涉诉企业:新疆航盾无人机科技有限公司,司法案例,https://www.pkulaw.com/pfnl/c7ed112b8012f8163e3ca5f480ccdf5a487d544a0861
1194,司法案例,新疆航盾无人机科技有限公司与新疆潇鑫装饰工程有限公司民间借贷纠纷一案,,FBMCLI.C.577559189,,,新疆航盾无人机科技有限公司与新疆潇鑫装饰工程有限公司民间借贷纠纷一案,司法案例,https://www.pkulaw.com/pfnl/c7ed112b8012f8160ad4f4248327b3c5f60aef82e18a
1195,司法案例,无锡微纳产业发展有限公司与无锡微翼德米无人机系统科技有限公司房屋租赁合同纠纷一审民事裁定书,,FBMCLI.C.72428625,,民事裁定书,无锡微纳产业发展有限公司与无锡微翼德米无人机系统科技有限公司房屋租赁合同纠纷,司法案例,https://www.pkulaw.com/pfnl/a6bdb3332ec0adc4b8b176643d14cd1c64e2af9e9e7
1196,司法案例,无锡微翼德米无人机系统科技有限公司与山东微翼植保智能科技有限公司买卖合同纠纷上诉案,,FBMCLI.C.10878435,,,无锡微翼德米无人机系统科技有限公司与山东微翼植保智能科技有限公司买卖合同纠纷上诉案,司法案例,https://www.pkulaw.com/pfnl/a25051f3312b07f3b9cfa4a6be134fc58a5b6a14ac59f
1197,司法案例,无锡顺汇欣机械制造有限公司、星空（江苏）无人机研究院有限公司买卖合同纠纷民事一审民事裁定书,,FBMCLI.C.503750423,,民事裁定书,无锡顺汇欣机械制造有限公司、星空（江苏）无人机研究院有限公司买卖合同纠纷民事,司法案例,https://www.pkulaw.com/pfnl/08df102e7c10f20642b53237c2ecb2f631eb30e9e9a6
1198,司法案例,曹继生、北航富羽无人机（深圳）有限公司劳动争议首次执行执行裁定书,,FBMCLI.C.431947024,,执行裁定书,曹继生、北航富羽无人机（深圳）有限公司劳动争议首次执行,司法案例,https://www.pkulaw.com/pfnl/95b2ca8d4055fce1a42badda4d7a39f0b23bc83dd73
1199,司法案例,曾德茂、邓昆鹏等与曾梅方、湖北金至翔农用无人机科技有限公司相邻污染侵害纠纷二审民事裁定书,,FBMCLI.C.510400672,,民事裁定书,曾德茂、邓昆鹏等与曾梅方、湖北金至翔农用无人机科技有限公司相邻污染侵害纠纷,司法案例,https://www.pkulaw.com/pfnl/08df102e7c10f206fe360e428cc3eeaec48aac72bb98
1200,司法案例,曾秀文、北航富羽无人机（深圳）有限公司劳动争议民事一审民事裁定书,,FBMCLI.C.407263889,,民事裁定书,曾秀文、北航富羽无人机（深圳）有限公司劳动争议民事,司法案例,https://www.pkulaw.com/pfnl/95b2ca8d4055fce1d4854408970c1e03c566c2be6f7
1201,司法案例,最高人民法院发布10件2025年度环境资源审判典型案例之一：程某某非法狩猎案——依法严惩利用无人机“坠箭”非法狩猎新型环境犯罪,,FBMCLI.C.576783428,,,最高人民法院发布10件2025年度环境资源审判典型案例之一：程某某非法狩猎案——依法严惩利用无人机“坠箭”非法狩猎新型环境犯罪,司法案例,https://www.pkulaw.com/pfnl/c7ed112b8012f816fe3c55ca47d9be9508debb72680f
1202,司法案例,最高人民法院发布6起2026年上半年司法审判工作主要数据配发典型案例之五：卢某某诉范某某财产损害赔偿纠纷案——无人机喷洒...,,FBMCLI.C.578317294,,,最高人民法院发布6起2026年上半年司法审判工作主要数据配发典型案例之五：卢某某诉范某某财产损害赔偿纠纷案——无人机喷洒...,司法案例,https://www.pkulaw.com/pfnl/c7ed112b8012f81608e891a769e92b748591f7509c6
1203,司法案例,最高人民法院发布九起涉农民事典型案例之七：卢某某与范某某财产损害赔偿纠纷案——使用无人机喷洒农药造成相邻地块农作物受...,,FBMCLI.C.546328309,,,最高人民法院发布九起涉农民事典型案例之七：卢某某与范某某财产损害赔偿纠纷案——使用无人机喷洒农药造成相邻地块农作物受...,司法案例,https://www.pkulaw.com/pfnl/08df102e7c10f206f7ae5f52f4eb4e280d842b4e3981
1204,司法案例,朱元喜与极飞无人机教育科技（深圳）有限公司、赖进发借款合同纠纷执行实施类执行裁定书,,FBMCLI.C.73424798,,执行裁定书,朱元喜与极飞无人机教育科技（深圳）有限公司、赖进发借款合同纠纷执行实施类,司法案例,https://www.pkulaw.com/pfnl/a6bdb3332ec0adc408fc80b8190fe8bf7f999e02ef7fe
1205,司法案例,朱某、镇赉县镇赉镇惠丰大疆无人机销售店等买卖合同纠纷民事一审民事裁定书,,FBMCLI.C.545754001,,民事裁定书,朱某、镇赉县镇赉镇惠丰大疆无人机销售店等买卖合同纠纷民事,司法案例,https://www.pkulaw.com/pfnl/08df102e7c10f206278d40fd5879a55a51e05d57d6bf
1206,司法案例,李敏、深圳慈航无人机自主系统技术有限公司合同、无因管理、不当得利纠纷破产申请审查强制清算与破产裁定书,,FBMCLI.C.430375161,,,李敏、深圳慈航无人机自主系统技术有限公司合同、无因管理、不当得利纠纷破产申请审查强制清算与破产裁定书,司法案例,https://www.pkulaw.com/pfnl/95b2ca8d4055fce1ae319dcda54eeaf9999e009b351
1207,司法案例,李清晓、建三江管理局勤得利农场赵小刚无人机销售处买卖合同纠纷民事一审民事裁定书,,FBMCLI.C.417758172,,民事裁定书,李清晓、建三江管理局勤得利农场赵小刚无人机销售处买卖合同纠纷民事,司法案例,https://www.pkulaw.com/pfnl/95b2ca8d4055fce15edf60c36e35442ab38e93669e9f
1208,司法案例,杨兴武与逊克翱龙无人机科技有限公司劳务合同纠纷一案结案通知书,,FBMCLI.C.314498782,,通知书,杨兴武与逊克翱龙无人机科技有限公司劳务合同纠纷一案结案,司法案例,https://www.pkulaw.com/pfnl/c05aeed05a57db0a37550c5a6a178024d2d9828a9d
1209,司法案例,杨博与湖北金斯福德无人机有限公司、霍克民间借贷纠纷一审民事裁定书,,FBMCLI.C.115217379,,民事裁定书,杨博与湖北金斯福德无人机有限公司、霍克民间借贷纠纷,司法案例,https://www.pkulaw.com/pfnl/a6bdb3332ec0adc4083d399c4e1c19c8b4684ce0197
1210,司法案例,杨怀强、济南赛尔无人机科技有限公司劳动争议执行实施类执行裁定书,,FBMCLI.C.72904197,,执行裁定书,杨怀强、济南赛尔无人机科技有限公司劳动争议执行实施类,司法案例,https://www.pkulaw.com/pfnl/a6bdb3332ec0adc4e8634927a0ff66d62711c8a9b69
1211,司法案例,杨洽与辽宁大壮无人机科技有限公司劳动争议一审民事判决书,,FBMCLI.C.552577093,,民事判决书,杨洽与辽宁大壮无人机科技有限公司劳动争议,司法案例,https://www.pkulaw.com/pfnl/08df102e7c10f206315f6cd8e47d43fbe5796312a5df
1212,司法案例,某无人机科技有限公司;某机械有限公司买卖合同纠纷一审民事判决书,,FBMCLI.C.576835141,,民事判决书,某机械有限公司买卖合同纠纷 | 涉诉企业:某无人机科技有限公司,司法案例,https://www.pkulaw.com/pfnl/c7ed112b8012f816704ba551343ddbfb3abbf81929c
1213,司法案例,某无人机科技有限公司、某博科技有限公司等侵害商标权纠纷民事一审民事判决书,,FBMCLI.C.553196427,,民事判决书,某无人机科技有限公司、某博科技有限公司等侵害商标权纠纷民事,司法案例,https://www.pkulaw.com/pfnl/08df102e7c10f206a44c432e2c928c7f8d2bcff58566f
1214,司法案例,某某传媒（武汉）有限公司与某某（武汉）无人机科技有限公司服务合同纠纷一审民事判决书,,FBMCLI.C.564038387,,民事判决书,某某传媒（武汉）有限公司与某某（武汉）无人机科技有限公司服务合同纠纷,司法案例,https://www.pkulaw.com/pfnl/c7ed112b8012f816b90146111c19fe5432d6df93a2b
1215,司法案例,某某生物科技发展有限责任公司、某某无人机科技有限公司等合同纠纷民事一审民事判决书,,FBMCLI.C.559838226,,民事判决书,某某生物科技发展有限责任公司、某某无人机科技有限公司等合同纠纷民事,司法案例,https://www.pkulaw.com/pfnl/08df102e7c10f206e81d7eaa61ec0e2ba556fa09735f
1216,司法案例,某某（广州）无人机技术有限公司与某某汽车销售服务（昆明）有限公司修理合同纠纷一审民事裁定书,,FBMCLI.C.556202545,,民事裁定书,某某（广州）无人机技术有限公司与某某汽车销售服务（昆明）有限公司修理合同纠纷,司法案例,https://www.pkulaw.com/pfnl/08df102e7c10f2065519866e80f3424ca9bf409d5f28
1217,司法案例,梁伟申请执行逊克翱龙无人机科技有限公司劳务合同纠纷一案结案通知书,,FBMCLI.C.314066592,,通知书,梁伟申请执行逊克翱龙无人机科技有限公司劳务合同纠纷一案结案,司法案例,https://www.pkulaw.com/pfnl/c05aeed05a57db0a5983d5fd51ddbf97d29aea5e458
1218,司法案例,梅州国威电子有限公司与广东澄星无人机股份有限公司加工合同纠纷一审民事判决书,,FBMCLI.C.81828463,,民事判决书,梅州国威电子有限公司与广东澄星无人机股份有限公司加工合同纠纷,司法案例,https://www.pkulaw.com/pfnl/a6bdb3332ec0adc4e523ea735a25af28b1948538eb2
1219,司法案例,"武侯区无线航模玩具经营部与赵德力,东莞市汇天无人机科技有限公司侵害外观设计专利权纠纷二审民事裁定书",,FBMCLI.C.110054377,,民事裁定书,"武侯区无线航模玩具经营部与赵德力,东莞市汇天无人机科技有限公司侵害外观设计专利权纠纷",司法案例,https://www.pkulaw.com/pfnl/a6bdb3332ec0adc4eec1a2b9162e9b41a2fdc24d05f
1220,司法案例,"武侯区无线航模玩具经营部与赵德力,东莞市汇天无人机科技有限公司侵害外观设计专利权纠纷二审民事裁定书",,FBMCLI.C.50811079,,民事裁定书,"武侯区无线航模玩具经营部与赵德力,东莞市汇天无人机科技有限公司侵害外观设计专利权纠纷",司法案例,https://www.pkulaw.com/pfnl/a25051f3312b07f3dcd018eab30e3626295e24156b5
1221,司法案例,武汉东湖高新集团股份有限公司与洛克希德（武汉）无人机科学研究院有限公司、黄琪租赁合同纠纷一审民事判决书,,FBMCLI.C.114864909,,民事判决书,武汉东湖高新集团股份有限公司与洛克希德（武汉）无人机科学研究院有限公司、黄琪租赁合同纠纷,司法案例,https://www.pkulaw.com/pfnl/a6bdb3332ec0adc443eefce81f95ce98d53c6eb3c8ce
1222,司法案例,武汉市宏润小额贷款有限公司与孙怡与田其瑞与湖北中华雁无人机航空科技实业有限公司与湖北中华雁航空器科技实业有限公司与湖...,,FBMCLI.C.68219830,,,武汉市宏润小额贷款有限公司与孙怡与田其瑞与湖北中华雁无人机航空科技实业有限公司与湖北中华雁航空器科技实业有限公司与湖...,司法案例,https://www.pkulaw.com/pfnl/a6bdb3332ec0adc4f03c4b29534db24f11271b55fb0c
1223,司法案例,武汉拓普新科无人机科技有限公司、魏广晔等民间借贷纠纷民事一审民事判决书,,FBMCLI.C.505225109,,民事判决书,武汉拓普新科无人机科技有限公司、魏广晔等民间借贷纠纷民事,司法案例,https://www.pkulaw.com/pfnl/08df102e7c10f2061529d2f99d9a28451c060c2657fb
1224,司法案例,武汉无人机公司调解书,,FBMCLI.C.106923482,,,武汉无人机公司调解书,司法案例,https://www.pkulaw.com/pfnl/a6bdb3332ec0adc4480a5ff4105a1cc29e9824f72a31
1225,司法案例,汕头市华洛贸易有限公司与广东澄星无人机股份有限公司不当得利纠纷一审民事判决书,,FBMCLI.C.93103873,,民事判决书,汕头市华洛贸易有限公司与广东澄星无人机股份有限公司不当得利纠纷,司法案例,https://www.pkulaw.com/pfnl/a6bdb3332ec0adc4a3004eb813b10f430d41dbee28f
1226,司法案例,汕头市澄海区人民法院、广东澄星无人机股份有限公司其他案由执行实施类执行裁定书,,FBMCLI.C.323673478,,执行裁定书,汕头市澄海区人民法院、广东澄星无人机股份有限公司其他案由执行实施类,司法案例,https://www.pkulaw.com/pfnl/c05aeed05a57db0a23dfa1888f9f57ceb339efcecf89f
1227,司法案例,汕头市澄海区森野塑料制品厂与广东澄星无人机股份有限公司买卖合同纠纷一审民事判决书,,FBMCLI.C.88906168,,民事判决书,汕头市澄海区森野塑料制品厂与广东澄星无人机股份有限公司买卖合同纠纷,司法案例,https://www.pkulaw.com/pfnl/a6bdb3332ec0adc43ffb53800f787f372105a4e276ef
1228,司法案例,汕头市澄海区港口建筑工程有限公司、广东澄星无人机股份有限公司其他案由执行实施类执行裁定书,,FBMCLI.C.311415586,,执行裁定书,汕头市澄海区港口建筑工程有限公司、广东澄星无人机股份有限公司其他案由执行实施类,司法案例,https://www.pkulaw.com/pfnl/c05aeed05a57db0a23db5ce713f5ab708b2fcd6a357f
1229,司法案例,汕头市澄海区港口建筑工程有限公司、广东澄星无人机股份有限公司其他案由执行实施类执行裁定书,,FBMCLI.C.311415625,,执行裁定书,汕头市澄海区港口建筑工程有限公司、广东澄星无人机股份有限公司其他案由执行实施类,司法案例,https://www.pkulaw.com/pfnl/c05aeed05a57db0aaf23132b9f8b762318451ee765f
1230,司法案例,汕头市澄海区港口建筑工程有限公司与广东澄星无人机股份有限公司建设工程施工合同纠纷一案民事一审判决书,,FBMCLI.C.106099789,,,汕头市澄海区港口建筑工程有限公司与广东澄星无人机股份有限公司建设工程施工合同纠纷一案民事一审判决书,司法案例,https://www.pkulaw.com/pfnl/a6bdb3332ec0adc4cb561964fb292fa3b41a7b92d9b
1231,司法案例,汕头市澄海区澄华成大电子玩具厂、广东澄星无人机股份有限公司买卖合同纠纷执行实施类执行裁定书,,FBMCLI.C.316560241,,执行裁定书,汕头市澄海区澄华成大电子玩具厂、广东澄星无人机股份有限公司买卖合同纠纷执行实施类,司法案例,https://www.pkulaw.com/pfnl/c05aeed05a57db0a4035956db375194b8dde7f0f6d3
1232,司法案例,汕头市澄海区澄华成大电子玩具厂与广东澄星无人机股份有限公司买卖合同纠纷一审民事判决书,,FBMCLI.C.74308232,,民事判决书,汕头市澄海区澄华成大电子玩具厂与广东澄星无人机股份有限公司买卖合同纠纷,司法案例,https://www.pkulaw.com/pfnl/a6bdb3332ec0adc4470c9028c47f402803d4b342e29
1233,司法案例,汕头市龙湖区科运电子厂与广东澄星无人机股份有限公司买卖合同纠纷一审民事判决书,,FBMCLI.C.84461986,,民事判决书,汕头市龙湖区科运电子厂与广东澄星无人机股份有限公司买卖合同纠纷,司法案例,https://www.pkulaw.com/pfnl/a6bdb3332ec0adc46a3f4d078f3f48698b433f3f4acf3
1234,司法案例,江苏南大安高人力资源有限公司天津分公司、汇农云创智能无人机科技（辽宁）有限公司合同纠纷民事一审民事裁定书,,FBMCLI.C.504805466,,民事裁定书,江苏南大安高人力资源有限公司天津分公司、汇农云创智能无人机科技（辽宁）有限公司合同纠纷民事,司法案例,https://www.pkulaw.com/pfnl/08df102e7c10f206ad0be7935eeacbbabfd4b39161b2
1235,司法案例,江苏南大安高人力资源有限公司天津分公司与汇农云创智能无人机科技（辽宁）有限公司与公司、证券、保险、票据有关案件财产保...,,FBMCLI.C.503371275,,,江苏南大安高人力资源有限公司天津分公司与汇农云创智能无人机科技（辽宁）有限公司与公司、证券、保险、票据有关案件财产保...,司法案例,https://www.pkulaw.com/pfnl/08df102e7c10f206f915331993eb08b44d6b371b802
1236,司法案例,江苏启源无人机科技有限公司与探马（安徽）科技有限公司买卖合同纠纷一案,,FBMCLI.C.578761400,,,江苏启源无人机科技有限公司与探马（安徽）科技有限公司买卖合同纠纷一案,司法案例,https://www.pkulaw.com/pfnl/c7ed112b8012f816acd1d21155ac2eb314a5b987ba8
1237,司法案例,江苏启源无人机科技有限公司与探马（安徽）科技有限公司买卖合同纠纷一案,,FBMCLI.C.578761511,,,江苏启源无人机科技有限公司与探马（安徽）科技有限公司买卖合同纠纷一案,司法案例,https://www.pkulaw.com/pfnl/c7ed112b8012f816dfabcfadda6158a405e636e83d9c
1238,司法案例,江苏星睿航空科技有限公司、临沂威鹰无人机控制技术有限公司买卖合同纠纷首次执行执行通知书,,FBMCLI.C.412216685,,通知书,江苏星睿航空科技有限公司、临沂威鹰无人机控制技术有限公司买卖合同纠纷首次执行执行,司法案例,https://www.pkulaw.com/pfnl/95b2ca8d4055fce17c517bb0b94b3db142eff1c6fcedf
1239,司法案例,江苏省常州市中级人民法院发布5起涉安全生产典型案例之二：周某过失致人死亡案——无人机作业致人死亡事故,,FBMCLI.C.563768545,,,江苏省常州市中级人民法院发布5起涉安全生产典型案例之二：周某过失致人死亡案——无人机作业致人死亡事故,司法案例,https://www.pkulaw.com/pfnl/c7ed112b8012f816c5fc99413b98a8894879db0b3d3
1240,司法案例,江苏省扬州市中级人民法院发布8起党支部领办“网格法庭”典型案例之六：王大叔与杨大叔财产损害赔偿纠纷案——经开区朴席镇...,,FBMCLI.C.557890869,,,江苏省扬州市中级人民法院发布8起党支部领办“网格法庭”典型案例之六：王大叔与杨大叔财产损害赔偿纠纷案——经开区朴席镇...,司法案例,https://www.pkulaw.com/pfnl/08df102e7c10f2063452606d43e7acf1a547fef2af88d
1241,司法案例,江苏省高级人民法院发布12起1 4专项行动“暖企”“护企”典型案例之三：某厂房出租人与某科技公司租赁合同纠纷执行案——单...,,FBMCLI.C.563067808,,,江苏省高级人民法院发布12起1 4专项行动“暖企”“护企”典型案例之三：某厂房出租人与某科技公司租赁合同纠纷执行案——单...,司法案例,https://www.pkulaw.com/pfnl/c7ed112b8012f81695950a885d93173e28d4938398c
1242,司法案例,江苏航丰智控无人机有限公司与浙江智天科技有限公司、陈灵峰买卖合同纠纷,,FBMCLI.C.59940668,,,江苏航丰智控无人机有限公司与浙江智天科技有限公司、陈灵峰买卖合同纠纷,司法案例,https://www.pkulaw.com/pfnl/a25051f3312b07f336618360dfc9cf5c2ae79b4bb709
1243,司法案例,江西壮龙无人机科技有限公司、吴传宇租赁合同纠纷民事一审民事判决书,,FBMCLI.C.403143192,,民事判决书,江西壮龙无人机科技有限公司、吴传宇租赁合同纠纷民事,司法案例,https://www.pkulaw.com/pfnl/95b2ca8d4055fce16b63a5c434b73d10772d01978f6
1244,司法案例,江西省高级人民法院发布2022年十大知识产权保护典型案例之八：广州亿航智能技术有限公司与南昌三瑞智能科技有限公司、江西新...,,FBMCLI.C.504759175,,,江西省高级人民法院发布2022年十大知识产权保护典型案例之八：广州亿航智能技术有限公司与南昌三瑞智能科技有限公司、江西新...,司法案例,https://www.pkulaw.com/pfnl/08df102e7c10f206f7d84a69b376882cc078eddfa243
1245,司法案例,江西黑蜻蜓无人机科技有限公司、史孟洪执行实施类执行裁定书,,FBMCLI.C.60697276,,执行裁定书,江西黑蜻蜓无人机科技有限公司、史孟洪执行实施类,司法案例,https://www.pkulaw.com/pfnl/a25051f3312b07f3e638badd5c2f6c7ae28b39abc810
1246,司法案例,江西黑蜻蜓无人机科技有限公司诉史某某承揽合同纠纷案,,FBMCLI.C.46964464,,,江西黑蜻蜓无人机科技有限公司诉史某某承揽合同纠纷案,司法案例,https://www.pkulaw.com/pfnl/a25051f3312b07f36b7797bc56decf91d49e617f159d
1247,司法案例,沈阳上博智像科技有限公司与沈阳壮龙无人机产业研究院有限公司买卖合同纠纷一审民事判决书,,FBMCLI.C.500620916,,民事判决书,沈阳上博智像科技有限公司与沈阳壮龙无人机产业研究院有限公司买卖合同纠纷,司法案例,https://www.pkulaw.com/pfnl/08df102e7c10f2064a6c44bfbfd742dadb8f769aa1c38
1248,司法案例,沈阳上博智像科技有限公司与沈阳壮龙无人机产业研究院有限公司买卖合同纠纷首次执行裁定书,,FBMCLI.C.501916350,,执行裁定书,沈阳上博智像科技有限公司与沈阳壮龙无人机产业研究院有限公司买卖合同纠纷首次,司法案例,https://www.pkulaw.com/pfnl/08df102e7c10f20693b246eb374ada9d92421cdd10c
1249,司法案例,沈阳上博智像科技有限公司与辽宁大壮无人机科技有限公司技术合同纠纷一审民事裁定书,,FBMCLI.C.501153573,,民事裁定书,沈阳上博智像科技有限公司与辽宁大壮无人机科技有限公司技术合同纠纷,司法案例,https://www.pkulaw.com/pfnl/08df102e7c10f2063243d1a321ffb746729a170aa96f
1250,司法案例,沈阳东云无人机科技服务有限公司、沈阳绿环澄源热力有限公司等供用热力合同纠纷民事一审民事裁定书,,FBMCLI.C.404389374,,民事裁定书,沈阳东云无人机科技服务有限公司、沈阳绿环澄源热力有限公司等供用热力合同纠纷民事,司法案例,https://www.pkulaw.com/pfnl/95b2ca8d4055fce19bcc06558e64a9c824fa4b2776ad
1251,司法案例,沈阳东云无人机科技服务有限公司、沈阳绿环澄源热力有限公司等供用热力合同纠纷民事一审民事裁定书,,FBMCLI.C.404392661,,民事裁定书,沈阳东云无人机科技服务有限公司、沈阳绿环澄源热力有限公司等供用热力合同纠纷民事,司法案例,https://www.pkulaw.com/pfnl/95b2ca8d4055fce19e8b608aa7b868586253d819a5a
1252,司法案例,沈阳东云无人机科技服务有限公司、沈阳绿环澄源热力有限公司等供用热力合同纠纷民事一审民事裁定书,,FBMCLI.C.404639677,,民事裁定书,沈阳东云无人机科技服务有限公司、沈阳绿环澄源热力有限公司等供用热力合同纠纷民事,司法案例,https://www.pkulaw.com/pfnl/95b2ca8d4055fce1136a6c4266315399f79526bf207a
1253,司法案例,沈阳东云无人机科技服务有限公司、沈阳绿环澄源热力有限公司等供用热力合同纠纷民事一审民事裁定书,,FBMCLI.C.404721306,,民事裁定书,沈阳东云无人机科技服务有限公司、沈阳绿环澄源热力有限公司等供用热力合同纠纷民事,司法案例,https://www.pkulaw.com/pfnl/95b2ca8d4055fce133d5d2b93d0cb6905785c215e44
1254,司法案例,沈阳东云无人机科技服务有限公司、沈阳绿环澄源热力有限公司等供用热力合同纠纷民事一审民事裁定书,,FBMCLI.C.405083603,,民事裁定书,沈阳东云无人机科技服务有限公司、沈阳绿环澄源热力有限公司等供用热力合同纠纷民事,司法案例,https://www.pkulaw.com/pfnl/95b2ca8d4055fce1736b37ca7b713b48628eb8abed4
1255,司法案例,沈阳东云无人机科技服务有限公司、沈阳绿环澄源热力有限公司等供用热力合同纠纷民事一审民事裁定书,,FBMCLI.C.405137264,,民事裁定书,沈阳东云无人机科技服务有限公司、沈阳绿环澄源热力有限公司等供用热力合同纠纷民事,司法案例,https://www.pkulaw.com/pfnl/95b2ca8d4055fce1a5ba687e690fbfae859a509ef723
1256,司法案例,沈阳东云无人机科技服务有限公司、沈阳绿环澄源热力有限公司等供用热力合同纠纷民事一审民事裁定书,,FBMCLI.C.411395461,,民事裁定书,沈阳东云无人机科技服务有限公司、沈阳绿环澄源热力有限公司等供用热力合同纠纷民事,司法案例,https://www.pkulaw.com/pfnl/95b2ca8d4055fce1cf6f2924fa9045a19e7bd99b1b81
1257,司法案例,沈阳东云无人机科技服务有限公司与沈阳绿环澄源热力有限公司供用热力合同纠纷一审民事裁定书,,FBMCLI.C.319887607,,民事裁定书,沈阳东云无人机科技服务有限公司与沈阳绿环澄源热力有限公司供用热力合同纠纷,司法案例,https://www.pkulaw.com/pfnl/c05aeed05a57db0a1e0e86f7a08cfee634c5f7935bc4
1258,司法案例,沈阳丰瑞无人机科技有限公司、钱辉修理合同纠纷民事一审民事裁定书,,FBMCLI.C.504607357,,民事裁定书,沈阳丰瑞无人机科技有限公司、钱辉修理合同纠纷民事,司法案例,https://www.pkulaw.com/pfnl/08df102e7c10f2068fe371b69e2393907f9897b72cd3
1259,司法案例,沈阳丰瑞无人机科技有限公司与钱辉返还原物纠纷一审民事裁定书,,FBMCLI.C.503992731,,民事裁定书,沈阳丰瑞无人机科技有限公司与钱辉返还原物纠纷,司法案例,https://www.pkulaw.com/pfnl/08df102e7c10f206e6bcde4c993ced0ab54b275a621
1260,司法案例,沈阳华宇航空服务有限公司、汇农云创智能无人机科技（辽宁）有限公司合同纠纷民事一审民事裁定书,,FBMCLI.C.504816407,,民事裁定书,沈阳华宇航空服务有限公司、汇农云创智能无人机科技（辽宁）有限公司合同纠纷民事,司法案例,https://www.pkulaw.com/pfnl/08df102e7c10f2064c1c85ca78e86f591d80f4f74f657
1261,司法案例,沈阳华宇航空服务有限公司与汇农云创智能无人机科技（辽宁）有限公司申请保全案件财产保全执行裁定书,,FBMCLI.C.504106497,,执行裁定书,沈阳华宇航空服务有限公司与汇农云创智能无人机科技（辽宁）有限公司申请保全案件财产保全,司法案例,https://www.pkulaw.com/pfnl/08df102e7c10f206cb4ed8bd88e8785a40f75a88ed23
1262,司法案例,沈阳某无人机系统科技有限公司、吉林市某快递有限公司船营越山路分公司等财产损害赔偿纠纷民事一审民事判决书,,FBMCLI.C.549914331,,民事判决书,沈阳某无人机系统科技有限公司、吉林市某快递有限公司船营越山路分公司等财产损害赔偿纠纷民事,司法案例,https://www.pkulaw.com/pfnl/08df102e7c10f2068c34030a5737c39c22f39ab68ca3
1263,司法案例,河北某航空服务有限公司与北京某无人机科技有限公司买卖合同纠纷案,,FBMCLI.C.52373936,,,河北某航空服务有限公司与北京某无人机科技有限公司买卖合同纠纷案,司法案例,https://www.pkulaw.com/pfnl/a25051f3312b07f35a4f5ac549e755a9cf06c9b2d402
1264,司法案例,河北雄安新区中级人民法院发布6起2022年度执行典型案例之六：雄县法院李某申请执行潘某某借款合同纠纷案——无人机找人如虎添...,,FBMCLI.C.504196166,,,河北雄安新区中级人民法院发布6起2022年度执行典型案例之六：雄县法院李某申请执行潘某某借款合同纠纷案——无人机找人如虎添...,司法案例,https://www.pkulaw.com/pfnl/08df102e7c10f2069462fcc3039ac1bb1927ac1f4cdcf
1265,司法案例,河北雄安远度科技有限公司与成都纵横大鹏无人机科技有限公司等侵害发明专利权纠纷一审鲁01民初2216号民事裁定书,,FBMCLI.C.316266816,,民事裁定书,河北雄安远度科技有限公司与成都纵横大鹏无人机科技有限公司等侵害发明专利权纠纷一审鲁01民初2216号,司法案例,https://www.pkulaw.com/pfnl/c05aeed05a57db0ae52e095608163981d74a3ebfd0c
1266,司法案例,河南喜飞无人机技术开发有限公司、施昌武等服务合同纠纷民事一审民事判决书,,FBMCLI.C.417763366,,民事判决书,河南喜飞无人机技术开发有限公司、施昌武等服务合同纠纷民事,司法案例,https://www.pkulaw.com/pfnl/95b2ca8d4055fce11b71a42c28f8d808b5088fab068e
1267,司法案例,河南某无人机农业服务有限公司;鲁某飞劳务合同纠纷一审民事判决书,,FBMCLI.C.561511511,,民事判决书,鲁某飞劳务合同纠纷 | 涉诉企业:河南某无人机农业服务有限公司,司法案例,https://www.pkulaw.com/pfnl/08df102e7c10f206079cb7f761518d271cf132893f5fb
1268,司法案例,河南某某某无人机科技发展有限公司与山东某某航空有限公司合同纠纷首次执行裁定书,,FBMCLI.C.552169368,,执行裁定书,河南某某某无人机科技发展有限公司与山东某某航空有限公司合同纠纷首次,司法案例,https://www.pkulaw.com/pfnl/08df102e7c10f206e3490590804c334962899193568
1269,司法案例,河南省某建筑设计有限公司与安阳市某无人机投资发展有限公司建设工程设计合同纠纷一审民事裁定书,,FBMCLI.C.548708884,,民事裁定书,河南省某建筑设计有限公司与安阳市某无人机投资发展有限公司建设工程设计合同纠纷,司法案例,https://www.pkulaw.com/pfnl/08df102e7c10f2061e61603e928e6fdd861da0d1611
1270,司法案例,河南蜂鸟智造无人机科技有限公司、伊川县农业农村局调解协议司法确认民事裁定书,,FBMCLI.C.324391405,,民事裁定书,河南蜂鸟智造无人机科技有限公司、伊川县农业农村局调解协议司法确认,司法案例,https://www.pkulaw.com/pfnl/c05aeed05a57db0aa89edd20abc0189c68c45c325eb
1271,司法案例,河南蜂鸟智造无人机科技有限公司、北京优图佳视影像网络科技有限公司著作权权属、侵权纠纷一审民事调解书,,FBMCLI.C.64414708,,民事调解书,河南蜂鸟智造无人机科技有限公司、北京优图佳视影像网络科技有限公司著作权权属、侵权纠纷,司法案例,https://www.pkulaw.com/pfnl/a6bdb3332ec0adc46406735147be4d7a0e1a5bb366
1272,司法案例,河南蜂鸟智造无人机科技有限公司、固始县农业农村局合同纠纷民事一审民事裁定书,,FBMCLI.C.418511297,,民事裁定书,河南蜂鸟智造无人机科技有限公司、固始县农业农村局合同纠纷民事,司法案例,https://www.pkulaw.com/pfnl/95b2ca8d4055fce1362eac5fbbde8ee2a14da06fee6c
1273,司法案例,河南蜂鸟智造无人机科技有限公司、焦作西部产业聚集区管理委员会买卖合同纠纷民事一审民事裁定书,,FBMCLI.C.324672410,,民事裁定书,河南蜂鸟智造无人机科技有限公司、焦作西部产业聚集区管理委员会买卖合同纠纷民事,司法案例,https://www.pkulaw.com/pfnl/c05aeed05a57db0a54fd52d1f25be4e8ce0d6f7ee9b9
1274,司法案例,洪缘琳、北航富羽无人机（深圳）有限公司劳动争议民事一审民事判决书,,FBMCLI.C.407330852,,民事判决书,洪缘琳、北航富羽无人机（深圳）有限公司劳动争议民事,司法案例,https://www.pkulaw.com/pfnl/95b2ca8d4055fce1949f638095ba43546a5b8397205
1275,司法案例,济南赛尔无人机科技有限公司与刘士文申请撤销仲裁裁决一审民事裁定书,,FBMCLI.C.72777878,,民事裁定书,济南赛尔无人机科技有限公司与刘士文申请撤销仲裁裁决,司法案例,https://www.pkulaw.com/pfnl/a6bdb3332ec0adc42d4df6b248237f08da0ca92428e
1276,司法案例,济南赛尔无人机科技有限公司与马云栋劳动合同纠纷一审民事判决书,,FBMCLI.C.96283113,,民事判决书,济南赛尔无人机科技有限公司与马云栋劳动合同纠纷,司法案例,https://www.pkulaw.com/pfnl/a6bdb3332ec0adc445d0202c4ac667857441ae07bb
1277,司法案例,济南赛尔无人机科技有限公司通知书,,FBMCLI.C.77666979,,通知书,济南赛尔无人机科技有限公司,司法案例,https://www.pkulaw.com/pfnl/a6bdb3332ec0adc4995a730945d377e1891a9d24f34
1278,司法案例,浙江华飞智能科技有限公司、宁夏时代新农无人机科技有限公司民事执行实施类执行裁定书,,FBMCLI.C.326272238,,执行裁定书,浙江华飞智能科技有限公司、宁夏时代新农无人机科技有限公司民事执行实施类,司法案例,https://www.pkulaw.com/pfnl/c05aeed05a57db0a4100d64e02115e555fd39cd7841
1279,司法案例,浙江华飞智能科技有限公司、宁夏时代新农无人机科技有限公司特别程序民事裁定书,,FBMCLI.C.315840571,,民事裁定书,浙江华飞智能科技有限公司、宁夏时代新农无人机科技有限公司特别程序,司法案例,https://www.pkulaw.com/pfnl/c05aeed05a57db0a1b7672cb66cf988a0088153fd8fa
1280,司法案例,浙江华飞智能科技有限公司、泸州深远世宁无人机科技有限公司买卖合同纠纷执行实施类执行裁定书,,FBMCLI.C.312535325,,执行裁定书,浙江华飞智能科技有限公司、泸州深远世宁无人机科技有限公司买卖合同纠纷执行实施类,司法案例,https://www.pkulaw.com/pfnl/c05aeed05a57db0af8facd7d1f89c5d32c124a293d98
1281,司法案例,浙江华飞智能科技有限公司与泸州深远世宁无人机科技有限公司买卖合同纠纷一审民事调解书,,FBMCLI.C.117732389,,民事调解书,浙江华飞智能科技有限公司与泸州深远世宁无人机科技有限公司买卖合同纠纷,司法案例,https://www.pkulaw.com/pfnl/a6bdb3332ec0adc4837c9209daf6e87b635cfeb051d
1282,司法案例,浙江华飞智能科技有限公司与西南无人机科技有限公司买卖合同纠纷一审民事调解书,,FBMCLI.C.120342556,,民事调解书,浙江华飞智能科技有限公司与西南无人机科技有限公司买卖合同纠纷,司法案例,https://www.pkulaw.com/pfnl/a6bdb3332ec0adc444d6f7bce24cde31d0c3730a603
1283,司法案例,浙江汇盛投资集团有限公司、浙江华越无人机技术有限公司申请破产清算破产申请审查案件强制清算与破产裁定书,,FBMCLI.C.504927823,,,浙江汇盛投资集团有限公司、浙江华越无人机技术有限公司申请破产清算破产申请审查案件强制清算与破产裁定书,司法案例,https://www.pkulaw.com/pfnl/08df102e7c10f2068feb52a38080e3b5b4f99aa973ef
1284,司法案例,浙江汇盛投资集团有限公司、浙江华越无人机技术有限公司租赁合同纠纷执行实施类执行裁定书,,FBMCLI.C.410156927,,执行裁定书,浙江汇盛投资集团有限公司、浙江华越无人机技术有限公司租赁合同纠纷执行实施类,司法案例,https://www.pkulaw.com/pfnl/95b2ca8d4055fce1f603f9181d5e6c6480af7126027e
1285,司法案例,海克斯康测量技术有限公司与西安爱生无人机技术有限公司买卖合同纠纷一审民事裁定书,,FBMCLI.C.115507733,,民事裁定书,海克斯康测量技术有限公司与西安爱生无人机技术有限公司买卖合同纠纷,司法案例,https://www.pkulaw.com/pfnl/a6bdb3332ec0adc4bd7c94cfc8fe5abf793acc347249
1286,司法案例,海西州阳光实业有限公司与青岛智飞无人机航空科技发展有限公司买卖合同纠纷一审民事裁定书,,FBMCLI.C.82667335,,民事裁定书,海西州阳光实业有限公司与青岛智飞无人机航空科技发展有限公司买卖合同纠纷,司法案例,https://www.pkulaw.com/pfnl/a6bdb3332ec0adc4e73ee20bbaee26bcf2b8c8c3bd9f
1287,司法案例,涂欢与洛克希德（武汉）无人机科学研究院有限公司劳动争议执行裁定书,,FBMCLI.C.61105163,,执行裁定书,涂欢与洛克希德（武汉）无人机科学研究院有限公司劳动争议,司法案例,https://www.pkulaw.com/pfnl/a25051f3312b07f3e584b16945711de9fac832039efc
1288,司法案例,淄博嗨森无人机科技有限公司与房胜利、山东省垦利县运输公司机动车交通事故责任纠纷一审民事裁定书,,FBMCLI.C.77142409,,民事裁定书,淄博嗨森无人机科技有限公司与房胜利、山东省垦利县运输公司机动车交通事故责任纠纷,司法案例,https://www.pkulaw.com/pfnl/a6bdb3332ec0adc4e3bbcf0fdfac8084bd51d9295c37
1289,司法案例,深圳中科大智航空技术有限公司、深圳华越无人机技术有限公司劳动合同纠纷二审民事判决书,,FBMCLI.C.114731874,,民事判决书,深圳中科大智航空技术有限公司、深圳华越无人机技术有限公司劳动合同纠纷,司法案例,https://www.pkulaw.com/pfnl/a6bdb3332ec0adc43bb2683c8205ede5f78d93e4681
1290,司法案例,深圳中科大智航空技术有限公司诉张珊珊、徐龙花、巫有廷深圳华越无人机技术有限公司、深圳高科新农技术有限公司劳动合同纠纷...,,FBMCLI.C.310119530,,,深圳中科大智航空技术有限公司诉张珊珊、徐龙花、巫有廷深圳华越无人机技术有限公司、深圳高科新农技术有限公司劳动合同纠纷...,司法案例,https://www.pkulaw.com/pfnl/c05aeed05a57db0a59afd4efb0af85c36ff0627092cfc
1291,司法案例,深圳中科大智航空技术有限公司诉张珊珊、徐龙花、巫有廷深圳华越无人机技术有限公司、深圳高科新农技术有限公司劳动合同纠纷...,,FBMCLI.C.310119539,,,深圳中科大智航空技术有限公司诉张珊珊、徐龙花、巫有廷深圳华越无人机技术有限公司、深圳高科新农技术有限公司劳动合同纠纷...,司法案例,https://www.pkulaw.com/pfnl/c05aeed05a57db0a400c73d908d83e545f993b1136e
1292,司法案例,深圳中科大智航空技术有限公司诉张珊珊、徐龙花、巫有廷深圳华越无人机技术有限公司、深圳高科新农技术有限公司劳动合同纠纷...,,FBMCLI.C.310119580,,,深圳中科大智航空技术有限公司诉张珊珊、徐龙花、巫有廷深圳华越无人机技术有限公司、深圳高科新农技术有限公司劳动合同纠纷...,司法案例,https://www.pkulaw.com/pfnl/c05aeed05a57db0a84a9e21ff19d76975279b0ef99c2
1293,司法案例,深圳华越无人机技术有限公司、刘本乾合同纠纷民事二审民事判决书,,FBMCLI.C.324250731,,民事判决书,深圳华越无人机技术有限公司、刘本乾合同纠纷民事,司法案例,https://www.pkulaw.com/pfnl/c05aeed05a57db0a13880fa4d6b8a829e4759c58ca4
1294,司法案例,深圳华越无人机技术有限公司、罗建令合同纠纷二审民事判决书,,FBMCLI.C.503687089,,民事判决书,深圳华越无人机技术有限公司、罗建令合同纠纷,司法案例,https://www.pkulaw.com/pfnl/08df102e7c10f2067878dd86f65fd14405a5147b2e37
1295,司法案例,深圳市乐航航空服务有限公司与深圳智航无人机有限公司服务合同纠纷一审民事裁定书,,FBMCLI.C.117925547,,民事裁定书,深圳市乐航航空服务有限公司与深圳智航无人机有限公司服务合同纠纷,司法案例,https://www.pkulaw.com/pfnl/a6bdb3332ec0adc4268aa0da21158d71272f7971848
1296,司法案例,深圳市兴国威电子有限公司、广东澄星无人机股份有限公司买卖合同纠纷一审民事裁定书,,FBMCLI.C.94759012,,民事裁定书,深圳市兴国威电子有限公司、广东澄星无人机股份有限公司买卖合同纠纷,司法案例,https://www.pkulaw.com/pfnl/a6bdb3332ec0adc44f76bc3f7bdf70a6ed8a58a765b2
1297,司法案例,深圳市兴国威电子有限公司与广东澄星无人机股份有限公司买卖合同纠纷一审民事判决书,,FBMCLI.C.94620349,,民事判决书,深圳市兴国威电子有限公司与广东澄星无人机股份有限公司买卖合同纠纷,司法案例,https://www.pkulaw.com/pfnl/a6bdb3332ec0adc447b9b022faaa2e08e428f340f929
1298,司法案例,深圳市冠智技术有限公司与广东澄星无人机股份有限公司买卖合同纠纷一审民事判决书,,FBMCLI.C.100022377,,民事判决书,深圳市冠智技术有限公司与广东澄星无人机股份有限公司买卖合同纠纷,司法案例,https://www.pkulaw.com/pfnl/a6bdb3332ec0adc401272db953a278434518c0d516
1299,司法案例,深圳市大东房地产有限公司、深圳缔飞无人机设计工程有限责任公司租赁合同纠纷首次执行执行裁定书,,FBMCLI.C.419536602,,执行裁定书,深圳市大东房地产有限公司、深圳缔飞无人机设计工程有限责任公司租赁合同纠纷首次执行,司法案例,https://www.pkulaw.com/pfnl/95b2ca8d4055fce137c7c3253cb95b1eed6bdd60f3f5
1300,司法案例,深圳市大疆创新科技有限公司与广东澄星无人机股份有限公司、汕头市臻美至尚玩具有限公司侵害实用新型专利权纠纷一审民事裁定书,,FBMCLI.C.8790862,,民事裁定书,深圳市大疆创新科技有限公司与广东澄星无人机股份有限公司、汕头市臻美至尚玩具有限公司侵害实用新型专利权纠纷,司法案例,https://www.pkulaw.com/pfnl/a25051f3312b07f3bec7a0d88e590cd62603555cdb7
1301,司法案例,深圳市奥贝尔电子有限公司、东莞市雅联无人机科技有限公司买卖合同纠纷首次执行执行裁定书,,FBMCLI.C.333551286,,执行裁定书,深圳市奥贝尔电子有限公司、东莞市雅联无人机科技有限公司买卖合同纠纷首次执行,司法案例,https://www.pkulaw.com/pfnl/c05aeed05a57db0a5c016f2cd8bf081ef353ed87b773
1302,司法案例,深圳市奥贝尔电子有限公司、东莞市雅联无人机科技有限公司财产保全执行实施类执行裁定书,,FBMCLI.C.106236220,,执行裁定书,深圳市奥贝尔电子有限公司、东莞市雅联无人机科技有限公司财产保全执行实施类,司法案例,https://www.pkulaw.com/pfnl/a6bdb3332ec0adc4794c952a288c204a4e5b416599e
1303,司法案例,深圳市奥贝尔电子有限公司与东莞市雅联无人机科技有限公司买卖合同纠纷一审民事判决书,,FBMCLI.C.112617551,,民事判决书,深圳市奥贝尔电子有限公司与东莞市雅联无人机科技有限公司买卖合同纠纷,司法案例,https://www.pkulaw.com/pfnl/a6bdb3332ec0adc4cae8c922a8bff651bc533569e128
1304,司法案例,深圳市富力电池有限公司与广东澄星无人机股份有限公司买卖合同纠纷一审民事判决书,,FBMCLI.C.79380433,,民事判决书,深圳市富力电池有限公司与广东澄星无人机股份有限公司买卖合同纠纷,司法案例,https://www.pkulaw.com/pfnl/a6bdb3332ec0adc40930a80e4bb85ddaf5361312037
1305,司法案例,深圳市富微科创电子有限公司与广东澄星无人机股份有限公司买卖合同纠纷执行实施类执行裁定书,,FBMCLI.C.73564482,,执行裁定书,深圳市富微科创电子有限公司与广东澄星无人机股份有限公司买卖合同纠纷执行实施类,司法案例,https://www.pkulaw.com/pfnl/a6bdb3332ec0adc4fc860517f24554d0c936d9caca34
1306,司法案例,深圳市昊升微电机有限公司与广东澄星无人机股份有限公司买卖合同纠纷一审民事判决书,,FBMCLI.C.81822981,,民事判决书,深圳市昊升微电机有限公司与广东澄星无人机股份有限公司买卖合同纠纷,司法案例,https://www.pkulaw.com/pfnl/a6bdb3332ec0adc4fd0e6f1d11212f2d78aab5c2ec78
1307,司法案例,深圳市星光威技术有限公司与广东澄星无人机股份有限公司买卖合同纠纷一审民事判决书,,FBMCLI.C.99373206,,民事判决书,深圳市星光威技术有限公司与广东澄星无人机股份有限公司买卖合同纠纷,司法案例,https://www.pkulaw.com/pfnl/a6bdb3332ec0adc462724f116546ebc7a6ab5e1e168
1308,司法案例,深圳市爱飞无人机技术有限公司、深圳市大智无疆科技有限公司保证合同纠纷民事一审民事裁定书,,FBMCLI.C.418253810,,民事裁定书,深圳市爱飞无人机技术有限公司、深圳市大智无疆科技有限公司保证合同纠纷民事,司法案例,https://www.pkulaw.com/pfnl/95b2ca8d4055fce12e191a5f913900c4c9315ff31713
1309,司法案例,深圳市蝉翼无人机有限公司、深圳市永浤达科技有限公司等买卖合同纠纷民事一审民事判决书,,FBMCLI.C.404752158,,民事判决书,深圳市蝉翼无人机有限公司、深圳市永浤达科技有限公司等买卖合同纠纷民事,司法案例,https://www.pkulaw.com/pfnl/95b2ca8d4055fce1f90e8881099e53ab118fda95b0af
1310,司法案例,深圳市风林文化传播有限公司诉深圳智航无人机有限公司委托合同纠纷案,,FBMCLI.C.52441750,,,深圳市风林文化传播有限公司诉深圳智航无人机有限公司委托合同纠纷案,司法案例,https://www.pkulaw.com/pfnl/a25051f3312b07f3bba8baf12aa822e39e604a17f834
1311,司法案例,深圳市飞客无人机科技有限公司与冯文扬劳动合同纠纷一审民事判决书,,FBMCLI.C.104826988,,民事判决书,深圳市飞客无人机科技有限公司与冯文扬劳动合同纠纷,司法案例,https://www.pkulaw.com/pfnl/a6bdb3332ec0adc48f01108624add8d85c74d6901f2f
1312,司法案例,深圳市飞客无人机科技有限公司与刘振劳动合同纠纷一审民事判决书,,FBMCLI.C.104798627,,民事判决书,深圳市飞客无人机科技有限公司与刘振劳动合同纠纷,司法案例,https://www.pkulaw.com/pfnl/a6bdb3332ec0adc4481bc9975ac0b0229690abaed7c
1313,司法案例,深圳市飞客无人机科技有限公司与蒋韬劳动合同纠纷一审民事判决书,,FBMCLI.C.105341397,,民事判决书,深圳市飞客无人机科技有限公司与蒋韬劳动合同纠纷,司法案例,https://www.pkulaw.com/pfnl/a6bdb3332ec0adc4493410a380eb9791dae8a44fdcd
1314,司法案例,深圳市飞客无人机科技有限公司与韦建钰劳动合同纠纷一审民事判决书,,FBMCLI.C.105436684,,民事判决书,深圳市飞客无人机科技有限公司与韦建钰劳动合同纠纷,司法案例,https://www.pkulaw.com/pfnl/a6bdb3332ec0adc46eec8ab4fc747bc58f7290d9e32f
1315,司法案例,深圳市飞客无人机科技有限公司买卖合同纠纷执行实施类执行裁定书,,FBMCLI.C.111188798,,执行裁定书,深圳市飞客无人机科技有限公司买卖合同纠纷执行实施类,司法案例,https://www.pkulaw.com/pfnl/a6bdb3332ec0adc4627f45d563af52c5c552e6745e2
1316,司法案例,深圳市高端无人机有限公司、深圳市派斯蒙电子商务有限公司、深圳市环球易购电子商务有限公司等其他案由执行实施类执行裁定书,,FBMCLI.C.85800916,,执行裁定书,深圳市高端无人机有限公司、深圳市派斯蒙电子商务有限公司、深圳市环球易购电子商务有限公司等其他案由执行实施类,司法案例,https://www.pkulaw.com/pfnl/a6bdb3332ec0adc4415b88ac3b6100e05e548433df4
1317,司法案例,深圳市高端无人机有限公司、胞集团有限公司等买卖合同纠纷首次执行执行裁定书,,FBMCLI.C.404352295,,执行裁定书,深圳市高端无人机有限公司、胞集团有限公司等买卖合同纠纷首次执行,司法案例,https://www.pkulaw.com/pfnl/95b2ca8d4055fce1caa10c831792be07a581d46c8f91
1318,司法案例,深圳市高端无人机有限公司、胞集团有限公司等买卖合同纠纷首次执行执行裁定书,,FBMCLI.C.404443966,,执行裁定书,深圳市高端无人机有限公司、胞集团有限公司等买卖合同纠纷首次执行,司法案例,https://www.pkulaw.com/pfnl/95b2ca8d4055fce1638326b1cc7661be52c5b1b45e5
1319,司法案例,"深圳市高端无人机有限公司与深圳市派斯蒙电子商务有限公司,深圳市环球易购电子商务有限公司,深圳市君仕莱电子商务有限公司买...",,FBMCLI.C.86557806,,,"深圳市高端无人机有限公司与深圳市派斯蒙电子商务有限公司,深圳市环球易购电子商务有限公司,深圳市君仕莱电子商务有限公司买...",司法案例,https://www.pkulaw.com/pfnl/a6bdb3332ec0adc455078d30e480f20d40492624bb1
1320,司法案例,深圳市高端无人机有限公司与深圳市派斯蒙电子商务有限公司、深圳市君仕莱电子商务有限公司买卖合同纠纷一审民事裁定书,,FBMCLI.C.87589320,,民事裁定书,深圳市高端无人机有限公司与深圳市派斯蒙电子商务有限公司、深圳市君仕莱电子商务有限公司买卖合同纠纷,司法案例,https://www.pkulaw.com/pfnl/a6bdb3332ec0adc4fba406a246a80c2ced98bbb860d
1321,司法案例,深圳慈航无人智能系统技术有限公司、深圳慈航无人机自主系统技术有限公司劳动合同纠纷二审民事裁定书,,FBMCLI.C.316375054,,民事裁定书,深圳慈航无人智能系统技术有限公司、深圳慈航无人机自主系统技术有限公司劳动合同纠纷,司法案例,https://www.pkulaw.com/pfnl/c05aeed05a57db0aef3b544fc6d1ad1833e75ef690e5
1322,司法案例,深圳慈航无人智能系统技术有限公司、深圳慈航无人机自主系统技术有限公司等与黄志劳动合同纠纷一审民事判决书,,FBMCLI.C.316383537,,民事判决书,深圳慈航无人智能系统技术有限公司、深圳慈航无人机自主系统技术有限公司等与黄志劳动合同纠纷,司法案例,https://www.pkulaw.com/pfnl/c05aeed05a57db0ab7cc1a02766c7c6a7f18e860eb3
1323,司法案例,深圳智航无人机有限公司、陀荣鑫申请撤销仲裁裁决特别程序民事裁定书,,FBMCLI.C.307636709,,民事裁定书,深圳智航无人机有限公司、陀荣鑫申请撤销仲裁裁决特别程序,司法案例,https://www.pkulaw.com/pfnl/c05aeed05a57db0a3f9bf72bd825e4685aac7731dd2
1324,司法案例,深圳红太狼科技有限公司、辽宁壮龙无人机科技有限公司买卖合同纠纷民事一审民事裁定书,,FBMCLI.C.410492553,,民事裁定书,深圳红太狼科技有限公司、辽宁壮龙无人机科技有限公司买卖合同纠纷民事,司法案例,https://www.pkulaw.com/pfnl/95b2ca8d4055fce16e27e4048f6dcb37c319c6e034e
1325,司法案例,深圳酷农无人机产业开发应用有限公司、林克合同纠纷二审民事裁定书,,FBMCLI.C.318482034,,民事裁定书,深圳酷农无人机产业开发应用有限公司、林克合同纠纷,司法案例,https://www.pkulaw.com/pfnl/c05aeed05a57db0a56fcedbef5192eaace321c6432ed
1326,司法案例,温卫洪与陈加华、广东澄星无人机股份有限公司民间借贷纠纷一审民事判决书,,FBMCLI.C.108280090,,民事判决书,温卫洪与陈加华、广东澄星无人机股份有限公司民间借贷纠纷,司法案例,https://www.pkulaw.com/pfnl/a6bdb3332ec0adc458e2c1465b87785c113c9cd370a
1327,司法案例,温卫洪与陈加华、广东澄星无人机股份有限公司民间借贷纠纷一审民事裁定书,,FBMCLI.C.108332890,,民事裁定书,温卫洪与陈加华、广东澄星无人机股份有限公司民间借贷纠纷,司法案例,https://www.pkulaw.com/pfnl/a6bdb3332ec0adc409164252d21633e7965078c352
1328,司法案例,温卫洪与陈加华、广东澄星无人机股份有限公司民间借贷纠纷一审民事裁定书,,FBMCLI.C.108437491,,民事裁定书,温卫洪与陈加华、广东澄星无人机股份有限公司民间借贷纠纷,司法案例,https://www.pkulaw.com/pfnl/a6bdb3332ec0adc4266648672ea6708d3caa3c908fa
1329,司法案例,湖北卓沃信息科技有限公司、西华县疆豫无人机科技有限公司等服务合同纠纷民事一审民事判决书,,FBMCLI.C.409189937,,民事判决书,湖北卓沃信息科技有限公司、西华县疆豫无人机科技有限公司等服务合同纠纷民事,司法案例,https://www.pkulaw.com/pfnl/95b2ca8d4055fce1aa16c6e1c012a46c5d563316bf19
1330,司法案例,湖北昂吉无人机科技有限公司、内蒙古瞰界科技有限公司民事一审民事裁定书,,FBMCLI.C.559321284,,民事裁定书,湖北昂吉无人机科技有限公司、内蒙古瞰界科技有限公司民事,司法案例,https://www.pkulaw.com/pfnl/08df102e7c10f206eaf5893d77bbe0206e599e49348
1331,司法案例,湖南某无人机科技有限公司与新疆某传媒有限责任公司一审民事判决书,,FBMCLI.C.563796305,,民事判决书,湖南某无人机科技有限公司与新疆某传媒有限责任公司,司法案例,https://www.pkulaw.com/pfnl/c7ed112b8012f816c503ab938997305fa112e5d3cca
1332,司法案例,湖南某某无人机通用航空有限公司、邵阳某某建设工程有限公司建设工程合同纠纷首次执行执行通知书,,FBMCLI.C.564826124,,通知书,湖南某某无人机通用航空有限公司、邵阳某某建设工程有限公司建设工程合同纠纷首次执行执行,司法案例,https://www.pkulaw.com/pfnl/c7ed112b8012f816ba5841b9306973772859a64981
1333,司法案例,湖南知云无人机科技有限公司、湖南中斯航迹无人机科技有限公司服务合同纠纷执行实施类执行裁定书,,FBMCLI.C.115792006,,执行裁定书,湖南知云无人机科技有限公司、湖南中斯航迹无人机科技有限公司服务合同纠纷执行实施类,司法案例,https://www.pkulaw.com/pfnl/a6bdb3332ec0adc4d14ad72ab9cbb14e8568a86f006
1334,司法案例,湖南知云无人机科技有限公司与湖南中斯航迹无人机科技有限公司服务合同纠纷执行实施类执行通知书,,FBMCLI.C.317858074,,通知书,湖南知云无人机科技有限公司与湖南中斯航迹无人机科技有限公司服务合同纠纷执行实施类执行,司法案例,https://www.pkulaw.com/pfnl/c05aeed05a57db0a3294cb55c26fd6c2bd8f9757319
1335,司法案例,湘0103民特99号湖南中斯航迹无人机、湖南知云无人机申请司法确认调解协议纠纷一审民事裁定书,,FBMCLI.C.111663968,,民事裁定书,湘0103民特99号湖南中斯航迹无人机、湖南知云无人机申请司法确认调解协议纠纷,司法案例,https://www.pkulaw.com/pfnl/a6bdb3332ec0adc4cce15cc6395b11376ea51c3a2a1
1336,司法案例,滁州鸿飞无人机科技有限公司、赵烽等首次执行执行裁定书,,FBMCLI.C.503000332,,执行裁定书,滁州鸿飞无人机科技有限公司、赵烽等首次执行,司法案例,https://www.pkulaw.com/pfnl/08df102e7c10f206cc88b26e5d9a5e44fd3dab1c75a7
1337,司法案例,滁州鸿飞无人机科技有限公司、赵烽等首次执行执行裁定书,,FBMCLI.C.503001227,,执行裁定书,滁州鸿飞无人机科技有限公司、赵烽等首次执行,司法案例,https://www.pkulaw.com/pfnl/08df102e7c10f206eb4fb01398792e07ca2254d8d9b
1338,司法案例,滁州鸿飞无人机科技有限公司、赵烽等首次执行执行裁定书,,FBMCLI.C.503042580,,执行裁定书,滁州鸿飞无人机科技有限公司、赵烽等首次执行,司法案例,https://www.pkulaw.com/pfnl/08df102e7c10f206ec3567ad3134463275c6955f702a
1339,司法案例,潘妙法;航天彩虹无人机股份有限公司房屋买卖合同纠纷一审民事判决书,,FBMCLI.C.564609191,,民事判决书,航天彩虹无人机股份有限公司房屋买卖合同纠纷 | 涉诉企业:潘妙法,司法案例,https://www.pkulaw.com/pfnl/c7ed112b8012f816d57e2f795e22249592728720301
1340,司法案例,潘李荣、深圳天神无人机发展有限公司劳动合同纠纷二审民事判决书,,FBMCLI.C.317342223,,民事判决书,潘李荣、深圳天神无人机发展有限公司劳动合同纠纷,司法案例,https://www.pkulaw.com/pfnl/c05aeed05a57db0a2b098283d416f8636a9cbcb1b14
1341,司法案例,烟台云都海鹰无人机应用技术有限公司与中国平安财产保险股份有限公司青岛中心支公司财产保险合同纠纷民事一审民事判决书,,FBMCLI.C.409719998,,民事判决书,烟台云都海鹰无人机应用技术有限公司与中国平安财产保险股份有限公司青岛中心支公司财产保险合同纠纷民事,司法案例,https://www.pkulaw.com/pfnl/95b2ca8d4055fce1c39b7008a4d4eff8578da805246c
1342,司法案例,烟台云都海鹰无人机应用技术有限公司与威海万准测绘有限公司买卖合同纠纷一审民事裁定书,,FBMCLI.C.118723177,,民事裁定书,烟台云都海鹰无人机应用技术有限公司与威海万准测绘有限公司买卖合同纠纷,司法案例,https://www.pkulaw.com/pfnl/a6bdb3332ec0adc4b68e31d354cd888d9646bc914fb
1343,司法案例,熊花与洛克希德（武汉）无人机科学研究院有限公司劳动争议执行裁定书,,FBMCLI.C.62358768,,执行裁定书,熊花与洛克希德（武汉）无人机科学研究院有限公司劳动争议,司法案例,https://www.pkulaw.com/pfnl/a25051f3312b07f34f81fbded3721c50685ac338421a
1344,司法案例,牛某某某;陕西某某无人机科技有限公司运输合同纠纷执行实施执行裁定书,,FBMCLI.C.569235058,,执行裁定书,陕西某某无人机科技有限公司运输合同纠纷执行实施 | 涉诉企业:牛某某某,司法案例,https://www.pkulaw.com/pfnl/c7ed112b8012f816d58c495fea5c280f652995b50bde
1345,司法案例,牛贵臻与周君前、山东高普无人机科技有限责任公司机动车交通事故责任纠纷一审民事裁定书,,FBMCLI.C.91025327,,民事裁定书,牛贵臻与周君前、山东高普无人机科技有限责任公司机动车交通事故责任纠纷,司法案例,https://www.pkulaw.com/pfnl/a6bdb3332ec0adc4b0cb36bae1e1ecee3f58a244c1f4
1346,司法案例,王伟、北航富羽无人机（深圳）有限公司劳动争议首次执行执行裁定书,,FBMCLI.C.431930185,,执行裁定书,王伟、北航富羽无人机（深圳）有限公司劳动争议首次执行,司法案例,https://www.pkulaw.com/pfnl/95b2ca8d4055fce1b743aab83b90241ce82c4e79851
1347,司法案例,王培德与陈加华、广东澄星无人机股份有限公司民间借贷纠纷一审民事判决书,,FBMCLI.C.86540738,,民事判决书,王培德与陈加华、广东澄星无人机股份有限公司民间借贷纠纷,司法案例,https://www.pkulaw.com/pfnl/a6bdb3332ec0adc47ab12c72f019080d52496033fa9
1348,司法案例,王子恒与沈阳市卓云尚智无人机科技有限公司服务合同纠纷一审民事裁定书,,FBMCLI.C.506732664,,民事裁定书,王子恒与沈阳市卓云尚智无人机科技有限公司服务合同纠纷,司法案例,https://www.pkulaw.com/pfnl/08df102e7c10f206a22d1874d37a24d82294620faa8
1349,司法案例,王晓亮、深圳智航无人机有限公司劳动争议首次执行执行裁定书,,FBMCLI.C.404287809,,执行裁定书,王晓亮、深圳智航无人机有限公司劳动争议首次执行,司法案例,https://www.pkulaw.com/pfnl/95b2ca8d4055fce1d3925961fe8d9f9f4bc435fe4ca2e
1350,司法案例,王某与富平县韦加无人机有限公司劳动合同纠纷一案,,FBMCLI.C.109087840,,,王某与富平县韦加无人机有限公司劳动合同纠纷一案,司法案例,https://www.pkulaw.com/pfnl/a6bdb3332ec0adc484089a3c31336f8b0fb0092ee5f0
1351,司法案例,王某花;山西某某无人机科技有限公司;金牛区某某消防器材经营部买卖合同纠纷首次执行执行裁定书,,FBMCLI.C.574499553,,执行裁定书,金牛区某某消防器材经营部买卖合同纠纷首次执行 | 涉诉企业:王某花,司法案例,https://www.pkulaw.com/pfnl/c7ed112b8012f816ade365b997024735507b1b340a
1352,司法案例,王艳;江苏网智无人机研究院有限公司;徐州新农合互联网金融服务有限公司;杨远买卖合同纠纷一审民事裁定书,,FBMCLI.C.565961418,,民事裁定书,杨远买卖合同纠纷 | 涉诉企业:王艳,司法案例,https://www.pkulaw.com/pfnl/c7ed112b8012f8163a15c55fdf744ea63e6690eda131
1353,司法案例,王雄彪、广东澄星无人机股份有限公司买卖合同纠纷执行实施类执行裁定书,,FBMCLI.C.313304610,,执行裁定书,王雄彪、广东澄星无人机股份有限公司买卖合同纠纷执行实施类,司法案例,https://www.pkulaw.com/pfnl/c05aeed05a57db0a79c0276efcff7d8f854606bfc36d8
1354,司法案例,王雄彪与广东澄星无人机股份有限公司、汕头市澄海区丰裕玩具有限公司买卖合同纠纷一案民事一审判决书,,FBMCLI.C.106014814,,,王雄彪与广东澄星无人机股份有限公司、汕头市澄海区丰裕玩具有限公司买卖合同纠纷一案民事一审判决书,司法案例,https://www.pkulaw.com/pfnl/a6bdb3332ec0adc41fbf984f15121a24999f5ccaa996
1355,司法案例,甘谋与湖南博航无人机技术有限公司其他合同纠纷案件结案通知书,,FBMCLI.C.87374800,,通知书,甘谋与湖南博航无人机技术有限公司其他合同纠纷案件结案,司法案例,https://www.pkulaw.com/pfnl/a6bdb3332ec0adc4020664af7a4afed45b26fe79531d
1356,司法案例,田梦长与黑龙江省建三江农垦永立无人机销售有限公司买卖合同纠纷一审民事裁定书,,FBMCLI.C.304908743,,民事裁定书,田梦长与黑龙江省建三江农垦永立无人机销售有限公司买卖合同纠纷,司法案例,https://www.pkulaw.com/pfnl/c05aeed05a57db0a4c6bd757712e7bf3233289810d0
1357,司法案例,申请人侯立强与被执行人黑龙江大悟开疆无人机科技股份有限公司国内非涉外仲裁裁决,,FBMCLI.C.57677381,,,申请人侯立强与被执行人黑龙江大悟开疆无人机科技股份有限公司国内非涉外仲裁裁决,司法案例,https://www.pkulaw.com/pfnl/a25051f3312b07f3813e76834c14ab668e3bedd437cf
1358,司法案例,申请人刘阳与被执行人黑龙江大悟开疆无人机科技股份有限公司国内非涉外仲裁裁决,,FBMCLI.C.57677319,,,申请人刘阳与被执行人黑龙江大悟开疆无人机科技股份有限公司国内非涉外仲裁裁决,司法案例,https://www.pkulaw.com/pfnl/a25051f3312b07f3e307980f7a6f28bf4c7043f1a3341
1359,司法案例,申请人李昂与 被执行人黑龙江大悟开疆无人机科技股份有限公司国内非涉外仲裁裁决,,FBMCLI.C.57756887,,,申请人李昂与 被执行人黑龙江大悟开疆无人机科技股份有限公司国内非涉外仲裁裁决,司法案例,https://www.pkulaw.com/pfnl/a25051f3312b07f340d846088d07d3656554456a1f2
1360,司法案例,申请人王舸与被执行人黑龙江大悟开疆无人机科技股份有限公司国内非涉外仲裁裁决,,FBMCLI.C.57557974,,,申请人王舸与被执行人黑龙江大悟开疆无人机科技股份有限公司国内非涉外仲裁裁决,司法案例,https://www.pkulaw.com/pfnl/a25051f3312b07f38c785c570bae3c80161a32ac45ec
1361,司法案例,申请人长沙无源定位工程技术研究院与被申请人湖南中斯航迹无人机科技有限公司、黄乾洁诉前财产保全纠纷一案结案通知书,,FBMCLI.C.101098822,,通知书,申请人长沙无源定位工程技术研究院与被申请人湖南中斯航迹无人机科技有限公司、黄乾洁诉前财产保全纠纷一案结案,司法案例,https://www.pkulaw.com/pfnl/a6bdb3332ec0adc4a585e7d8638ab1cd9aca4b7dadc
1362,司法案例,申请人鞠国铖与被执行人黑龙江大悟开疆无人机科技股份有限公司国内非涉外仲裁裁决,,FBMCLI.C.57677415,,,申请人鞠国铖与被执行人黑龙江大悟开疆无人机科技股份有限公司国内非涉外仲裁裁决,司法案例,https://www.pkulaw.com/pfnl/a25051f3312b07f3520d176976ec8ac0585eefd87b8e
1363,司法案例,申请人鲁英新诉被申请人辽宁壮龙无人机科技有限公司民间借贷纠纷一案民事裁定书,,FBMCLI.C.101333635,,民事裁定书,申请人鲁英新诉被申请人辽宁壮龙无人机科技有限公司民间借贷纠纷一案,司法案例,https://www.pkulaw.com/pfnl/a6bdb3332ec0adc47a41223b389095a1149a1c282a
1364,司法案例,申请保全人鲁英新与被保全人辽宁壮龙无人机科技有限公司借款合同纠纷一案执行结案通知书,,FBMCLI.C.106151080,,通知书,申请保全人鲁英新与被保全人辽宁壮龙无人机科技有限公司借款合同纠纷一案执行结案,司法案例,https://www.pkulaw.com/pfnl/a6bdb3332ec0adc4a595d02eb8ed01a8b33f6e3d21f
1365,司法案例,申请执行人宋倩与被执行人逊克翱龙无人机科技有限公司劳务合同纠纷一案结案通知书,,FBMCLI.C.115630983,,通知书,申请执行人宋倩与被执行人逊克翱龙无人机科技有限公司劳务合同纠纷一案结案,司法案例,https://www.pkulaw.com/pfnl/a6bdb3332ec0adc41ff09fafbd0b8ca778fb5e6cac18f
1366,司法案例,申请执行人武汉光谷环保科技股份有限公司与被执行人洛克希德(武汉)无人机科学研究院有限公司合同纠纷执行裁定书,,FBMCLI.C.303939176,,执行裁定书,申请执行人武汉光谷环保科技股份有限公司与被执行人洛克希德(武汉)无人机科学研究院有限公司合同纠纷,司法案例,https://www.pkulaw.com/pfnl/c05aeed05a57db0ad618ff8ce4cfc179b2422c6e9d5c
1367,司法案例,申请执行人长沙无源定位工程技术研究院申请执行被执行人湖南中斯航迹无人机科技有限公司、黄乾洁民间借贷纠纷一案执行裁定书,,FBMCLI.C.115757581,,执行裁定书,申请执行人长沙无源定位工程技术研究院申请执行被执行人湖南中斯航迹无人机科技有限公司、黄乾洁民间借贷纠纷一案,司法案例,https://www.pkulaw.com/pfnl/a6bdb3332ec0adc467f2495691bc9f2138fe4a0b8c7e
1368,司法案例,白宇龙、辽宁大壮无人机科技有限公司劳动争议二审判决书,,FBMCLI.C.503379533,,,白宇龙、辽宁大壮无人机科技有限公司劳动争议二审判决书,司法案例,https://www.pkulaw.com/pfnl/08df102e7c10f206d66df1d3477020136968dc7a637f
1369,司法案例,秦振山与山东乐松无人机科技有限公司买卖合同纠纷一审民事裁定书,,FBMCLI.C.107393847,,民事裁定书,秦振山与山东乐松无人机科技有限公司买卖合同纠纷,司法案例,https://www.pkulaw.com/pfnl/a6bdb3332ec0adc45cf6ec32138584fe810451a2e6e
1370,司法案例,秦振山与山东乐松无人机科技有限公司买卖合同纠纷管辖民事裁定书,,FBMCLI.C.99590602,,民事裁定书,秦振山与山东乐松无人机科技有限公司买卖合同纠纷管辖,司法案例,https://www.pkulaw.com/pfnl/a6bdb3332ec0adc4e7e6e6333cdd31935f56a4d378b
1371,司法案例,空中未来无人机技术(北京)有限公司与北京杏林大汇健康管理有限公司庆典服务合同纠纷一审民事裁定书,,FBMCLI.C.430461770,,民事裁定书,空中未来无人机技术(北京)有限公司与北京杏林大汇健康管理有限公司庆典服务合同纠纷,司法案例,https://www.pkulaw.com/pfnl/95b2ca8d4055fce1907502ea17b72ee85b4f03f74ce3
1372,司法案例,粤1972执8401号广东澄星无人机股份有限公司买卖合同纠纷的结案通知书,,FBMCLI.C.323322292,,通知书,粤1972执8401号广东澄星无人机股份有限公司买卖合同纠纷的结案,司法案例,https://www.pkulaw.com/pfnl/c05aeed05a57db0a3cb2a4266cce023f9761055bbc0
1373,司法案例,索某某、逊克翱龙无人机科技有限公司合同纠纷首次执行执行裁定书,,FBMCLI.C.553223281,,执行裁定书,索某某、逊克翱龙无人机科技有限公司合同纠纷首次执行,司法案例,https://www.pkulaw.com/pfnl/08df102e7c10f2069bc728b7e45df9055d2b06b81b5
1374,司法案例,翟军;山东福莱特无人机制造有限公司合同纠纷执行实施执行通知书,,FBMCLI.C.568909236,,通知书,山东福莱特无人机制造有限公司合同纠纷执行实施执行 | 涉诉企业:翟军,司法案例,https://www.pkulaw.com/pfnl/c7ed112b8012f8168ea8dbb11871336d77ba874109
1375,司法案例,翟晓沛与德奥无人机运营服务有限公司劳动争议执行裁定书,,FBMCLI.C.93140305,,执行裁定书,翟晓沛与德奥无人机运营服务有限公司劳动争议,司法案例,https://www.pkulaw.com/pfnl/a6bdb3332ec0adc4c4092445b634424ddf9dd21d79f
1376,司法案例,肖萍刘明明与何平杨帆洛克希德（武汉）无人机科学研究院有限公司合同纠纷一案,,FBMCLI.C.407033255,,,肖萍刘明明与何平杨帆洛克希德（武汉）无人机科学研究院有限公司合同纠纷一案,司法案例,https://www.pkulaw.com/pfnl/95b2ca8d4055fce1c9bf16cbc429768d2124c361eb32
1377,司法案例,肖萍刘明明与何平杨帆洛克希德（武汉）无人机科学研究院有限公司张鹏森合同纠纷一案,,FBMCLI.C.405944530,,,肖萍刘明明与何平杨帆洛克希德（武汉）无人机科学研究院有限公司张鹏森合同纠纷一案,司法案例,https://www.pkulaw.com/pfnl/95b2ca8d4055fce1289f87fb76fc48dcd24409a94b52
1378,司法案例,胡晓敏、成都三足乌无人机科技有限公司劳动争议二审民事裁定书,,FBMCLI.C.62028630,,民事裁定书,胡晓敏、成都三足乌无人机科技有限公司劳动争议,司法案例,https://www.pkulaw.com/pfnl/a25051f3312b07f33f59b8361bd144a64e0dc6d34c1c
1379,司法案例,胡晓敏与成都三足乌无人机科技有限公司劳动争议纠纷一案执行完毕通知书,,FBMCLI.C.62586400,,通知书,胡晓敏与成都三足乌无人机科技有限公司劳动争议纠纷一案执行完毕,司法案例,https://www.pkulaw.com/pfnl/a25051f3312b07f38b752e45b7139dcc1361ed9e04a
1380,司法案例,舞钢市泽源发展投资有限公司与河南省豫飞防植保无人机有限公司租赁合同纠纷一审民事裁定书,,FBMCLI.C.313475470,,民事裁定书,舞钢市泽源发展投资有限公司与河南省豫飞防植保无人机有限公司租赁合同纠纷,司法案例,https://www.pkulaw.com/pfnl/c05aeed05a57db0ad513774cabd431ab20a152eef3d
1381,司法案例,航天彩虹无人机股份有限公司、齐某某劳动争议一审民事其他文书,,FBMCLI.C.311077020,,,航天彩虹无人机股份有限公司、齐某某劳动争议一审民事其他文书,司法案例,https://www.pkulaw.com/pfnl/c05aeed05a57db0a694ecbf90038b167aaaade053e3
1382,司法案例,航天彩虹无人机股份有限公司、齐某某劳动争议一审民事调解书,,FBMCLI.C.121125680,,民事调解书,航天彩虹无人机股份有限公司、齐某某劳动争议,司法案例,https://www.pkulaw.com/pfnl/a6bdb3332ec0adc475c394e8f3c2fdf60637cf51ca9ee
1383,司法案例,航天彩虹无人机股份有限公司与依索(苏州)合成材料有限公司买卖合同纠纷执行裁定书,,FBMCLI.C.112125092,,执行裁定书,航天彩虹无人机股份有限公司与依索(苏州)合成材料有限公司买卖合同纠纷,司法案例,https://www.pkulaw.com/pfnl/a6bdb3332ec0adc44dc1b89fe7a391f1a724c90433e
1384,司法案例,航天彩虹无人机股份有限公司与依索(苏州)合成材料有限公司买卖合同纠纷执行裁定书,,FBMCLI.C.313275625,,执行裁定书,航天彩虹无人机股份有限公司与依索(苏州)合成材料有限公司买卖合同纠纷,司法案例,https://www.pkulaw.com/pfnl/c05aeed05a57db0a45c1befc8e5e8bad7362da297b0
1385,司法案例,苏国泽与广东澄星无人机股份有限公司、陈加华民间借贷纠纷一审民事判决书,,FBMCLI.C.86545210,,民事判决书,苏国泽与广东澄星无人机股份有限公司、陈加华民间借贷纠纷,司法案例,https://www.pkulaw.com/pfnl/a6bdb3332ec0adc41ed802f2e962179a0af17c7dd79f
1386,司法案例,茵德斯工业设计（宁波）有限公司与宁波派丽肯无人机有限公司委托合同纠纷一审民事裁定书,,FBMCLI.C.115892872,,民事裁定书,茵德斯工业设计（宁波）有限公司与宁波派丽肯无人机有限公司委托合同纠纷,司法案例,https://www.pkulaw.com/pfnl/a6bdb3332ec0adc47af040c2d8ac2c1fc4075d6bb3d8
1387,司法案例,萝北县凤翔镇中盈无人机经销站、单衍君买卖合同纠纷民事二审民事判决书,,FBMCLI.C.418944676,,民事判决书,萝北县凤翔镇中盈无人机经销站、单衍君买卖合同纠纷民事,司法案例,https://www.pkulaw.com/pfnl/95b2ca8d4055fce158577a2f67b29cb6a9f7e3a387a0
1388,司法案例,萝北县凤翔镇中盈无人机经销站与单某君买卖合同纠纷申请再审案,,FBMCLI.C.551895508,,,萝北县凤翔镇中盈无人机经销站与单某君买卖合同纠纷申请再审案,司法案例,https://www.pkulaw.com/pfnl/08df102e7c10f206378c1e7f3b3ae942b9545347ba3c
1389,司法案例,葛继刚与吴春生、许昌鼎昂无人机科技有限公司股权转让纠纷一审民事判决书,,FBMCLI.C.523242208,,民事判决书,葛继刚与吴春生、许昌鼎昂无人机科技有限公司股权转让纠纷,司法案例,https://www.pkulaw.com/pfnl/08df102e7c10f206ad330af75043c6231af0d728e8b8
1390,司法案例,蒋开平周华等与李建重庆乐禾无人机有限公司合同纠纷二审民事判决书,,FBMCLI.C.313826683,,民事判决书,蒋开平周华等与李建重庆乐禾无人机有限公司合同纠纷,司法案例,https://www.pkulaw.com/pfnl/c05aeed05a57db0ac765006eeaaf4aaa6b726d4bd74
1391,司法案例,蒙城县庄子进出口贸易有限公司、蒙城县黄赛无人机有限公司买卖合同纠纷一审民事裁定书,,FBMCLI.C.318397881,,民事裁定书,蒙城县庄子进出口贸易有限公司、蒙城县黄赛无人机有限公司买卖合同纠纷,司法案例,https://www.pkulaw.com/pfnl/c05aeed05a57db0a02aa1a2742b0f6da050f30e197a
1392,司法案例,蒙城县庄子进出口贸易有限公司、蒙城县黄赛无人机有限公司买卖合同纠纷一审民事裁定书,,FBMCLI.C.318408009,,民事裁定书,蒙城县庄子进出口贸易有限公司、蒙城县黄赛无人机有限公司买卖合同纠纷,司法案例,https://www.pkulaw.com/pfnl/c05aeed05a57db0a8fb73791a63868859f3fcbecc5cb
1393,司法案例,蒙城县庄子进出口贸易有限公司、蒙城县黄赛无人机有限公司等民间借贷纠纷民事一审民事判决书,,FBMCLI.C.407864250,,民事判决书,蒙城县庄子进出口贸易有限公司、蒙城县黄赛无人机有限公司等民间借贷纠纷民事,司法案例,https://www.pkulaw.com/pfnl/95b2ca8d4055fce1d71daf3eb68ccbd6d5f7b3d29a20
1394,司法案例,蒙城县庄子进出口贸易有限公司与蒙城县黄赛无人机有限公司、广州黄赛航空科技有限公司买卖合同纠纷一审民事裁定书,,FBMCLI.C.318397797,,民事裁定书,蒙城县庄子进出口贸易有限公司与蒙城县黄赛无人机有限公司、广州黄赛航空科技有限公司买卖合同纠纷,司法案例,https://www.pkulaw.com/pfnl/c05aeed05a57db0a255142f7fdc58b05e8f02fb02375
1395,司法案例,蒙城县黄赛无人机有限公司、广东黄赛航空科技有限公司等民间借贷纠纷民事二审民事判决书,,FBMCLI.C.407648099,,民事判决书,蒙城县黄赛无人机有限公司、广东黄赛航空科技有限公司等民间借贷纠纷民事,司法案例,https://www.pkulaw.com/pfnl/95b2ca8d4055fce1a5629627a392db9edaff928ea865
1396,司法案例,蓝牛仔影像（北京）有限公司与武汉无人机之家信息技术有限公司著作权权属、侵权纠纷一审民事裁定书,,FBMCLI.C.89160649,,民事裁定书,蓝牛仔影像（北京）有限公司与武汉无人机之家信息技术有限公司著作权权属、侵权纠纷,司法案例,https://www.pkulaw.com/pfnl/a6bdb3332ec0adc431306304b2835dcf7200b268d87
1397,司法案例,虎林市德盛农机有限公司、黑龙江慈航农用无人机科技有限公司买卖合同纠纷首次执行执行裁定书,,FBMCLI.C.502713125,,执行裁定书,虎林市德盛农机有限公司、黑龙江慈航农用无人机科技有限公司买卖合同纠纷首次执行,司法案例,https://www.pkulaw.com/pfnl/08df102e7c10f2063f1c22437dbc47c888d784214819
1398,司法案例,虎林市德盛农机有限公司、黑龙江慈航农用无人机科技有限公司合同纠纷二审民事裁定书,,FBMCLI.C.322226456,,民事裁定书,虎林市德盛农机有限公司、黑龙江慈航农用无人机科技有限公司合同纠纷,司法案例,https://www.pkulaw.com/pfnl/c05aeed05a57db0a127a2741657e66743e87f9ed6b8
1399,司法案例,虎林市极飞农业机械植保无人机、郑楠买卖合同纠纷二审民事判决书,,FBMCLI.C.322494217,,民事判决书,虎林市极飞农业机械植保无人机、郑楠买卖合同纠纷,司法案例,https://www.pkulaw.com/pfnl/c05aeed05a57db0abfe31514bd8b8607a55ef140a18
1400,司法案例,虎林市极飞农业机械植保无人机与孙艳禹劳务合同纠纷,,FBMCLI.C.112212256,,,虎林市极飞农业机械植保无人机与孙艳禹劳务合同纠纷,司法案例,https://www.pkulaw.com/pfnl/a6bdb3332ec0adc41905706d326c347ebda42f28842
1401,司法案例,虎林市极飞农业机械植保无人机劳务合同纠纷首次执行执行通知书,,FBMCLI.C.418923019,,通知书,虎林市极飞农业机械植保无人机劳务合同纠纷首次执行执行,司法案例,https://www.pkulaw.com/pfnl/95b2ca8d4055fce1f3c3d943c99ddaff0521422bf7951
1402,司法案例,融通农业发展（武汉）有限责任公司、大荔县绿濛濛无人机植保专业合作社等租赁合同纠纷财产保全执行执行通知书,,FBMCLI.C.545730341,,通知书,融通农业发展（武汉）有限责任公司、大荔县绿濛濛无人机植保专业合作社等租赁合同纠纷财产保全执行执行,司法案例,https://www.pkulaw.com/pfnl/08df102e7c10f2068d78bd4b391d6cbcb6100fca7bc3
1403,司法案例,衡水张丽物业服务有限公司与衡水钛灵盾无人机技术有限公司服务合同纠纷一审民事裁定书,,FBMCLI.C.119900200,,民事裁定书,衡水张丽物业服务有限公司与衡水钛灵盾无人机技术有限公司服务合同纠纷,司法案例,https://www.pkulaw.com/pfnl/a6bdb3332ec0adc46ebc48cbb6b579041c23b9c27d0
1404,司法案例,衡水惠企融资担保有限公司与衡水钛灵盾无人机技术有限公司、上海钛灵盾无人机技术有限公司民间借贷纠纷一审民事判决书,,FBMCLI.C.314795364,,民事判决书,衡水惠企融资担保有限公司与衡水钛灵盾无人机技术有限公司、上海钛灵盾无人机技术有限公司民间借贷纠纷,司法案例,https://www.pkulaw.com/pfnl/c05aeed05a57db0a2c918027a48c3e4f03a77d185c2
1405,司法案例,衡水钛灵盾无人机技术有限公司、上海钛灵盾无人机技术有限公司民间借贷纠纷二审民事裁定书,,FBMCLI.C.314786722,,民事裁定书,衡水钛灵盾无人机技术有限公司、上海钛灵盾无人机技术有限公司民间借贷纠纷,司法案例,https://www.pkulaw.com/pfnl/c05aeed05a57db0a37886ddaa1ee5b7c69170ae2fdf
1406,司法案例,袁早丰、北航富羽无人机（深圳）有限公司劳动争议民事一审民事判决书,,FBMCLI.C.404277112,,民事判决书,袁早丰、北航富羽无人机（深圳）有限公司劳动争议民事,司法案例,https://www.pkulaw.com/pfnl/95b2ca8d4055fce184900184cff587b4ddfa341916e0
1407,司法案例,西南无人机科技有限公司、泸州市江阳区佳誉机械厂承揽合同纠纷首次执行执行通知书,,FBMCLI.C.417728617,,通知书,西南无人机科技有限公司、泸州市江阳区佳誉机械厂承揽合同纠纷首次执行执行,司法案例,https://www.pkulaw.com/pfnl/95b2ca8d4055fce12018873578287d4fa64872f23c75
1408,司法案例,西安天鸽无人机技术服务有限公司;中图智维数字科技(陕西)有限公司服务合同纠纷一审民事裁定书,,FBMCLI.C.578227261,,民事裁定书,中图智维数字科技(陕西)有限公司服务合同纠纷 | 涉诉企业:西安天鸽无人机技术服务有限公司,司法案例,https://www.pkulaw.com/pfnl/c7ed112b8012f816b4a9eac3c252468efa712c09e6a
1409,司法案例,西安天鸽无人机技术服务有限公司与河南爬山虎科技有限公司、朱配富服务合同纠纷一审民事调解书,,FBMCLI.C.552781713,,民事调解书,西安天鸽无人机技术服务有限公司与河南爬山虎科技有限公司、朱配富服务合同纠纷,司法案例,https://www.pkulaw.com/pfnl/08df102e7c10f2063701c4b8d13462d166ee5cb23a4
1410,司法案例,西安方荣石化科技有限公司、陕西大秦无人机技术应用有限公司申请诉前财产保全非诉财产保全审查民事裁定书,,FBMCLI.C.502048469,,民事裁定书,西安方荣石化科技有限公司、陕西大秦无人机技术应用有限公司申请诉前财产保全非诉财产保全审查,司法案例,https://www.pkulaw.com/pfnl/08df102e7c10f20691ee5301a85ed5f02d2edfc50bf5
1411,司法案例,西安某无人机技术服务有限公司;西安某科技有限公司合同纠纷一审民事裁定书,,FBMCLI.C.576405347,,民事裁定书,西安某科技有限公司合同纠纷 | 涉诉企业:西安某无人机技术服务有限公司,司法案例,https://www.pkulaw.com/pfnl/c7ed112b8012f8168f33faa9fca27892a6e360d3127b
1412,司法案例,西安爱生无人机技术有限公司、济南嘉禾瑞丰科技开发有限公司买卖合同纠纷民事一审民事裁定书,,FBMCLI.C.405715113,,民事裁定书,西安爱生无人机技术有限公司、济南嘉禾瑞丰科技开发有限公司买卖合同纠纷民事,司法案例,https://www.pkulaw.com/pfnl/95b2ca8d4055fce1530c6844c8db1d53688c6d09146
1413,司法案例,西安爱生无人机技术有限公司与国家知识产权局其他一审行政判决书,,FBMCLI.C.96688177,,行政判决书,西安爱生无人机技术有限公司与国家知识产权局其他,司法案例,https://www.pkulaw.com/pfnl/a6bdb3332ec0adc44a96f60ce31df7205e0409e83ca
1414,司法案例,许小东、成都睿翼无人机科技有限公司租赁合同纠纷再审审查与审判监督民事裁定书,,FBMCLI.C.105310655,,民事裁定书,许小东、成都睿翼无人机科技有限公司租赁合同纠纷再审审查与审判监督,司法案例,https://www.pkulaw.com/pfnl/a6bdb3332ec0adc487d0f49a0aeb0308cc554b432d3
1415,司法案例,许小东、成都睿翼无人机科技有限公司租赁合同纠纷再审民事判决书,,FBMCLI.C.309671770,,民事判决书,许小东、成都睿翼无人机科技有限公司租赁合同纠纷,司法案例,https://www.pkulaw.com/pfnl/c05aeed05a57db0a9a49328deeaf2ddcd16e1c4c7ed
1416,司法案例,谢秋红与虎林市极飞农业机械植保无人机买卖合同纠纷一审民事裁定书,,FBMCLI.C.118797737,,民事裁定书,谢秋红与虎林市极飞农业机械植保无人机买卖合同纠纷,司法案例,https://www.pkulaw.com/pfnl/a6bdb3332ec0adc413d81b247b039fa66869ab4f764
1417,司法案例,谢秋红诉虎林市极飞农业植保无人机买卖合同纠纷一审民事裁定书,,FBMCLI.C.312305196,,民事裁定书,谢秋红诉虎林市极飞农业植保无人机买卖合同纠纷,司法案例,https://www.pkulaw.com/pfnl/c05aeed05a57db0a67641387a8730e87ef36ab56d51
1418,司法案例,谭绍年、深圳智航无人机有限公司劳动争议执行实施类执行裁定书,,FBMCLI.C.72886019,,执行裁定书,谭绍年、深圳智航无人机有限公司劳动争议执行实施类,司法案例,https://www.pkulaw.com/pfnl/a6bdb3332ec0adc49010f2b9dd4d5d5f99232688a61
1419,司法案例,谭绍年、深圳智航无人机有限公司劳动合同纠纷二审民事判决书,,FBMCLI.C.69875962,,民事判决书,谭绍年、深圳智航无人机有限公司劳动合同纠纷,司法案例,https://www.pkulaw.com/pfnl/a6bdb3332ec0adc46ee8609e118c95bfa002aa4dbd6
1420,司法案例,谭绍年与深圳智航无人机有限公司劳动争议一审民事判决书,,FBMCLI.C.69172360,,民事判决书,谭绍年与深圳智航无人机有限公司劳动争议,司法案例,https://www.pkulaw.com/pfnl/a6bdb3332ec0adc4dc045471f5eb4e8cd9a38112cf49
1421,司法案例,贵州航空职业技术学院与贵州博伟无人机科技有限公司合同纠纷一审民事裁定书,,FBMCLI.C.117105746,,民事裁定书,贵州航空职业技术学院与贵州博伟无人机科技有限公司合同纠纷,司法案例,https://www.pkulaw.com/pfnl/a6bdb3332ec0adc4d605a6b0374d3ce69f67a5874ea
1422,司法案例,贺州市无人机航拍协会、北流市碧桂园房地产开发有限公司著作权权属纠纷民事一审民事裁定书,,FBMCLI.C.504365633,,民事裁定书,贺州市无人机航拍协会、北流市碧桂园房地产开发有限公司著作权权属纠纷民事,司法案例,https://www.pkulaw.com/pfnl/08df102e7c10f206d82f84977ad4939eb5e8f3d9a091
1423,司法案例,贾倩倩、北航富羽无人机（深圳）有限公司劳动争议民事一审民事裁定书,,FBMCLI.C.405085210,,民事裁定书,贾倩倩、北航富羽无人机（深圳）有限公司劳动争议民事,司法案例,https://www.pkulaw.com/pfnl/95b2ca8d4055fce1540bf6008de69d0f6a9679d2b52
1424,司法案例,赣州智航无人机有限公司、匡颖申请撤销仲裁裁决特别程序民事裁定书,,FBMCLI.C.108035044,,民事裁定书,赣州智航无人机有限公司、匡颖申请撤销仲裁裁决特别程序,司法案例,https://www.pkulaw.com/pfnl/a6bdb3332ec0adc41a709961415465424cb5d55c68
1425,司法案例,赵某与富平县韦加无人机有限公司劳动合同纠纷一案,,FBMCLI.C.109072876,,,赵某与富平县韦加无人机有限公司劳动合同纠纷一案,司法案例,https://www.pkulaw.com/pfnl/a6bdb3332ec0adc43591a0604e9fd88cfbae2113f8aa
1426,司法案例,赵烽、滁州鸿飞无人机科技有限公司等承揽合同纠纷民事一审民事判决书,,FBMCLI.C.502493248,,民事判决书,赵烽、滁州鸿飞无人机科技有限公司等承揽合同纠纷民事,司法案例,https://www.pkulaw.com/pfnl/08df102e7c10f2061a3bbc14282970158685601b3b1
1427,司法案例,辽宁华翼无人机科技有限公司申请盘锦市兴隆台区农村经济局服务合同纠纷一案,,FBMCLI.C.64996909,,,辽宁华翼无人机科技有限公司申请盘锦市兴隆台区农村经济局服务合同纠纷一案,司法案例,https://www.pkulaw.com/pfnl/a6bdb3332ec0adc45d3528c0b03cae87a58d9d5379
1428,司法案例,辽宁壮龙无人机科技有限公司买卖合同纠纷首次执行执行通知书,,FBMCLI.C.404579610,,通知书,辽宁壮龙无人机科技有限公司买卖合同纠纷首次执行执行,司法案例,https://www.pkulaw.com/pfnl/95b2ca8d4055fce12ef037dbdbaf0eea19ee55fd70a1
1429,司法案例,辽宁壮龙无人机科技有限公司民事首次执行执行裁定书,,FBMCLI.C.418356428,,执行裁定书,辽宁壮龙无人机科技有限公司民事首次执行,司法案例,https://www.pkulaw.com/pfnl/95b2ca8d4055fce103272a1ff59a21b1139f6c573577
1430,司法案例,辽宁泓锐智能科技工程有限公司与辽宁翼虹翔飞无人机科技有限公司买卖合同纠纷一审民事裁定书,,FBMCLI.C.503761246,,民事裁定书,辽宁泓锐智能科技工程有限公司与辽宁翼虹翔飞无人机科技有限公司买卖合同纠纷,司法案例,https://www.pkulaw.com/pfnl/08df102e7c10f20612dee79cb6cfe6b11b81a2ef9b73
1431,司法案例,辽宁瑞翔通用航空有限公司、辽宁壮龙无人机科技有限公司服务合同纠纷民事一审民事裁定书,,FBMCLI.C.411173805,,民事裁定书,辽宁瑞翔通用航空有限公司、辽宁壮龙无人机科技有限公司服务合同纠纷民事,司法案例,https://www.pkulaw.com/pfnl/95b2ca8d4055fce197f95ee984464a1bb3604d23c9e
1432,司法案例,辽宁鹏飞通用航空有限公司与辽宁壮龙无人机科技有限公司买卖合同纠纷,,FBMCLI.C.313332509,,,辽宁鹏飞通用航空有限公司与辽宁壮龙无人机科技有限公司买卖合同纠纷,司法案例,https://www.pkulaw.com/pfnl/c05aeed05a57db0a560fc35936285a9c401d9d9fb07
1433,司法案例,逊克北方建筑投资有限公司、逊克翱龙无人机科技有限公司借款合同纠纷首次执行执行裁定书,,FBMCLI.C.555516536,,执行裁定书,逊克北方建筑投资有限公司、逊克翱龙无人机科技有限公司借款合同纠纷首次执行,司法案例,https://www.pkulaw.com/pfnl/08df102e7c10f2065e9787871ab5cabc99a6d1f8fb2e
1434,司法案例,逊克县杜家图文工作室、逊克翱龙无人机科技有限公司承揽合同纠纷首次执行执行裁定书,,FBMCLI.C.553269720,,执行裁定书,逊克县杜家图文工作室、逊克翱龙无人机科技有限公司承揽合同纠纷首次执行,司法案例,https://www.pkulaw.com/pfnl/08df102e7c10f206ca2b5d525e2076db07896401577
1435,司法案例,逊克翱龙无人机科技有限公司、张亮亮劳务合同纠纷二审民事判决书,,FBMCLI.C.304973715,,民事判决书,逊克翱龙无人机科技有限公司、张亮亮劳务合同纠纷,司法案例,https://www.pkulaw.com/pfnl/c05aeed05a57db0a2610b937b7bf1235a1b342ebadf
1436,司法案例,逊克翱龙无人机科技有限公司、杨兴武劳务合同纠纷二审民事判决书,,FBMCLI.C.304973713,,民事判决书,逊克翱龙无人机科技有限公司、杨兴武劳务合同纠纷,司法案例,https://www.pkulaw.com/pfnl/c05aeed05a57db0a551d70e313375b7600116b4b6d
1437,司法案例,逊克翱龙无人机科技有限公司、梁伟劳务合同纠纷二审民事判决书,,FBMCLI.C.304973704,,民事判决书,逊克翱龙无人机科技有限公司、梁伟劳务合同纠纷,司法案例,https://www.pkulaw.com/pfnl/c05aeed05a57db0a7ea733ec18d15009eeab69d318
1438,司法案例,邱会宁与汉来无人机学院（深圳）有限公司著作权权属、侵权纠纷一审民事裁定书,,FBMCLI.C.409762008,,民事裁定书,邱会宁与汉来无人机学院（深圳）有限公司著作权权属、侵权纠纷,司法案例,https://www.pkulaw.com/pfnl/95b2ca8d4055fce1e100db45494757e99def90b5d30
1439,司法案例,邹俭利、山东东行无人机有限公司买卖合同纠纷执行实施类执行裁定书,,FBMCLI.C.99224557,,执行裁定书,邹俭利、山东东行无人机有限公司买卖合同纠纷执行实施类,司法案例,https://www.pkulaw.com/pfnl/a6bdb3332ec0adc439e1c02e96ab16c87f737468785
1440,司法案例,邹俭利与山东东行无人机有限公司合同纠纷一审民事判决书,,FBMCLI.C.84461848,,民事判决书,邹俭利与山东东行无人机有限公司合同纠纷,司法案例,https://www.pkulaw.com/pfnl/a6bdb3332ec0adc4cf878bbcaf6e65c147af2a483c76
1441,司法案例,邹某某与青岛某某无人机科技有限公司、夏某某服务合同纠纷一审民事裁定书,,FBMCLI.C.54850823,,民事裁定书,邹某某与青岛某某无人机科技有限公司、夏某某服务合同纠纷,司法案例,https://www.pkulaw.com/pfnl/a25051f3312b07f3f2b0fdb937f8d6ba901141b9b09d
1442,司法案例,郏一博;杜才中;商丘豫商睢飞无人机科技腾讯公司上蔡县分公司教育培训合同纠纷一审民事裁定书,,FBMCLI.C.576572777,,民事裁定书,商丘豫商睢飞无人机科技腾讯公司上蔡县分公司教育培训合同纠纷 | 涉诉企业:郏一博,司法案例,https://www.pkulaw.com/pfnl/c7ed112b8012f8167bf725db799dc963bd01d8bab3d
1443,司法案例,郑岩与南阳天之鹰无人机科技有限公司、王佑科买卖合同纠纷一审民事裁定书,,FBMCLI.C.86575599,,民事裁定书,郑岩与南阳天之鹰无人机科技有限公司、王佑科买卖合同纠纷,司法案例,https://www.pkulaw.com/pfnl/a6bdb3332ec0adc4844b0894cfccbfdeebcb4264df95
1444,司法案例,郝传龙与密山市鸿诚无人机销售中心买卖合同纠纷上诉案,,FBMCLI.C.502762239,,,郝传龙与密山市鸿诚无人机销售中心买卖合同纠纷上诉案,司法案例,https://www.pkulaw.com/pfnl/08df102e7c10f20611a33f857853c142fc8ca3a15677
1445,司法案例,"重庆兰某无人机技术有限公司与李某,王某委托合同纠纷执行裁定书",,FBMCLI.C.550201404,,执行裁定书,"重庆兰某无人机技术有限公司与李某,王某委托合同纠纷",司法案例,https://www.pkulaw.com/pfnl/08df102e7c10f2063a7dd651c3736c00d5e0f0df1d26
1446,司法案例,重庆某无人机科技有限公司与某航空科技有限公司买卖合同纠纷一审民事裁定书,,FBMCLI.C.560570505,,民事裁定书,重庆某无人机科技有限公司与某航空科技有限公司买卖合同纠纷,司法案例,https://www.pkulaw.com/pfnl/08df102e7c10f206abe568ffa3593f94d24cf8146f260f
1447,司法案例,重庆某某无人机技术有限公司与李某，王某委托合同纠纷执行裁定书,,FBMCLI.C.556323141,,执行裁定书,重庆某某无人机技术有限公司与李某，王某委托合同纠纷,司法案例,https://www.pkulaw.com/pfnl/08df102e7c10f2065d1b931bb9f4ae5609f0b2b46e38
1448,司法案例,钱可峰与洛克希德（武汉）无人机科学研究院有限公司劳动争议执行裁定书,,FBMCLI.C.62422219,,执行裁定书,钱可峰与洛克希德（武汉）无人机科学研究院有限公司劳动争议,司法案例,https://www.pkulaw.com/pfnl/a25051f3312b07f38d0d8ad2324c00f8a6784ecf8754
1449,司法案例,长沙无源定位工程技术研究院与湖南中斯航迹无人机科技有限公司等民间借贷纠纷民事裁定书,,FBMCLI.C.102863735,,民事裁定书,长沙无源定位工程技术研究院与湖南中斯航迹无人机科技有限公司等民间借贷纠纷,司法案例,https://www.pkulaw.com/pfnl/a6bdb3332ec0adc43d482aae8890a90cf6bcf71a588
1450,司法案例,长甲无人机科技（上海）有限公司与重庆麦高广告有限公司服务合同纠纷一审民事裁定书,,FBMCLI.C.503292875,,民事裁定书,长甲无人机科技（上海）有限公司与重庆麦高广告有限公司服务合同纠纷,司法案例,https://www.pkulaw.com/pfnl/08df102e7c10f20608c069713bce3de57ea5c59af7e5
1451,司法案例,长甲无人机科技（上海）有限公司与重庆麦高广告有限公司服务合同纠纷一审民事裁定书,,FBMCLI.C.503295587,,民事裁定书,长甲无人机科技（上海）有限公司与重庆麦高广告有限公司服务合同纠纷,司法案例,https://www.pkulaw.com/pfnl/08df102e7c10f206afa78a5699f4cc80cd800f8d2af10
1452,司法案例,长甲无人机科技（上海）有限公司与重庆麦高广告有限公司服务合同纠纷一审民事裁定书,,FBMCLI.C.503297466,,民事裁定书,长甲无人机科技（上海）有限公司与重庆麦高广告有限公司服务合同纠纷,司法案例,https://www.pkulaw.com/pfnl/08df102e7c10f206b730f8201daf64bcece5f4d147ae1
1453,司法案例,陀荣鑫、深圳智航无人机有限公司劳动争议执行实施类执行裁定书,,FBMCLI.C.120763842,,执行裁定书,陀荣鑫、深圳智航无人机有限公司劳动争议执行实施类,司法案例,https://www.pkulaw.com/pfnl/a6bdb3332ec0adc44d2e595c092fe6ec5bda99bf6da
1454,司法案例,陈伟珍、北航富羽无人机（深圳）有限公司劳动争议首次执行执行裁定书,,FBMCLI.C.501237721,,执行裁定书,陈伟珍、北航富羽无人机（深圳）有限公司劳动争议首次执行,司法案例,https://www.pkulaw.com/pfnl/08df102e7c10f2069d9b75b3a4daa8eb6d33a0b85ab
1455,司法案例,陈振宇、深圳中科大智航空技术有限公司、深圳华越无人机技术有限公司其他案由执行实施类执行裁定书,,FBMCLI.C.72903954,,执行裁定书,陈振宇、深圳中科大智航空技术有限公司、深圳华越无人机技术有限公司其他案由执行实施类,司法案例,https://www.pkulaw.com/pfnl/a6bdb3332ec0adc4c1b4651d5c19167b549435f6860
1456,司法案例,陈文敏与广东澄星无人机股份有限公司、陈加华民间借贷纠纷一审民事判决书,,FBMCLI.C.86548799,,民事判决书,陈文敏与广东澄星无人机股份有限公司、陈加华民间借贷纠纷,司法案例,https://www.pkulaw.com/pfnl/a6bdb3332ec0adc4a445aaf8c6a4bd40c8eb5d78c4c
1457,司法案例,陈明非与辽宁大壮无人机科技有限公司追索劳动报酬纠纷二审裁定书,,FBMCLI.C.502923320,,,陈明非与辽宁大壮无人机科技有限公司追索劳动报酬纠纷二审裁定书,司法案例,https://www.pkulaw.com/pfnl/08df102e7c10f2066d1dcd8663a67b44b2ec9161530
1458,司法案例,陈某与圆圆公司网络购物合同纠纷案——无人机撞树枝丢失商家要赔吗， 法院：未遵守飞行安全指引 物损符合免责声明条款,,FBMCLI.C.545823012,,,陈某与圆圆公司网络购物合同纠纷案——无人机撞树枝丢失商家要赔吗， 法院：未遵守飞行安全指引 物损符合免责声明条款,司法案例,https://www.pkulaw.com/pfnl/08df102e7c10f206f1d2b019be3c192d756b55be271
1459,司法案例,陈海丹与广东澄星无人机股份有限公司买卖合同纠纷一审民事判决书,,FBMCLI.C.74316647,,民事判决书,陈海丹与广东澄星无人机股份有限公司买卖合同纠纷,司法案例,https://www.pkulaw.com/pfnl/a6bdb3332ec0adc4c0118c7d1263b231fa2d0b591c5
1460,司法案例,陈申与洛克希勒（武汉）无人机科学研究院有限公司劳动争议执行裁定书,,FBMCLI.C.61217663,,执行裁定书,陈申与洛克希勒（武汉）无人机科学研究院有限公司劳动争议,司法案例,https://www.pkulaw.com/pfnl/a25051f3312b07f3e34380868c253d394146bfaefcd5
1461,司法案例,陈荣荣与洛克希德（武汉）无人机科学研究院有限公司租赁合同纠纷执行裁定书,,FBMCLI.C.62726026,,执行裁定书,陈荣荣与洛克希德（武汉）无人机科学研究院有限公司租赁合同纠纷,司法案例,https://www.pkulaw.com/pfnl/a25051f3312b07f318e934d828d65c7269c24439e84
1462,司法案例,陈辉晶、深圳智航无人机有限公司劳动争议执行实施类执行裁定书,,FBMCLI.C.92533595,,执行裁定书,陈辉晶、深圳智航无人机有限公司劳动争议执行实施类,司法案例,https://www.pkulaw.com/pfnl/a6bdb3332ec0adc4e522ab22af70b043518640d48d3
1463,司法案例,陈魁、四川天宇智航无人机科技有限公司劳动争议执行实施类执行裁定书,,FBMCLI.C.319874644,,执行裁定书,陈魁、四川天宇智航无人机科技有限公司劳动争议执行实施类,司法案例,https://www.pkulaw.com/pfnl/c05aeed05a57db0abd383bfc07cf115b760b0eb19f39
1464,司法案例,陈魁、四川天宇智航无人机科技有限公司劳动争议首次执行执行裁定书,,FBMCLI.C.408072271,,执行裁定书,陈魁、四川天宇智航无人机科技有限公司劳动争议首次执行,司法案例,https://www.pkulaw.com/pfnl/95b2ca8d4055fce1bd9fb0e5bc19de895d74bd7c5cae
1465,司法案例,陕西某某安全科技有限公司;庆阳市某某某无人机科技服务有限公司服务合同纠纷一审民事判决书,,FBMCLI.C.576594535,,民事判决书,庆阳市某某某无人机科技服务有限公司服务合同纠纷 | 涉诉企业:陕西某某安全科技有限公司,司法案例,https://www.pkulaw.com/pfnl/c7ed112b8012f816c4690aee813613b17c25e15d9bf
1466,司法案例,陕西省高级人民法院发布10件服务保障新质生产力发展典型案例之二：中某飞机公司诉西安某电子科技公司侵害计算机软件著作权纠...,,FBMCLI.C.576200134,,,陕西省高级人民法院发布10件服务保障新质生产力发展典型案例之二：中某飞机公司诉西安某电子科技公司侵害计算机软件著作权纠...,司法案例,https://www.pkulaw.com/pfnl/c7ed112b8012f816b03f614deff55c7be25f14e43e3d
1467,司法案例,雷莫电子（上海）有限公司与北京韦加无人机科技股份有限公司买卖合同纠纷民事裁定书,,FBMCLI.C.78195323,,民事裁定书,雷莫电子（上海）有限公司与北京韦加无人机科技股份有限公司买卖合同纠纷,司法案例,https://www.pkulaw.com/pfnl/a6bdb3332ec0adc4c45a95aa86bb3b2f18bca182030
1468,司法案例,雷莫电子（上海）有限公司与北京韦加无人机科技股份有限公司买卖合同纠纷民事调解书,,FBMCLI.C.78144748,,民事调解书,雷莫电子（上海）有限公司与北京韦加无人机科技股份有限公司买卖合同纠纷,司法案例,https://www.pkulaw.com/pfnl/a6bdb3332ec0adc47be9f0ffc932141b9f47b91a3ad1
1469,司法案例,霍城县金裕农种植专业合作社与新疆猎鹰无人机科技有限公司合同、无因管理、不当得利执行实施类执行裁定书,,FBMCLI.C.87522145,,执行裁定书,霍城县金裕农种植专业合作社与新疆猎鹰无人机科技有限公司合同、无因管理、不当得利执行实施类,司法案例,https://www.pkulaw.com/pfnl/a6bdb3332ec0adc4dd4d7e33efeb301ee5bb85b0ece
1470,司法案例,青岛宏远志际无人机科技有限公司;孙凤超;李天宇;闫晓梅;袁珍珍劳动争议执行实施执行裁定书,,FBMCLI.C.569758942,,执行裁定书,袁珍珍劳动争议执行实施 | 涉诉企业:青岛宏远志际无人机科技有限公司,司法案例,https://www.pkulaw.com/pfnl/c7ed112b8012f8162b97581975b53eedcaca24c5f8e
1471,司法案例,青海云天无人机科技有限公司与文秀兰房屋租赁合同纠纷一审民事裁定书,,FBMCLI.C.312981150,,民事裁定书,青海云天无人机科技有限公司与文秀兰房屋租赁合同纠纷,司法案例,https://www.pkulaw.com/pfnl/c05aeed05a57db0a150e2c1eec76c982d64354b81af
1472,司法案例,青海超脑信息科技有限公司诉武汉智能鸟无人机有限公司买卖合同纠纷案,,FBMCLI.C.51796769,,,青海超脑信息科技有限公司诉武汉智能鸟无人机有限公司买卖合同纠纷案,司法案例,https://www.pkulaw.com/pfnl/a25051f3312b07f35f62db65363fbdd18f95a230cd71
1473,司法案例,青海超脑信息科技有限责任公司与武汉智能鸟无人机有限公司一般买卖合同纠纷一审民事裁定书,,FBMCLI.C.60226459,,民事裁定书,青海超脑信息科技有限责任公司与武汉智能鸟无人机有限公司一般买卖合同纠纷,司法案例,https://www.pkulaw.com/pfnl/a25051f3312b07f3e76092c3e9d14906ec9b25cc728
1474,司法案例,韩国飞;淄博飞控智循无人机科技有限公司修理合同纠纷一审民事判决书,,FBMCLI.C.573797593,,民事判决书,淄博飞控智循无人机科技有限公司修理合同纠纷 | 涉诉企业:韩国飞,司法案例,https://www.pkulaw.com/pfnl/c7ed112b8012f816c3dab86061ca9ff3d93c920c1a12
1475,司法案例,首欣（北京）科技有限公司与北京韦加无人机科技股份有限公司买卖合同纠纷二审民事判决书,,FBMCLI.C.89287796,,民事判决书,首欣（北京）科技有限公司与北京韦加无人机科技股份有限公司买卖合同纠纷,司法案例,https://www.pkulaw.com/pfnl/a6bdb3332ec0adc415927e941cd5fb4aaa732c0cd3fa
1476,司法案例,马宇航、西安通飞无人机服务有限公司劳动争议首次执行执行通知书,,FBMCLI.C.430214943,,通知书,马宇航、西安通飞无人机服务有限公司劳动争议首次执行执行,司法案例,https://www.pkulaw.com/pfnl/95b2ca8d4055fce123148cc7fb5a4d4f699c2e03213e
1477,司法案例,马立旗、湖北小黄鸟无人机科技有限公司劳务合同纠纷执行实施类执行裁定书,,FBMCLI.C.101521307,,执行裁定书,马立旗、湖北小黄鸟无人机科技有限公司劳务合同纠纷执行实施类,司法案例,https://www.pkulaw.com/pfnl/a6bdb3332ec0adc41e3e300069e7f7a9bf9f0e315eac
1478,司法案例,马立旗与湖北小黄鸟无人机科技有限公司劳务合同纠纷一审民事判决书,,FBMCLI.C.76779003,,民事判决书,马立旗与湖北小黄鸟无人机科技有限公司劳务合同纠纷,司法案例,https://www.pkulaw.com/pfnl/a6bdb3332ec0adc4d5e732aeaa7f2e7de66bf56cc9ad
1479,司法案例,高某、刘某提供侵入计算机信息系统程序案——提供破解无人机限制服务 法院：构成提供侵入计算机信息系统程序罪,,FBMCLI.C.545541514,,,高某、刘某提供侵入计算机信息系统程序案——提供破解无人机限制服务 法院：构成提供侵入计算机信息系统程序罪,司法案例,https://www.pkulaw.com/pfnl/08df102e7c10f2061527c45e968b6471b46a4cbec8c
1480,司法案例,高某等提供侵入、非法控制计算机信息系统程序、工具案——涉民用无人机类犯罪案件的风险防控及裁判规则,,FBMCLI.C.565916023,,,高某等提供侵入、非法控制计算机信息系统程序、工具案——涉民用无人机类犯罪案件的风险防控及裁判规则,司法案例,https://www.pkulaw.com/pfnl/c7ed112b8012f816abc43b33fdbb1764aa376da315f8
1481,司法案例,黄凌霄与德奥无人机运营服务有限公司劳动争议执行裁定书,,FBMCLI.C.92979052,,执行裁定书,黄凌霄与德奥无人机运营服务有限公司劳动争议,司法案例,https://www.pkulaw.com/pfnl/a6bdb3332ec0adc4fd0e521285b7357ad1036cd0d49
1482,司法案例,"黄添诚与曾艳,程锁,深圳市飞客无人机科技有限公司合同纠纷一审民事调解书",,FBMCLI.C.108127847,,民事调解书,"黄添诚与曾艳,程锁,深圳市飞客无人机科技有限公司合同纠纷",司法案例,https://www.pkulaw.com/pfnl/a6bdb3332ec0adc4f7ca92d8c0ae4dd047d16416855
1483,司法案例,黄茶花与新疆辽飞无人机科技有限公司劳动争议仲裁裁决案执行裁定书,,FBMCLI.C.121070648,,执行裁定书,黄茶花与新疆辽飞无人机科技有限公司劳动争议仲裁裁决案,司法案例,https://www.pkulaw.com/pfnl/a6bdb3332ec0adc4ca1188f4925ee46556ebeffca742
1484,司法案例,"黄赛,蒙城县庄子进出口贸易有限公司,蒙城县黄赛无人机有限公司,广东黄赛航空科技有限公司执行实施类执行通知书",,FBMCLI.C.314403770,,通知书,"黄赛,蒙城县庄子进出口贸易有限公司,蒙城县黄赛无人机有限公司,广东黄赛航空科技有限公司执行实施类执行",司法案例,https://www.pkulaw.com/pfnl/c05aeed05a57db0aa95b417c16cca8e4c563c0b50b0
1485,司法案例,"黄赛,蒙城县庄子进出口贸易有限公司,蒙城县黄赛无人机有限公司,广州黄赛航空科技有限公司执行实施类执行通知书",,FBMCLI.C.311377205,,通知书,"黄赛,蒙城县庄子进出口贸易有限公司,蒙城县黄赛无人机有限公司,广州黄赛航空科技有限公司执行实施类执行",司法案例,https://www.pkulaw.com/pfnl/c05aeed05a57db0a6b76ba955f7d502a6f0d05bd681
1486,司法案例,"黄赛,蒙城县庄子进出口贸易有限公司,蒙城县黄赛无人机有限公司,广州黄赛航空科技有限公司执行实施类执行通知书",,FBMCLI.C.314400162,,通知书,"黄赛,蒙城县庄子进出口贸易有限公司,蒙城县黄赛无人机有限公司,广州黄赛航空科技有限公司执行实施类执行",司法案例,https://www.pkulaw.com/pfnl/c05aeed05a57db0a66d4bee55adf2bc7501ef7a4187
1487,司法案例,黄邦杰;青岛骁龙无人机科技有限公司买卖合同纠纷一审民事裁定书,,FBMCLI.C.569196666,,民事裁定书,青岛骁龙无人机科技有限公司买卖合同纠纷 | 涉诉企业:黄邦杰,司法案例,https://www.pkulaw.com/pfnl/c7ed112b8012f81667fd4b85c626d913ffb8dd4fd5a8
1488,司法案例,黎华英与桂林精纳无人机科技有限公司劳动争议一审民事判决书,,FBMCLI.C.314312509,,民事判决书,黎华英与桂林精纳无人机科技有限公司劳动争议,司法案例,https://www.pkulaw.com/pfnl/c05aeed05a57db0abbbadaf85f6f5b67db14f7fbde62f
1489,司法案例,黎文斌、全球鹰（深圳）无人机有限公司劳动争议执行实施类执行裁定书,,FBMCLI.C.307978165,,执行裁定书,黎文斌、全球鹰（深圳）无人机有限公司劳动争议执行实施类,司法案例,https://www.pkulaw.com/pfnl/c05aeed05a57db0a350d377cf3ee1915a5bfc354443
1490,司法案例,黎文斌与全球鹰（深圳）无人机有限公司服务合同纠纷一审查封、冻结、扣押财产通知书,,FBMCLI.C.115784588,,通知书,黎文斌与全球鹰（深圳）无人机有限公司服务合同纠纷一审查封、冻结、扣押财产,司法案例,https://www.pkulaw.com/pfnl/a6bdb3332ec0adc406a3b307a3bad7865d8af9ae9cd
1491,司法案例,黎某斌与某鹰（深圳）无人机有限公司劳动合同纠纷一审民事判决书,,FBMCLI.C.105194039,,民事判决书,黎某斌与某鹰（深圳）无人机有限公司劳动合同纠纷,司法案例,https://www.pkulaw.com/pfnl/a6bdb3332ec0adc4ae5ce32e20cdc00a0fdffaec78e2
1492,司法案例,黎某某与ｘｘ（深圳）无人机有限公司服务合同纠纷一审民事裁定书,,FBMCLI.C.115721470,,民事裁定书,黎某某与ｘｘ（深圳）无人机有限公司服务合同纠纷,司法案例,https://www.pkulaw.com/pfnl/a6bdb3332ec0adc4ef3e88957deeb6d49cedff507841
1493,司法案例,黑龙江慈航农用无人机科技有限公司、杨威申请撤销仲裁裁决特别程序民事裁定书,,FBMCLI.C.311494642,,民事裁定书,黑龙江慈航农用无人机科技有限公司、杨威申请撤销仲裁裁决特别程序,司法案例,https://www.pkulaw.com/pfnl/c05aeed05a57db0a148c00098e5de0b0b7dd953809
1494,司法案例,黑龙江慈航农用无人机科技有限公司、虎林市德盛农机有限公司合同纠纷民事二审民事判决书,,FBMCLI.C.410486864,,民事判决书,黑龙江慈航农用无人机科技有限公司、虎林市德盛农机有限公司合同纠纷民事,司法案例,https://www.pkulaw.com/pfnl/95b2ca8d4055fce17bc3a2726d7226248ace8761097
1495,司法案例,黑龙江慈航农用无人机科技有限公司、那忠斌劳动争议首次执行执行通知书,,FBMCLI.C.405242768,,通知书,黑龙江慈航农用无人机科技有限公司、那忠斌劳动争议首次执行执行,司法案例,https://www.pkulaw.com/pfnl/95b2ca8d4055fce137076d75b404d2d9cb5e44d4206
1496,司法案例,黑龙江慈航农用无人机科技有限公司、那忠斌申请撤销仲裁裁决特别程序民事裁定书,,FBMCLI.C.311494676,,民事裁定书,黑龙江慈航农用无人机科技有限公司、那忠斌申请撤销仲裁裁决特别程序,司法案例,https://www.pkulaw.com/pfnl/c05aeed05a57db0a7af8aeb4369df89e962c4f205658
1497,司法案例,黑龙江省坤升市政工程有限公司萝北分公司;桦川县瑞飞无人机销售店租赁合同纠纷一审民事裁定书,,FBMCLI.C.575595316,,民事裁定书,桦川县瑞飞无人机销售店租赁合同纠纷 | 涉诉企业:黑龙江省坤升市政工程有限公司萝北分公司,司法案例,https://www.pkulaw.com/pfnl/c7ed112b8012f816969ad49d2d2a57e97c1a216bf27
1498,司法案例,黑龙江省牡丹江农垦龙辰植保无人机销售有限公司、孙凯申请支付令申请支付令审查民事令,,FBMCLI.C.419042631,,,黑龙江省牡丹江农垦龙辰植保无人机销售有限公司、孙凯申请支付令申请支付令审查民事令,司法案例,https://www.pkulaw.com/pfnl/95b2ca8d4055fce16cb8aba8ea452d3a504d97c5581
1499,司法案例,齐维维与辽宁大壮无人机科技有限公司劳动争议一审民事裁定书,,FBMCLI.C.503978555,,民事裁定书,齐维维与辽宁大壮无人机科技有限公司劳动争议,司法案例,https://www.pkulaw.com/pfnl/08df102e7c10f206e38cead1156eab8ffba0e9d73fe30
